collision-id,report-number,report-version,is-preliminary,ncic-code,crash-date-time,crash-time-description,beat,city-id,city-code,city-name,county-code,city-is-active,city-is-incorporated,collision-type-code,collision-type-description,collision-type-other-desc,day-of-week,dispatch-notified,has-photographs,hit-run,is-attachments-mailed,is-deleted,is-highway-related,is-tow-away,judicial-district,motor-vehicle-involved-with-code,motor-vehicle-involved-with-desc,motor-vehicle-involved-with-other-desc,number-injured,number-killed,weather-1,weather-2,road-condition-1,road-condition-2,special-condition-lighting-code,lighting-description,latitude,longitude,milepost-direction,milepost-distance,milepost-marker,milepost-unit-of-measure,pedestrian-action-code,pedestrian-action-desc,prepared-date,primary-collision-factor-code,primary-collision-factor-violation,primary-collision-factor-is-cited,primary-collision-party-number,primary-road,reporting-district,reporting-district-code,reviewed-date,roadway-surface-code,secondary-direction,secondary-distance,secondary-road,secondary-unit-of-measure,sketch-desc,traffic-control-device-code,created-date,modified-date,is-county-road,is-freeway,chp-555-version,is-additonal-object-struck,notification-date,notification-time-description,has-digital-media-files,evidence-number,is-location-refer-to-narrative,is-aoi-one-same-as-location
2032792,9370-2023-00938,1,False,9370,3/26/2023 5:15:00 PM,1715,176,14,109,Oakland,1,True,True,C,REAR END,,Sunday,NotApplicable,False,,,False,True,True,ALAMEDA SUPERIOR COURT WILEY W. MANUEL COURTHOUSE,C,OTHER MOTOR VEHICLE,,0,0,CLEAR,,NO UNUSUAL CONDITIONS,,A,DAYLIGHT,37.748492,-122.203524,,,,,A,NO PEDESTRIANS INVOLVED,3/26/2023 5:15:00 PM,A,VC 22350,False,1,I-880 S/B,,,3/30/2023 12:16:57 PM,A,N,3500.0,HEGENBERGER RD,F,,D,3/30/2023 12:18:20 PM,3/30/2023 12:18:20 PM,False,True,4,,3/26/2023 5:16:00 PM,1716,False,,,True
2032784,9370-2023-00934,1,False,9370,3/25/2023 2:35:00 PM,1435,098,14,109,Oakland,1,True,True,C,REAR END,,Saturday,NotApplicable,False,,,False,True,False,ALAMEDA SUPERIOR COURT WILEY W. MANUEL COURTHOUSE,C,OTHER MOTOR VEHICLE,,0,0,CLEAR,,NO UNUSUAL CONDITIONS,,A,DAYLIGHT,37.800085,-122.279121,,,,,A,NO PEDESTRIANS INVOLVED,3/25/2023 2:35:00 PM,A,VC 22350,False,1,I-980 WB TO I-880 SB,,,3/30/2023 12:09:02 PM,A,W,1835.0,11TH ST,F,,D,3/30/2023 12:10:34 PM,3/30/2023 12:10:34 PM,False,True,4,,3/25/2023 2:45:00 PM,1445,False,,,True
2032778,9370-2023-00933,1,False,9370,3/25/2023 1:55:00 PM,1355,098,14,109,Oakland,1,True,True,B,SIDE SWIPE,,Saturday,NotApplicable,False,,,False,True,False,ALAMEDA SUPERIOR COURT WILEY W. MANUEL COURTHOUSE,C,OTHER MOTOR VEHICLE,,0,0,CLEAR,,NO UNUSUAL CONDITIONS,,A,DAYLIGHT,37.808956,-122.277209,,,,,A,NO PEDESTRIANS INVOLVED,3/25/2023 1:55:00 PM,A,VC 21658(A),False,,I-980 W/B FROM 17TH ST,,,3/30/2023 12:05:18 PM,A,W,50.0,17TH ST,F,,D,3/30/2023 12:05:24 PM,3/30/2023 12:05:24 PM,False,True,4,,3/25/2023 2:10:00 PM,1410,False,,,True
2032771,9370-2023-00755,1,False,9370,3/10/2023 11:30:00 PM,2330,178,14,109,Oakland,1,True,True,B,SIDE SWIPE,,Friday,Yes,False,,,False,True,True,ALAMEDA SUPERIOR COURT WILEY W. MANUEL COURTHOUSE,C,OTHER MOTOR VEHICLE,,1,0,CLEAR,,NO UNUSUAL CONDITIONS,,D,DARK-NO STREET LIGHTS,37.805708,-122.303665,,,,,A,NO PEDESTRIANS INVOLVED,3/10/2023 11:30:00 PM,A,VC 21658(A),False,1,I-880 N/B,,,3/30/2023 11:55:49 AM,A,S,300.0,7TH STREET,F,,D,3/30/2023 11:55:52 AM,3/30/2023 11:55:52 AM,False,True,4,,3/10/2023 11:35:00 PM,2335,False,,,False
2032614,9370-2023-00741,1,False,9370,3/10/2023 1:45:00 AM,145,023,14,109,Oakland,1,True,True,E,HIT OBJECT,,Friday,Yes,False,,,False,True,True,ALAMEDA SUPERIOR COURT WILEY W. MANUEL COURTHOUSE,I,FIXED OBJECT,RAISED CONCRETE CURB,0,0,CLOUDY,,NO UNUSUAL CONDITIONS,,C,DARK-STREET LIGHTS,37.855001,-122.217954,,,,,A,NO PEDESTRIANS INVOLVED,3/10/2023 1:45:00 AM,A,VC 23152(a),True,1,SR-24 WB,,,3/30/2023 9:48:24 AM,B,E,100.0,WEST EDGE OF THE CALDECOTT TUNNEL INSIDE BORE #3,F,,D,3/30/2023 9:48:29 AM,3/30/2023 9:48:29 AM,False,True,4,True,3/10/2023 1:48:00 AM,148,False,,True,False
2032552,9370-2023-00670,1,False,9370,3/4/2023 1:50:00 AM,150,055,14,109,Oakland,1,True,True,E,HIT OBJECT,,Saturday,Yes,False,,,False,True,False,ALAMEDA SUPERIOR COURT WILEY W. MANUEL COURTHOUSE,I,FIXED OBJECT,METAL GUARD RAIL,1,0,CLEAR,,NO UNUSUAL CONDITIONS,,D,DARK-NO STREET LIGHTS,37.826611,-122.267045,,,,,A,NO PEDESTRIANS INVOLVED,3/4/2023 1:50:00 AM,A,VC 23152(a),True,1,I-580 W/B TO SR-24 E/B,,,3/30/2023 9:02:55 AM,A,E,20.0,TELEGRAPH AVE,F,,D,3/30/2023 9:02:57 AM,3/30/2023 9:02:57 AM,False,True,4,,3/4/2023 1:55:00 AM,155,False,,True,
2032413,9370-2023-00886,1,False,9370,3/21/2023 8:45:00 PM,2045,098,14,109,Oakland,1,True,True,E,HIT OBJECT,,Tuesday,NotApplicable,False,,,False,True,True,ALAMEDA SUPERIOR COURT WILEY W. MANUEL COURTHOUSE,I,FIXED OBJECT,CONCRETE BARRIER,0,0,RAINING,,NO UNUSUAL CONDITIONS,,C,DARK-STREET LIGHTS,37.811736,-122.27394,,,,,A,NO PEDESTRIANS INVOLVED,3/21/2023 8:45:00 PM,A,VC 22107,False,1,I-980 E/B,,,3/30/2023 7:20:41 AM,B,W,50.0,SAN PABLO AVENUE,F,,D,3/30/2023 7:20:43 AM,3/30/2023 7:20:43 AM,False,True,4,,3/21/2023 8:50:00 PM,2050,False,,,True
2032391,9370-2023-00925,1,False,9370,3/19/2023 9:00:00 AM,900,025,14,109,Oakland,1,True,True,E,HIT OBJECT,,Sunday,Yes,False,,,False,True,True,ALAMEDA SUPERIOR COURT WILEY W. MANUEL COURTHOUSE,I,FIXED OBJECT,RAISED CONCRETE CURB,0,0,CLOUDY,RAINING,NO UNUSUAL CONDITIONS,,A,DAYLIGHT,37.831484,-122.265797,,,,,A,NO PEDESTRIANS INVOLVED,3/19/2023 9:00:00 AM,A,VC 23152(A),True,1,SR-24 EASTBOUND TO 51ST STREET,,,3/30/2023 7:04:42 AM,B,W,640.0,45TH STREET,F,,D,3/30/2023 7:04:44 AM,3/30/2023 7:04:44 AM,False,True,4,,3/19/2023 9:35:00 AM,935,False,,,True
2032332,9370-2023-00598,1,False,9370,2/22/2023 9:45:00 AM,945,178,14,109,Oakland,1,True,True,C,REAR END,,Wednesday,NotApplicable,False,,,False,True,False,ALAMEDA SUPERIOR COURT WILEY W. MANUEL COURTHOUSE,C,OTHER MOTOR VEHICLE,,0,0,CLEAR,,NO UNUSUAL CONDITIONS,,A,DAYLIGHT,37.824298,-122.303546,,,,,A,NO PEDESTRIANS INVOLVED,2/22/2023 9:45:00 AM,A,VC 22350,False,1,I-880 N/B,,,3/30/2023 5:53:12 AM,A,S,1120.0,WEST GRAND AVE,F,,D,3/30/2023 5:53:15 AM,3/30/2023 5:53:15 AM,False,True,4,,2/22/2023 9:50:00 AM,950,False,,,True
2031924,9370-2023-00641,1,False,9370,3/1/2023 9:28:00 PM,2128,176,14,109,Oakland,1,True,True,C,REAR END,,Wednesday,NotApplicable,False,,,False,True,False,ALAMEDA SUPERIOR COURT WILEY W. MANUEL COURTHOUSE,C,OTHER MOTOR VEHICLE,,1,0,CLEAR,,NO UNUSUAL CONDITIONS,,C,DARK-STREET LIGHTS,37.774819,-122.232705,,,,,A,NO PEDESTRIANS INVOLVED,3/1/2023 9:28:00 PM,A,VC 23152(a),True,1,I-880 N/B,,,3/29/2023 1:52:24 PM,A,S,410.0,29TH AVE,F,,D,3/29/2023 1:52:28 PM,3/29/2023 1:52:28 PM,False,True,4,,3/1/2023 9:30:00 PM,2130,False,,,
2031867,9370-2023-00874,1,False,9370,3/20/2023 5:30:00 AM,530,053,14,109,Oakland,1,True,True,E,HIT OBJECT,,Monday,NotApplicable,False,,,False,True,True,ALAMEDA SUPERIOR COURT WILEY W. MANUEL COURTHOUSE,I,FIXED OBJECT,GUARD RAIL,0,0,CLOUDY,,NO UNUSUAL CONDITIONS,,C,DARK-STREET LIGHTS,37.78471,-122.189582,,,,,A,NO PEDESTRIANS INVOLVED,3/20/2023 5:30:00 AM,A,VC 22350,False,1,I-580 W/B,,,3/29/2023 12:51:43 PM,B,W,300.0,MACARTHUR BLVD,F,,D,3/29/2023 12:51:44 PM,3/29/2023 12:51:44 PM,False,True,4,,3/20/2023 5:45:00 AM,545,False,,,True
2031863,9370-2023-00878,1,False,9370,3/21/2023 7:50:00 AM,750,055,14,109,Oakland,1,True,True,C,REAR END,,Tuesday,NotApplicable,False,,,False,True,False,ALAMEDA SUPERIOR COURT WILEY W. MANUEL COURTHOUSE,C,OTHER MOTOR VEHICLE,,0,0,RAINING,,NO UNUSUAL CONDITIONS,,A,DAYLIGHT,37.827008,-122.285602,,,,,A,NO PEDESTRIANS INVOLVED,3/21/2023 7:50:00 AM,A,VC 22350,False,1,I-580 W/B,,,3/29/2023 12:49:14 PM,B,W,310.0,HOLLIS ST,F,,D,3/29/2023 12:49:17 PM,3/29/2023 12:49:17 PM,False,True,4,,3/21/2023 8:05:00 AM,805,False,,,True
2030865,9370-2023-00842,1,False,9370,3/16/2023 4:47:00 PM,1647,053,14,109,Oakland,1,True,True,B,SIDE SWIPE,,Thursday,Yes,False,,,False,True,True,ALAMEDA SUPERIOR COURT WILEY W. MANUEL COURTHOUSE,C,OTHER MOTOR VEHICLE,,0,0,CLEAR,,NO UNUSUAL CONDITIONS,,A,DAYLIGHT,37.801252,-122.229521,,,,,A,NO PEDESTRIANS INVOLVED,3/16/2023 4:47:00 PM,A,VC 23152(a),True,1,I-580 E/B,,,3/28/2023 1:50:58 PM,A,W,165.0,BEAUMONT AVE,F,,D,3/28/2023 1:53:07 PM,3/28/2023 1:53:07 PM,False,True,4,,3/16/2023 4:50:00 PM,1650,False,,,True
2030820,9370-2023-00898,1,False,9370,3/22/2023 12:10:00 AM,10,054,14,109,Oakland,1,True,True,E,HIT OBJECT,,Wednesday,NotApplicable,False,,,False,True,True,ALAMEDA SUPERIOR COURT WILEY W. MANUEL COURTHOUSE,I,FIXED OBJECT,CONCRETE WALL,0,0,RAINING,,NO UNUSUAL CONDITIONS,,C,DARK-STREET LIGHTS,37.808454,-122.241997,,,,,A,NO PEDESTRIANS INVOLVED,3/22/2023 12:10:00 AM,A,VC 22350,False,1,I-580 W/B,,,3/28/2023 1:33:17 PM,B,E,820.0,LAKESHORE AVE,F,,D,3/28/2023 1:34:27 PM,3/28/2023 1:34:27 PM,False,True,4,,3/22/2023 12:10:00 AM,10,False,,,
2030665,9370-2023-00759,1,False,9370,3/11/2023 1:50:00 PM,1350,055,14,109,Oakland,1,True,True,B,SIDE SWIPE,,Saturday,NotApplicable,False,,,False,True,False,ALAMEDA SUPERIOR COURT WILEY W. MANUEL COURTHOUSE,C,OTHER MOTOR VEHICLE,,0,0,CLOUDY,,NO UNUSUAL CONDITIONS,,A,DAYLIGHT,37.827021,-122.286008,,,,,A,NO PEDESTRIANS INVOLVED,3/11/2023 1:50:00 PM,A,VC 21658(A),False,,I-580 W/B TO I-80 E/B,,,3/28/2023 11:03:14 AM,B,W,400.0,HOLLIS STREET,F,,D,3/28/2023 11:04:34 AM,3/28/2023 11:04:34 AM,False,True,4,,3/11/2023 2:15:00 PM,1415,False,,,True
2030423,9370-2023-00883,1,False,9370,3/18/2023 3:45:00 PM,1545,024,14,109,Oakland,1,True,True,B,SIDE SWIPE,,Saturday,NotApplicable,False,M,,False,True,True,ALAMEDA SUPERIOR COURT WILEY W. MANUEL COURTHOUSE,C,OTHER MOTOR VEHICLE,,0,0,CLEAR,,NO UNUSUAL CONDITIONS,,A,DAYLIGHT,37.856067,-122.215319,,,,,A,NO PEDESTRIANS INVOLVED,3/18/2023 3:45:00 PM,A,VC 21658(A),False,1,SR-24 E/B,,,3/28/2023 8:28:19 AM,A,E,200.0,WEST EDGE OF CALDECOTT TUNNELL BORE #2,F,,D,3/28/2023 8:28:23 AM,3/28/2023 8:28:23 AM,False,True,4,,3/18/2023 3:50:00 PM,1550,False,,,True
2030421,9370-2023-00916,1,False,9370,3/24/2023 10:18:00 AM,1018,008,14,109,Oakland,1,True,True,B,SIDE SWIPE,,Friday,NotApplicable,False,M,,False,True,False,ALAMEDA SUPERIOR COURT WILEY W. MANUEL COURTHOUSE,C,OTHER MOTOR VEHICLE,,0,0,CLEAR,,NO UNUSUAL CONDITIONS,,A,DAYLIGHT,37.827547,-122.296223,,,,,A,NO PEDESTRIANS INVOLVED,3/24/2023 10:18:00 AM,A,VC 21658(a),False,1,I-80 W/B,,,3/28/2023 8:26:37 AM,A,W,790.0,I-80 W/B TO I-880 S/B,F,,D,3/28/2023 8:26:40 AM,3/28/2023 8:26:40 AM,False,True,4,,3/24/2023 10:32:00 AM,1032,False,,,True
2030415,9370-2023-00844,1,False,9370,3/18/2023 5:15:00 PM,1715,055,14,109,Oakland,1,True,True,C,REAR END,,Saturday,NotApplicable,False,,,False,True,False,ALAMEDA SUPERIOR COURT WILEY W. MANUEL COURTHOUSE,C,OTHER MOTOR VEHICLE,,0,0,CLEAR,,NO UNUSUAL CONDITIONS,,A,DAYLIGHT,37.827116,-122.285592,,,,,A,NO PEDESTRIANS INVOLVED,3/18/2023 5:15:00 PM,A,VC 22350,False,1,I-580 W/B,,,3/28/2023 8:18:09 AM,A,W,500.0,HOLLIS ST,F,,D,3/28/2023 8:18:13 AM,3/28/2023 8:18:13 AM,False,True,4,,3/18/2023 5:19:00 PM,1719,False,,,True
2030371,9370-2023-00875,1,False,9370,3/20/2023 4:00:00 PM,1600,055,14,109,Oakland,1,True,True,C,REAR END,,Monday,NotApplicable,False,,,False,True,False,ALAMEDA SUPERIOR COURT WILEY W. MANUEL COURTHOUSE,C,OTHER MOTOR VEHICLE,,0,0,CLEAR,,NO UNUSUAL CONDITIONS,,A,DAYLIGHT,37.826612,-122.277355,,,,,A,NO PEDESTRIANS INVOLVED,3/20/2023 4:00:00 PM,A,VC 22350,False,1,I-580 W/B,,,3/28/2023 7:27:07 AM,A,E,100.0,SAN PABLO AVENUE,M,,D,3/28/2023 7:27:23 AM,3/28/2023 7:27:23 AM,False,True,4,,3/20/2023 4:05:00 PM,1605,False,,,True
2029846,9370-2023-00833,1,False,9370,3/17/2023 8:20:00 PM,2020,055,14,109,Oakland,1,True,True,C,REAR END,,Friday,Yes,False,,,False,True,True,ALAMEDA SUPERIOR COURT WILEY W. MANUEL COURTHOUSE,C,OTHER MOTOR VEHICLE,,3,0,RAINING,,NO UNUSUAL CONDITIONS,,D,DARK-NO STREET LIGHTS,37.810046,-122.247073,,,,,A,NO PEDESTRIANS INVOLVED,3/17/2023 8:20:00 PM,A,VC 22350,False,1,I-580 W/B,,,3/27/2023 3:07:56 PM,B,W,150.0,LAKESHORE AVENUE,F,,D,3/27/2023 3:08:06 PM,3/27/2023 3:08:06 PM,False,True,4,,3/17/2023 8:23:00 PM,2023,False,,,True
2029843,9370-2023-00881,1,False,9370,3/21/2023 4:00:00 PM,1600,013,14,109,Oakland,1,True,True,E,HIT OBJECT,,Tuesday,NotApplicable,False,,,False,True,False,ALAMEDA SUPERIOR COURT WILEY W. MANUEL COURTHOUSE,J,OTHER OBJECT,TREE,0,0,RAINING,WIND,NO UNUSUAL CONDITIONS,,A,DAYLIGHT,37.812372,-122.19951,,,,,A,NO PEDESTRIANS INVOLVED,3/21/2023 4:00:00 PM,C,,,,SR-13 N/B,,,3/27/2023 3:04:45 PM,B,N,880.0,JOAQUIN MILLER RD,F,,D,3/27/2023 3:04:48 PM,3/27/2023 3:04:48 PM,False,True,4,,3/21/2023 4:05:00 PM,1605,False,,,True
2029812,9370-2023-00904,1,False,9370,3/22/2023 11:30:00 AM,1130,025,14,109,Oakland,1,True,True,C,REAR END,,Wednesday,NotApplicable,False,,,False,True,False,ALAMEDA SUPERIOR COURT WILEY W. MANUEL COURTHOUSE,C,OTHER MOTOR VEHICLE,,0,0,CLEAR,,NO UNUSUAL CONDITIONS,,A,DAYLIGHT,37.840739,-122.263167,,,,,A,NO PEDESTRIANS INVOLVED,3/22/2023 11:30:00 AM,A,VC 21658(A),False,1,SR-24 W/B,,,3/27/2023 2:38:17 PM,A,W,495.0,TELEGRAPH AVENUE,F,,D,3/27/2023 2:38:20 PM,3/27/2023 2:38:20 PM,False,True,4,,3/22/2023 11:34:00 AM,1134,False,,,True
2029741,9370-2023-00856,1,False,9370,3/19/2023 5:29:00 AM,529,177,14,109,Oakland,1,True,True,E,HIT OBJECT,CONCRETE MEDIAN,Sunday,Yes,False,,,False,True,True,ALAMEDA SUPERIOR COURT WILEY W. MANUEL COURTHOUSE,I,FIXED OBJECT,CONCRETE MEDIAN,1,0,RAINING,,NO UNUSUAL CONDITIONS,,D,DARK-NO STREET LIGHTS,37.794379,-122.265118,,,,,A,NO PEDESTRIANS INVOLVED,3/19/2023 5:29:00 AM,A,VC 22350,False,1,I-880 S/B,,,3/27/2023 1:50:38 PM,B,S,1550.0,OAK ST,F,,D,3/27/2023 1:50:42 PM,3/27/2023 1:50:42 PM,False,True,4,,3/19/2023 5:34:00 AM,534,False,,,True
2029654,9370-2023-00860,1,False,9370,3/19/2023 2:15:00 PM,1415,177,14,109,Oakland,1,True,True,B,SIDE SWIPE,,Sunday,NotApplicable,False,,,False,True,True,ALAMEDA SUPERIOR COURT WILEY W. MANUEL COURTHOUSE,C,OTHER MOTOR VEHICLE,,0,0,RAINING,,NO UNUSUAL CONDITIONS,,A,DAYLIGHT,37.794864,-122.265914,,,,,A,NO PEDESTRIANS INVOLVED,3/19/2023 2:15:00 PM,A,VC 22350,False,1,I-880 S/B,,,3/27/2023 12:47:48 PM,B,S,205.0,OAK STREET,F,,D,3/27/2023 12:47:50 PM,3/27/2023 12:47:50 PM,False,True,4,,3/19/2023 2:20:00 PM,1420,False,,,True
2029595,9370-2023-00832,1,False,9370,3/17/2023 4:30:00 PM,1630,054,14,109,Oakland,1,True,True,B,SIDE SWIPE,,Friday,NotApplicable,False,M,,False,True,False,ALAMEDA SUPERIOR COURT WILEY W. MANUEL COURTHOUSE,C,OTHER MOTOR VEHICLE,,0,0,CLEAR,,NO UNUSUAL CONDITIONS,,A,DAYLIGHT,37.808437,-122.242312,,,,,A,NO PEDESTRIANS INVOLVED,3/17/2023 4:30:00 PM,A,VC 21658(A),False,1,I-580 E/B,,,3/27/2023 12:17:04 PM,A,W,1230.0,PARK BLVD,F,,D,3/27/2023 12:17:08 PM,3/27/2023 12:17:08 PM,False,True,4,,3/17/2023 4:35:00 PM,1635,False,,,True
2029554,9370-2023-00829,1,False,9370,3/17/2023 12:58:00 PM,1258,176,14,109,Oakland,1,True,True,C,REAR END,,Friday,NotApplicable,False,,,False,True,False,ALAMEDA SUPERIOR COURT WILEY W. MANUEL COURTHOUSE,C,OTHER MOTOR VEHICLE,,0,0,CLEAR,,NO UNUSUAL CONDITIONS,,A,DAYLIGHT,37.76319,-122.216174,,,,,A,NO PEDESTRIANS INVOLVED,3/17/2023 12:58:00 PM,A,VC 22350,False,1,I-880 N/B,,,3/27/2023 11:51:02 AM,A,S,2200.0,HIGH ST,F,,D,3/27/2023 11:52:12 AM,3/27/2023 11:52:12 AM,False,True,4,True,3/17/2023 1:05:00 PM,1305,False,,False,True
2029553,9335-2023-00562,1,False,9335,3/20/2023 6:30:00 AM,630,082,14,109,Oakland,1,True,True,B,SIDE SWIPE,,Monday,NotApplicable,False,,,False,True,False,ALAMEDA SUPERIOR COURT WILEY W. MANUEL COURTHOUSE,C,OTHER MOTOR VEHICLE,,0,0,CLEAR,,NO UNUSUAL CONDITIONS,,D,DARK-NO STREET LIGHTS,37.823179,-122.320627,,,,,A,NO PEDESTRIANS INVOLVED,3/20/2023 6:30:00 AM,A,VC 21658(A),False,1,I-80 W/B,,,3/27/2023 11:51:41 AM,B,W,0.39,THE WEST EDGE OF THE SAN FRANCISCO BAY BRIDGE TOLL BOOTH,M,,D,3/27/2023 11:51:43 AM,3/27/2023 11:51:43 AM,False,True,4,,3/20/2023 6:35:00 AM,635,False,,,True
2029538,9370-2023-00831,1,False,9370,3/17/2023 8:35:00 AM,835,081,14,109,Oakland,1,True,True,B,SIDE SWIPE,,Friday,NotApplicable,False,,,False,True,False,ALAMEDA SUPERIOR COURT WILEY W. MANUEL COURTHOUSE,C,OTHER MOTOR VEHICLE,,0,0,CLEAR,,NO UNUSUAL CONDITIONS,,A,DAYLIGHT,37.896335,-122.308709,,,,,A,NO PEDESTRIANS INVOLVED,3/17/2023 8:35:00 AM,A,VC 21658(a),False,1,I-80 WESTBOUND,,,3/27/2023 11:42:54 AM,A,W,1735.0,CENTRAL AVENUE,F,,A,3/27/2023 11:44:07 AM,3/27/2023 11:44:07 AM,False,True,4,,3/17/2023 9:00:00 AM,900,False,,,True
2029528,9370-2023-00830,1,False,9370,3/17/2023 6:25:00 AM,625,054,14,109,Oakland,1,True,True,E,HIT OBJECT,,Friday,No,False,,,False,True,False,ALAMEDA SUPERIOR COURT WILEY W. MANUEL COURTHOUSE,I,FIXED OBJECT,CONCRETE  BARRIER WALL,0,0,CLEAR,,NO UNUSUAL CONDITIONS,,B,DUSK-DAWN,37.810534,-122.248835,,,,,A,NO PEDESTRIANS INVOLVED,3/17/2023 6:25:00 AM,A,VC 22107,False,1,I-580 WESTBOUND,,,3/27/2023 11:38:29 AM,A,W,15.0,GRAND AVENUE,F,,D,3/27/2023 11:38:32 AM,3/27/2023 11:38:32 AM,False,True,4,,3/17/2023 6:30:00 AM,630,False,,,
2029284,9370-2023-00790,1,False,9370,3/14/2023 7:36:00 AM,736,177,14,109,Oakland,1,True,True,B,SIDE SWIPE,,Tuesday,No,False,,,False,True,True,ALAMEDA SUPERIOR COURT WILEY W. MANUEL COURTHOUSE,C,OTHER MOTOR VEHICLE,,0,0,CLOUDY,RAINING,NO UNUSUAL CONDITIONS,,A,DAYLIGHT,37.814122,-122.300764,,,,,A,NO PEDESTRIANS INVOLVED,3/14/2023 7:36:00 AM,A,VC 22350,False,1,I 880 N/B,,,3/27/2023 9:13:55 AM,B,S,300.0,14TH ST,F,,D,3/27/2023 9:13:59 AM,3/27/2023 9:13:59 AM,False,True,4,False,3/14/2023 7:38:00 AM,738,False,,,True
2028837,9335-2023-00366,1,False,9335,2/22/2023 12:30:00 PM,1230,084,14,109,Oakland,1,True,True,C,REAR END,,Wednesday,NotApplicable,False,M,,False,True,False,ALAMEDA SUPERIOR COURT ALAMEDA,C,OTHER MOTOR VEHICLE,,0,0,CLEAR,WIND,NO UNUSUAL CONDITIONS,,A,DAYLIGHT,37.822372,-122.322162,,,,,A,NO PEDESTRIANS INVOLVED,2/22/2023 12:30:00 PM,A,VC 22350,False,1,I-80 EB,,,3/26/2023 12:40:52 PM,A,W,2490.0,SAN FRANCISCO OAKLAND BAY BRIDGE TOLL PLAZA PROLONGATON,F,,D,3/26/2023 12:40:54 PM,3/26/2023 12:40:54 PM,False,True,4,,2/22/2023 1:24:00 PM,1324,False,,,True
2028835,9370-2023-00690,1,False,9370,3/5/2023 6:30:00 PM,1830,176,14,109,Oakland,1,True,True,B,SIDE SWIPE,,Sunday,NotApplicable,False,M,,False,True,False,ALAMEDA SUPERIOR COURT WILEY W. MANUEL COURTHOUSE,C,OTHER MOTOR VEHICLE,,0,0,CLEAR,,NO UNUSUAL CONDITIONS,,B,DUSK-DAWN,37.757373,-122.210846,,,,,A,NO PEDESTRIANS INVOLVED,3/5/2023 6:30:00 PM,A,VC 21658(a),False,1,I-880 N/B,,,3/26/2023 12:34:23 PM,A,N,1500.0,66TH AVE,F,,D,3/26/2023 12:34:27 PM,3/26/2023 12:34:27 PM,False,True,4,,3/5/2023 9:07:00 PM,2107,False,,,
2028825,9370-2023-00863,1,False,9370,3/19/2023 5:54:00 PM,1754,052,14,109,Oakland,1,True,True,E,HIT OBJECT,,Sunday,No,False,,,False,True,True,ALAMEDA SUPERIOR COURT WILEY W. MANUEL COURTHOUSE,J,OTHER OBJECT,PIECE OF WOOD,0,0,CLEAR,,NO UNUSUAL CONDITIONS,,A,DAYLIGHT,37.742285,-122.145673,,,,,A,NO PEDESTRIANS INVOLVED,3/19/2023 5:54:00 PM,C,,,,I-580 E/B,,,3/26/2023 11:51:17 AM,A,E,1135.0,106TH AVENUE,F,,D,3/26/2023 11:51:49 AM,3/26/2023 11:51:49 AM,False,True,4,,3/19/2023 6:15:00 PM,1815,False,,,True
2028821,9370-2023-00804,1,False,9370,3/15/2023 11:15:00 AM,1115,008,14,109,Oakland,1,True,True,C,REAR END,,Wednesday,NotApplicable,False,,,False,True,False,ALAMEDA SUPERIOR COURT WILEY W. MANUEL COURTHOUSE,C,OTHER MOTOR VEHICLE,,1,0,CLEAR,,NO UNUSUAL CONDITIONS,,A,DAYLIGHT,37.825189,-122.309771,,,,,A,NO PEDESTRIANS INVOLVED,3/15/2023 11:15:00 AM,A,VC 22350,False,1,I-80 W/B,,,3/26/2023 11:43:34 AM,A,E,1135.0,SAN FRANCISCO OAKLAND BAY BRIDGE TOLL PLAZA,F,,D,3/26/2023 11:43:37 AM,3/26/2023 11:43:37 AM,False,True,4,,3/15/2023 11:20:00 AM,1120,False,,,True
2028803,9370-2023-00640,1,False,9370,3/2/2023 2:00:00 AM,200,177,14,109,Oakland,1,True,True,E,HIT OBJECT,,Thursday,NotApplicable,False,,,False,True,False,ALAMEDA SUPERIOR COURT WILEY W. MANUEL COURTHOUSE,I,FIXED OBJECT,CONCRETE BARRIER WALL,0,0,CLEAR,,NO UNUSUAL CONDITIONS,,C,DARK-STREET LIGHTS,37.78034,-122.238063,,,,,A,NO PEDESTRIANS INVOLVED,3/2/2023 2:00:00 AM,A,VC 23152(a),True,1,I-880 N/B,,,3/26/2023 9:55:28 AM,A,N,650.0,23RD AVE,F,,D,3/26/2023 9:55:31 AM,3/26/2023 9:55:31 AM,False,True,4,,3/2/2023 2:05:00 AM,205,False,,,True