collision-id,report-number,report-version,is-preliminary,ncic-code,crash-date-time,crash-time-description,beat,city-id,city-code,city-name,county-code,city-is-active,city-is-incorporated,collision-type-code,collision-type-description,collision-type-other-desc,day-of-week,dispatch-notified,has-photographs,hit-run,is-attachments-mailed,is-deleted,is-highway-related,is-tow-away,judicial-district,motor-vehicle-involved-with-code,motor-vehicle-involved-with-desc,motor-vehicle-involved-with-other-desc,number-injured,number-killed,weather-1,weather-2,road-condition-1,road-condition-2,special-condition-lighting-code,lighting-description,latitude,longitude,milepost-direction,milepost-distance,milepost-marker,milepost-unit-of-measure,pedestrian-action-code,pedestrian-action-desc,prepared-date,primary-collision-factor-code,primary-collision-factor-violation,primary-collision-factor-is-cited,primary-collision-party-number,primary-road,reporting-district,reporting-district-code,reviewed-date,roadway-surface-code,secondary-direction,secondary-distance,secondary-road,secondary-unit-of-measure,sketch-desc,traffic-control-device-code,created-date,modified-date,is-county-road,is-freeway,chp-555-version,is-additonal-object-struck,notification-date,notification-time-description,has-digital-media-files,evidence-number,is-location-refer-to-narrative,is-aoi-one-same-as-location
2038272,9370-2023-00862,1,False,9370,3/19/2023 9:15:00 PM,2115,013,14,109,Oakland,1,True,True,F,OVERTURNED,,Sunday,Yes,False,,,False,True,True,ALAMEDA SUPERIOR COURT WILEY W. MANUEL COURTHOUSE,I,FIXED OBJECT,VEGITATED EMBANKMENT,1,0,RAINING,,NO UNUSUAL CONDITIONS,,D,DARK-NO STREET LIGHTS,37.787563,-122.18104,,,,,A,NO PEDESTRIANS INVOLVED,3/19/2023 9:15:00 PM,A,VC 23152(a),True,1,SR-13 S/B,,,4/6/2023 5:48:52 AM,B,S,2342.0,CARSON ST,F,,D,4/6/2023 5:48:53 AM,4/6/2023 5:48:53 AM,False,True,4,False,3/19/2023 9:18:00 PM,2118,False,,,True
2038257,9370-2023-00775,1,False,9370,3/13/2023 12:40:00 AM,40,054,14,109,Oakland,1,True,True,E,HIT OBJECT,,Monday,NotApplicable,False,M,,False,True,True,ALAMEDA SUPERIOR COURT WILEY W. MANUEL COURTHOUSE,J,OTHER OBJECT,CONCRETE BARRIER WALL,0,0,CLOUDY,,NO UNUSUAL CONDITIONS,,D,DARK-NO STREET LIGHTS,37.809721,-122.247068,,,,,A,NO PEDESTRIANS INVOLVED,3/13/2023 12:40:00 AM,A,VC 22107,False,1,I-580 E/B,,,4/6/2023 5:00:32 AM,B,W,75.0,LAKESHORE AVE,F,,D,4/6/2023 5:00:33 AM,4/6/2023 5:00:33 AM,False,True,4,,3/13/2023 12:44:00 AM,44,False,,False,True
2036789,9370-2023-00937,1,False,9370,3/26/2023 5:49:00 PM,1749,013,14,109,Oakland,1,True,True,B,SIDE SWIPE,,Sunday,NotApplicable,False,,,False,True,False,ALAMEDA SUPERIOR COURT WILEY W. MANUEL COURTHOUSE,C,OTHER MOTOR VEHICLE,,1,0,CLEAR,,NO UNUSUAL CONDITIONS,,A,DAYLIGHT,37.83418,-122.218364,,,,,A,NO PEDESTRIANS INVOLVED,3/26/2023 5:49:00 PM,A,VC 21658(A),False,1,SR-13 S/B TO MORAGA AVE,,,4/4/2023 12:36:56 PM,A,N,500.0,MORAGA AVE,F,,D,4/4/2023 12:36:59 PM,4/4/2023 12:36:59 PM,False,True,4,,3/26/2023 5:54:00 PM,1754,False,,,True
2036651,9370-2023-00859,1,False,9370,3/19/2023 8:11:00 PM,2011,055,14,109,Oakland,1,True,True,B,SIDE SWIPE,,Sunday,NotApplicable,False,,,False,True,False,ALAMEDA SUPERIOR COURT WILEY W. MANUEL COURTHOUSE,C,OTHER MOTOR VEHICLE,,0,0,CLEAR,,NO UNUSUAL CONDITIONS,,D,DARK-NO STREET LIGHTS,37.826172,-122.299323,,,,,A,NO PEDESTRIANS INVOLVED,3/19/2023 8:11:00 PM,A,VC 21658(A),False,,I-580 E/B,,,4/4/2023 11:03:28 AM,A,E,0.6,SAN FRANCISCO OAKLAND BAY BRIDGE TOLL PLAZA (SFOBB),M,,D,4/4/2023 11:03:31 AM,4/4/2023 11:03:31 AM,False,True,4,,3/19/2023 8:20:00 PM,2020,False,,,True
2036609,9335-2023-00589,1,False,9335,3/23/2023 7:30:00 AM,730,084,14,109,Oakland,1,True,True,C,REAR END,,Thursday,NotApplicable,False,,,False,True,False,ALAMEDA SUPERIOR COURT WILEY W. MANUEL COURTHOUSE,C,OTHER MOTOR VEHICLE,,0,0,CLEAR,,NO UNUSUAL CONDITIONS,,A,DAYLIGHT,37.822036,-122.324332,,,,,A,NO PEDESTRIANS INVOLVED,3/23/2023 7:30:00 AM,D,,,,I-80 E/B,,,4/4/2023 10:32:26 AM,A,W,1.05,OF THE WEST EDGE OF I-880 OVERCROSSING,M,,D,4/4/2023 10:32:28 AM,4/4/2023 10:32:28 AM,False,True,4,,3/23/2023 7:40:00 AM,740,False,,,True
2036524,9370-2023-00929,1,False,9370,3/25/2023 6:05:00 PM,1805,008,14,109,Oakland,1,True,True,B,SIDE SWIPE,,Saturday,NotApplicable,False,M,,False,True,False,ALAMEDA SUPERIOR COURT WILEY W. MANUEL COURTHOUSE,C,OTHER MOTOR VEHICLE,,0,0,CLEAR,,NO UNUSUAL CONDITIONS,,A,DAYLIGHT,37.82465,-122.313395,,,,,A,NO PEDESTRIANS INVOLVED,3/25/2023 6:05:00 PM,A,VC 21658(A),False,1,I-80 W/B,,,4/4/2023 9:43:13 AM,A,E,175.0,W. EDGE OF THE SFOBB TOLL PLAZA,F,,D,4/4/2023 9:43:15 AM,4/4/2023 9:43:15 AM,False,True,4,,3/25/2023 6:15:00 PM,1815,False,,,True
2036492,9370-2023-00926,1,False,9370,3/25/2023 11:35:00 AM,1135,054,14,109,Oakland,1,True,True,B,SIDE SWIPE,,Saturday,NotApplicable,False,M,,False,True,False,ALAMEDA SUPERIOR COURT WILEY W. MANUEL COURTHOUSE,C,OTHER MOTOR VEHICLE,,0,0,CLEAR,,NO UNUSUAL CONDITIONS,,A,DAYLIGHT,37.82295,-122.261694,,,,,A,NO PEDESTRIANS INVOLVED,3/25/2023 11:35:00 AM,A,VC 21658(A),False,1,I-580 WESTBOUND,,,4/4/2023 9:24:06 AM,A,E,76.0,WEBSTER STREET,F,,D,4/4/2023 9:24:08 AM,4/4/2023 9:24:08 AM,False,True,4,,3/25/2023 11:41:00 AM,1141,False,,,True
2036477,9370-2023-00920,1,False,9370,3/24/2023 4:05:00 PM,1605,176,14,109,Oakland,1,True,True,B,SIDE SWIPE,,Friday,NotApplicable,False,,,False,True,False,ALAMEDA SUPERIOR COURT WILEY W. MANUEL COURTHOUSE,C,OTHER MOTOR VEHICLE,,0,0,CLEAR,,NO UNUSUAL CONDITIONS,,A,DAYLIGHT,37.740875,-122.195869,,,,,A,NO PEDESTRIANS INVOLVED,3/24/2023 4:05:00 PM,A,VC 21658(A),False,1,I-880 N/B FROM HEGENBERGER ROAD,,,4/4/2023 9:14:32 AM,A,S,100.0,HEGENBERGER RD,F,,D,4/4/2023 9:14:34 AM,4/4/2023 9:14:34 AM,False,True,4,,3/24/2023 4:05:00 PM,1605,False,,,True
2036466,9370-2023-00922,1,False,9370,3/24/2023 1:55:00 PM,1355,008,14,109,Oakland,1,True,True,E,HIT OBJECT,,Friday,NotApplicable,False,,,False,True,False,ALAMEDA SUPERIOR COURT WILEY W. MANUEL COURTHOUSE,I,FIXED OBJECT,CONCRETE BARRIER,0,0,CLEAR,,OTHER* - TOLL CROSSING,,A,DAYLIGHT,37.824665,-122.313689,,,,,A,NO PEDESTRIANS INVOLVED,3/24/2023 1:55:00 PM,A,VC 22350,False,1,I-80 W/B,,,4/4/2023 9:07:49 AM,A,W,1230.0,WEST GRAND/MARITIME STREET OVERCROSSING,F,,D,4/4/2023 9:07:51 AM,4/4/2023 9:07:51 AM,False,True,4,False,3/24/2023 4:02:00 PM,1602,False,,,True
2036442,9370-2023-00835,1,False,9370,3/17/2023 5:55:00 PM,1755,176,14,109,Oakland,1,True,True,C,REAR END,,Friday,NotApplicable,False,M,,False,True,False,ALAMEDA SUPERIOR COURT WILEY W. MANUEL COURTHOUSE,A,NON-COLLISION,,0,0,CLEAR,,NO UNUSUAL CONDITIONS,,A,DAYLIGHT,37.775378,-122.234431,,,,,A,NO PEDESTRIANS INVOLVED,3/17/2023 5:55:00 PM,A,VC 22350,False,1,I-880 S/B,,,4/4/2023 8:50:24 AM,A,N,270.0,29TH AVE,F,,D,4/4/2023 8:50:26 AM,4/4/2023 8:50:26 AM,False,True,4,,3/17/2023 8:43:00 PM,2043,False,,,True
2036332,9370-2023-00226,1,False,9370,1/22/2023 9:27:00 PM,2127,052,14,109,Oakland,1,True,True,C,REAR END,,Sunday,NotApplicable,False,M,,False,True,False,ALAMEDA SUPERIOR COURT WILEY W. MANUEL COURTHOUSE,C,OTHER MOTOR VEHICLE,,0,0,CLEAR,,NO UNUSUAL CONDITIONS,,D,DARK-NO STREET LIGHTS,37.78787,-122.198217,,,,,A,NO PEDESTRIANS INVOLVED,1/22/2023 9:27:00 PM,A,VC 22350,False,1,I-580 E/B,,,4/4/2023 7:32:00 AM,A,W,1000.0,HIGH STREET,F,,D,4/4/2023 7:32:03 AM,4/4/2023 7:32:03 AM,False,True,4,,1/22/2023 9:30:00 PM,2130,False,,,True
2036272,9370-2023-00919,1,False,9370,3/24/2023 3:57:00 PM,1557,177,14,109,Oakland,1,True,True,C,REAR END,,Friday,NotApplicable,False,,,False,True,False,ALAMEDA SUPERIOR COURT WILEY W. MANUEL COURTHOUSE,C,OTHER MOTOR VEHICLE,,0,0,CLEAR,,NO UNUSUAL CONDITIONS,,A,DAYLIGHT,37.796555,-122.269193,,,,,A,NO PEDESTRIANS INVOLVED,3/24/2023 3:57:00 PM,A,VC 22350,False,1,I-880 N/B FROM JACKSON ST,,,4/4/2023 6:29:37 AM,A,N,100.0,JACKSON ST,F,,D,4/4/2023 6:29:40 AM,4/4/2023 6:29:40 AM,False,True,4,,3/24/2023 4:00:00 PM,1600,False,,,True
2035969,9335-2023-00620,1,False,9335,3/28/2023 6:40:00 AM,640,082,14,109,Oakland,1,True,True,C,REAR END,,Tuesday,NotApplicable,False,,,False,True,True,ALAMEDA SUPERIOR COURT WILEY W. MANUEL COURTHOUSE,C,OTHER MOTOR VEHICLE,,2,0,CLEAR,,NO UNUSUAL CONDITIONS,,C,DARK-STREET LIGHTS,37.819543,-122.348118,,,,,A,NO PEDESTRIANS INVOLVED,3/28/2023 6:40:00 AM,A,VC 22350,False,3,I-80 W/B,,,4/3/2023 3:26:09 PM,A,E,69.0,SAN FRANCISCO COUNTY LINE,F,,D,4/3/2023 3:26:12 PM,4/3/2023 3:26:12 PM,False,True,4,,3/28/2023 6:43:00 AM,643,False,,,True
2035865,9370-2023-00907,1,False,9370,3/23/2023 4:40:00 AM,440,052,14,109,Oakland,1,True,True,C,REAR END,,Thursday,NotApplicable,False,M,,False,True,True,ALAMEDA SUPERIOR COURT WILEY W. MANUEL COURTHOUSE,C,OTHER MOTOR VEHICLE,,0,0,CLEAR,,NO UNUSUAL CONDITIONS,,C,DARK-STREET LIGHTS,37.748667,-122.150535,,,,,A,NO PEDESTRIANS INVOLVED,3/23/2023 4:40:00 AM,C,,,,I-580 W/B,,,4/3/2023 1:47:31 PM,A,E,1800.0,GOLF LINKS RD,F,,D,4/3/2023 1:47:36 PM,4/3/2023 1:47:36 PM,False,True,4,,3/23/2023 4:45:00 AM,445,False,,,True
2035660,9370-2023-00906,1,False,9370,3/22/2023 5:49:00 PM,1749,054,14,109,Oakland,1,True,True,C,REAR END,,Wednesday,NotApplicable,False,M,,False,True,False,ALAMEDA SUPERIOR COURT WILEY W. MANUEL COURTHOUSE,C,OTHER MOTOR VEHICLE,,0,0,CLEAR,,NO UNUSUAL CONDITIONS,,A,DAYLIGHT,37.820488,-122.256443,,,,,A,NO PEDESTRIANS INVOLVED,3/22/2023 5:49:00 PM,A,VC 22350,False,1,I-580 E/B,,,4/3/2023 10:51:54 AM,A,W,605.0,HARRISON ST,F,,D,4/3/2023 10:51:56 AM,4/3/2023 10:51:56 AM,False,True,4,,3/22/2023 5:55:00 PM,1755,False,,,True
2035524,9370-2023-00827,1,False,9370,3/17/2023 5:55:00 AM,555,176,14,109,Oakland,1,True,True,C,REAR END,,Friday,NotApplicable,False,,,False,True,False,ALAMEDA SUPERIOR COURT WILEY W. MANUEL COURTHOUSE,C,OTHER MOTOR VEHICLE,,0,0,CLEAR,,NO UNUSUAL CONDITIONS,,D,DARK-NO STREET LIGHTS,37.763294,-122.216476,,,,,A,NO PEDESTRIANS INVOLVED,3/17/2023 5:55:00 AM,A,VC 22107,False,1,I-880 S/B,,,4/3/2023 9:33:30 AM,A,S,2100.0,HIGH ST,F,,D,4/3/2023 9:33:33 AM,4/3/2023 9:33:33 AM,False,True,4,,3/17/2023 6:00:00 AM,600,False,,True,
2035366,9370-2023-00870,1,False,9370,3/20/2023 3:50:00 AM,350,025,14,109,Oakland,1,True,True,E,HIT OBJECT,,Monday,NotApplicable,False,,,False,True,False,ALAMEDA SUPERIOR COURT WILEY W. MANUEL COURTHOUSE,I,FIXED OBJECT,CONCRETE BARRIER,0,0,CLOUDY,,NO UNUSUAL CONDITIONS,,D,DARK-NO STREET LIGHTS,37.840464,-122.263151,,,,,A,NO PEDESTRIANS INVOLVED,3/20/2023 3:50:00 AM,A,VC 22350,False,1,SR-24 E/B,,,4/3/2023 7:17:44 AM,B,W,1163.0,CLAREMONT AVE,F,,D,4/3/2023 7:17:46 AM,4/3/2023 7:17:46 AM,False,True,4,,3/20/2023 3:52:00 AM,352,False,,,True
2035358,9370-2023-00888,1,False,9370,3/21/2023 8:30:00 PM,2030,054,14,109,Oakland,1,True,True,B,SIDE SWIPE,,Tuesday,Yes,False,M,,False,True,True,ALAMEDA SUPERIOR COURT WILEY W. MANUEL COURTHOUSE,C,OTHER MOTOR VEHICLE,,1,0,RAINING,,NO UNUSUAL CONDITIONS,,D,DARK-NO STREET LIGHTS,37.808842,-122.242778,,,,,A,NO PEDESTRIANS INVOLVED,3/21/2023 8:30:00 PM,A,VC 21658(A),False,1,I-580 W/B,,,4/3/2023 7:05:13 AM,B,E,1077.0,LAKESHORE AVE,F,,D,4/3/2023 7:05:18 AM,4/3/2023 7:05:18 AM,False,True,4,,3/21/2023 8:31:00 PM,2031,False,,,True
2035132,9370-2023-00569,1,False,9370,2/24/2023 2:50:00 AM,250,052,14,109,Oakland,1,True,True,E,HIT OBJECT,,Friday,NotApplicable,False,,,False,True,False,ALAMEDA SUPERIOR COURT WILEY W. MANUEL COURTHOUSE,J,OTHER OBJECT,EMBANKMENT,0,0,RAINING,,NO UNUSUAL CONDITIONS,,D,DARK-NO STREET LIGHTS,37.75427,-122.152075,,,,,A,NO PEDESTRIANS INVOLVED,2/24/2023 2:50:00 AM,A,VC 23152(A),True,1,I-580 E/B,,,4/2/2023 2:32:44 PM,B,W,2190.0,GOLF LINKS RD,F,,D,4/2/2023 2:33:40 PM,4/2/2023 2:33:40 PM,False,True,4,,2/24/2023 2:55:00 AM,255,False,,True,
2035131,9370-2023-00448,1,False,9370,2/11/2023 7:20:00 PM,1920,055,14,109,Oakland,1,True,True,E,HIT OBJECT,,Saturday,Yes,False,,,False,True,True,ALAMEDA SUPERIOR COURT WILEY W. MANUEL COURTHOUSE,I,FIXED OBJECT,CONCRETE BRIDGERAIL,0,0,CLEAR,,NO UNUSUAL CONDITIONS,,D,DARK-NO STREET LIGHTS,37.820314,-122.269966,,,,,A,NO PEDESTRIANS INVOLVED,2/11/2023 7:20:00 PM,A,VC 23152(a),True,1,I-580 E/B TO I-980 W/B,,,4/2/2023 2:30:29 PM,A,E,277.0,30TH ST,F,,D,4/2/2023 2:30:33 PM,4/2/2023 2:30:33 PM,False,True,4,,2/11/2023 7:30:00 PM,1930,False,,,True
2035117,9370-2023-00887,1,False,9370,3/21/2023 8:11:00 PM,2011,054,14,109,Oakland,1,True,True,E,HIT OBJECT,,Tuesday,NotApplicable,False,,,False,True,False,ALAMEDA SUPERIOR COURT WILEY W. MANUEL COURTHOUSE,I,FIXED OBJECT,CONCRETE BARRIER,0,0,RAINING,,NO UNUSUAL CONDITIONS,,D,DARK-NO STREET LIGHTS,37.809041,-122.243968,,,,,A,NO PEDESTRIANS INVOLVED,3/21/2023 8:11:00 PM,A,VC 22350,False,1,I-580 W/B,,,4/2/2023 12:57:55 PM,B,E,687.0,LAKESHORE AVE,F,,D,4/2/2023 12:57:58 PM,4/2/2023 12:57:58 PM,False,True,4,,3/21/2023 8:14:00 PM,2014,False,,,True
2035116,9370-2023-00880,1,False,9370,3/21/2023 8:20:00 AM,820,177,14,109,Oakland,1,True,True,E,HIT OBJECT,,Tuesday,NotApplicable,False,,,False,True,True,ALAMEDA SUPERIOR COURT WILEY W. MANUEL COURTHOUSE,J,OTHER OBJECT,CONCRETE MEDIAN,1,0,RAINING,,NO UNUSUAL CONDITIONS,,A,DAYLIGHT,37.79324,-122.26367,,,,,A,NO PEDESTRIANS INVOLVED,3/21/2023 8:20:00 AM,A,VC 22350,False,1,I-880 S/B,,,4/2/2023 12:55:18 PM,B,S,1550.0,OAK ST,F,,D,4/2/2023 12:56:19 PM,4/2/2023 12:56:19 PM,False,True,4,,3/21/2023 8:26:00 AM,826,False,,,True
2035115,9370-2023-00865,1,False,9370,3/19/2023 9:00:00 PM,2100,080,14,109,Oakland,1,True,True,C,REAR END,,Sunday,NotApplicable,False,M,,False,True,False,ALAMEDA SUPERIOR COURT WILEY W. MANUEL COURTHOUSE,C,OTHER MOTOR VEHICLE,,0,0,CLEAR,,NO UNUSUAL CONDITIONS,,C,DARK-STREET LIGHTS,37.853105,-122.300006,,,,,A,NO PEDESTRIANS INVOLVED,3/19/2023 9:00:00 PM,A,VC 22350,False,1,I-80 W/B,,,4/2/2023 12:41:19 PM,A,E,1500.0,ASHBY AVE,F,,D,4/2/2023 12:43:10 PM,4/2/2023 12:43:10 PM,False,True,4,,3/19/2023 9:01:00 PM,2101,False,,,True
2035103,9370-2023-00847,1,False,9370,3/18/2023 12:20:00 AM,20,176,14,109,Oakland,1,True,True,C,REAR END,,Saturday,NotApplicable,False,,,False,True,False,ALAMEDA SUPERIOR COURT WILEY W. MANUEL COURTHOUSE,C,OTHER MOTOR VEHICLE,,0,0,CLEAR,,NO UNUSUAL CONDITIONS,,C,DARK-STREET LIGHTS,37.773775,-122.230593,,,,,A,NO PEDESTRIANS INVOLVED,3/18/2023 12:20:00 AM,A,VC 22350,False,1,I-880 S/B,,,4/2/2023 11:32:14 AM,B,S,850.0,29TH AVE,F,,D,4/2/2023 11:32:20 AM,4/2/2023 11:32:20 AM,False,True,4,,3/18/2023 12:26:00 AM,26,False,,,
2035098,9370-2023-00980,1,False,9370,3/9/2023 7:52:00 PM,1952,055,14,109,Oakland,1,True,True,C,REAR END,,Thursday,NotApplicable,False,,,False,True,False,ALAMEDA SUPERIOR COURT WILEY W. MANUEL COURTHOUSE,C,OTHER MOTOR VEHICLE,,0,0,RAINING,,NO UNUSUAL CONDITIONS,,D,DARK-NO STREET LIGHTS,37.795048,-122.206904,,,,,A,NO PEDESTRIANS INVOLVED,3/9/2023 7:52:00 PM,A,VC 22350,False,1,I-580 W/B,,,4/2/2023 8:34:10 AM,A,W,1000.0,35TH AVENUE OVER-CROSSING,F,,D,4/2/2023 8:34:13 AM,4/2/2023 8:34:13 AM,False,True,4,,3/9/2023 7:58:00 PM,1958,False,,,
2035097,9370-2023-00728,1,False,9370,3/8/2023 11:08:00 PM,2308,176,14,109,Oakland,1,True,True,B,SIDE SWIPE,,Wednesday,NotApplicable,False,,,False,True,False,ALAMEDA SUPERIOR COURT WILEY W. MANUEL COURTHOUSE,C,OTHER MOTOR VEHICLE,,0,0,CLEAR,,NO UNUSUAL CONDITIONS,,C,DARK-STREET LIGHTS,37.76453,-122.21758,,,,,A,NO PEDESTRIANS INVOLVED,3/8/2023 11:08:00 PM,B,UNSAFE MERGING,,1,I-880 S/B,,,4/2/2023 8:22:57 AM,A,S,1475.0,HIGH ST,F,,D,4/2/2023 8:23:00 AM,4/2/2023 8:23:00 AM,False,True,4,,3/8/2023 11:34:00 PM,2334,False,,False,True
2035094,9370-2023-00729,1,False,9370,3/8/2023 9:40:00 PM,2140,177,14,109,Oakland,1,True,True,B,SIDE SWIPE,,Wednesday,NotApplicable,False,M,,False,True,True,ALAMEDA SUPERIOR COURT WILEY W. MANUEL COURTHOUSE,C,OTHER MOTOR VEHICLE,,0,0,CLEAR,,NO UNUSUAL CONDITIONS,,C,DARK-STREET LIGHTS,37.785425,-122.243944,,,,,A,NO PEDESTRIANS INVOLVED,3/8/2023 9:40:00 PM,A,VC 21658(A),False,2,I-880 S/B,,,4/2/2023 8:16:44 AM,A,S,180.0,16TH AVE,F,,D,4/2/2023 8:16:48 AM,4/2/2023 8:16:48 AM,False,True,4,False,3/8/2023 9:46:00 PM,2146,False,,False,
2035093,9370-2023-00668,1,False,9370,3/3/2023 6:50:00 PM,1850,176,14,109,Oakland,1,True,True,C,REAR END,,Friday,NotApplicable,False,M,,False,True,False,ALAMEDA SUPERIOR COURT WILEY W. MANUEL COURTHOUSE,C,OTHER MOTOR VEHICLE,,0,0,CLEAR,,NO UNUSUAL CONDITIONS,,C,DARK-STREET LIGHTS,37.733679,-122.189856,,,,,A,NO PEDESTRIANS INVOLVED,3/3/2023 6:50:00 PM,A,VC 22350,False,1,I-880 N/B,,,4/2/2023 7:56:56 AM,A,N,753.0,98TH AVENUE,F,,A,4/2/2023 7:56:58 AM,4/2/2023 7:56:58 AM,False,True,4,,3/3/2023 7:10:00 PM,1910,False,,,True
2035090,9370-2023-00645,1,False,9370,3/2/2023 8:29:00 AM,829,901,14,109,Oakland,1,True,True,B,SIDE SWIPE,,Thursday,NotApplicable,False,M,,False,False,False,ALAMEDA SUPERIOR COURT WILEY W. MANUEL COURTHOUSE,C,OTHER MOTOR VEHICLE,,0,0,CLEAR,,NO UNUSUAL CONDITIONS,,School Bus CollisionA,DAYLIGHT,37.759681,-122.191564,,,,,A,NO PEDESTRIANS INVOLVED,3/2/2023 8:29:00 AM,A,VC 22350,False,1,69TH AVENUE (1100 BLOCK),,,4/2/2023 7:35:45 AM,A,W,118.0,HERBERT GUICE WAY,F,,D,4/2/2023 7:35:48 AM,4/2/2023 7:35:48 AM,True,False,4,,3/2/2023 8:53:00 AM,853,False,,,True
2035082,9370-2023-00565,1,False,9370,2/23/2023 3:30:00 PM,1530,176,14,109,Oakland,1,True,True,C,REAR END,,Thursday,NotApplicable,False,F,,False,True,False,ALAMEDA SUPERIOR COURT WILEY W. MANUEL COURTHOUSE,C,OTHER MOTOR VEHICLE,,0,0,CLEAR,,NO UNUSUAL CONDITIONS,,A,DAYLIGHT,37.761013,-122.214365,,,,,A,NO PEDESTRIANS INVOLVED,2/23/2023 3:30:00 PM,A,VC 22350,False,1,I-880 S/B,,,4/2/2023 6:00:23 AM,A,N,2500.0,66TH AVE,F,,D,4/2/2023 6:00:26 AM,4/2/2023 6:00:26 AM,False,True,4,,2/23/2023 3:35:00 PM,1535,False,,,True
2035078,9370-2023-00542,1,False,9370,2/3/2023 12:55:00 AM,55,901,14,109,Oakland,1,True,True,E,HIT OBJECT,,Friday,NotApplicable,False,,,False,False,False,ALAMEDA SUPERIOR COURT WILEY W. MANUEL COURTHOUSE,I,FIXED OBJECT,CONCRETE CURB,0,0,CLEAR,,NO UNUSUAL CONDITIONS,,C,DARK-STREET LIGHTS,37.811353,-122.247647,,,,,A,NO PEDESTRIANS INVOLVED,2/3/2023 12:55:00 AM,A,VC 22350,False,1,LAKE PARK AVE,,,4/2/2023 5:47:27 AM,A,E,60.0,GRAND AVE,F,,D,4/2/2023 5:47:36 AM,4/2/2023 5:47:36 AM,False,False,4,,2/3/2023 12:55:00 AM,55,False,,,False
2054761,9370-2023-00846,1,False,9370,3/18/2023 9:44:00 PM,2144,176,14,109,Oakland,1,True,True,G,VEHICLE/PEDESTRAIN,,Saturday,NotApplicable,False,F,,False,True,False,ALAMEDA SUPERIOR COURT WILEY W. MANUEL COURTHOUSE,B,PEDESTRIAN,,1,0,CLEAR,,NO UNUSUAL CONDITIONS,,C,DARK-STREET LIGHTS,37.774478,-122.23196,,,,,E,IN ROAD - INCLUDES SHOULDER,3/18/2023 9:44:00 PM,A,VC 21954(A),False,1,I-880 S/B,,,4/27/2023 11:59:51 AM,A,S,450.0,29TH AVE,F,,D,4/27/2023 11:59:53 AM,4/27/2023 11:59:53 AM,False,True,4,,3/18/2023 9:45:00 PM,2145,False,,True,False
2054723,9370-2023-01220,1,False,9370,4/20/2023 2:45:00 PM,1445,024,14,109,Oakland,1,True,True,C,REAR END,,Thursday,NotApplicable,False,M,,False,True,False,ALAMEDA SUPERIOR COURT WILEY W. MANUEL COURTHOUSE,C,OTHER MOTOR VEHICLE,,0,0,CLEAR,,NO UNUSUAL CONDITIONS,,A,DAYLIGHT,37.851466,-122.222549,,,,,A,NO PEDESTRIANS INVOLVED,4/20/2023 2:45:00 PM,A,VC 22350,False,1,SR-24 E/B,,,4/27/2023 11:29:50 AM,A,E,250.0,FREEWAY OVERPASS,F,,D,4/27/2023 11:29:51 AM,4/27/2023 11:29:51 AM,False,True,4,,4/20/2023 2:50:00 PM,1450,False,,,True
2054715,9370-2023-01222,1,False,9370,4/20/2023 2:43:00 PM,1443,024,14,109,Oakland,1,True,True,C,REAR END,,Thursday,NotApplicable,False,,,False,True,False,ALAMEDA SUPERIOR COURT WILEY W. MANUEL COURTHOUSE,C,OTHER MOTOR VEHICLE,,1,0,CLEAR,,NO UNUSUAL CONDITIONS,,A,DAYLIGHT,37.84922,-122.241873,,,,,A,NO PEDESTRIANS INVOLVED,4/20/2023 2:43:00 PM,A,VC 22350,False,1,SR-24 E/B,,,4/27/2023 11:20:01 AM,A,W,400.0,GOLDEN GATE AVE,F,,D,4/27/2023 11:20:03 AM,4/27/2023 11:20:03 AM,False,True,4,,4/20/2023 2:48:00 PM,1448,False,,False,True
2054679,9370-2023-01221,1,False,9370,4/20/2023 3:45:00 PM,1545,098,14,109,Oakland,1,True,True,B,SIDE SWIPE,,Thursday,NotApplicable,False,,,False,True,True,ALAMEDA SUPERIOR COURT WILEY W. MANUEL COURTHOUSE,C,OTHER MOTOR VEHICLE,,1,0,CLEAR,,NO UNUSUAL CONDITIONS,,On-Duty Emergency VehicleA,DAYLIGHT,37.817195,-122.270967,,,,,A,NO PEDESTRIANS INVOLVED,4/20/2023 3:45:00 PM,A,VC 21658(a),False,1,I-980 W/B TO 27TH STREET,,,4/27/2023 10:39:38 AM,A,E,40.0,27TH ST,F,,A,4/27/2023 10:39:42 AM,4/27/2023 10:39:42 AM,False,True,4,,4/20/2023 3:55:00 PM,1555,False,,,True