collision-id,report-number,report-version,is-preliminary,ncic-code,crash-date-time,crash-time-description,beat,city-id,city-code,city-name,county-code,city-is-active,city-is-incorporated,collision-type-code,collision-type-description,collision-type-other-desc,day-of-week,dispatch-notified,has-photographs,hit-run,is-attachments-mailed,is-deleted,is-highway-related,is-tow-away,judicial-district,motor-vehicle-involved-with-code,motor-vehicle-involved-with-desc,motor-vehicle-involved-with-other-desc,number-injured,number-killed,weather-1,weather-2,road-condition-1,road-condition-2,special-condition-lighting-code,lighting-description,latitude,longitude,milepost-direction,milepost-distance,milepost-marker,milepost-unit-of-measure,pedestrian-action-code,pedestrian-action-desc,prepared-date,primary-collision-factor-code,primary-collision-factor-violation,primary-collision-factor-is-cited,primary-collision-party-number,primary-road,reporting-district,reporting-district-code,reviewed-date,roadway-surface-code,secondary-direction,secondary-distance,secondary-road,secondary-unit-of-measure,sketch-desc,traffic-control-device-code,created-date,modified-date,is-county-road,is-freeway,chp-555-version,is-additonal-object-struck,notification-date,notification-time-description,has-digital-media-files,evidence-number,is-location-refer-to-narrative,is-aoi-one-same-as-location
2114812,9370-2023-01975,1,False,9370,6/28/2023 2:20:00 AM,220,176,14,109,Oakland,1,True,True,C,REAR END,,Wednesday,Yes,False,,,False,True,False,ALAMEDA SUPERIOR COURT WILEY W. MANUEL COURTHOUSE,C,OTHER MOTOR VEHICLE,,2,0,CLOUDY,,NO UNUSUAL CONDITIONS,,C,DARK-STREET LIGHTS,37.751544,-122.206207,,,,,A,NO PEDESTRIANS INVOLVED,6/28/2023 2:20:00 AM,A,VC 22350,False,1,I-880 S/B,,,7/12/2023 7:34:56 AM,A,S,1500.0,66TH AVE,F,,D,7/12/2023 7:34:59 AM,7/12/2023 7:34:59 AM,False,True,4,,6/28/2023 2:24:00 AM,224,False,,,True
2114718,9370-2023-02112,1,False,9370,7/10/2023 4:40:00 PM,1640,177,14,109,Oakland,1,True,True,C,REAR END,,Monday,NotApplicable,False,M,,False,True,False,ALAMEDA SUPERIOR COURT WILEY W. MANUEL COURTHOUSE,C,OTHER MOTOR VEHICLE,,0,0,CLEAR,,NO UNUSUAL CONDITIONS,,A,DAYLIGHT,37.781547,-122.239048,,,,,A,NO PEDESTRIANS INVOLVED,7/10/2023 4:40:00 PM,A,VC 22350,False,2,I-880 S/B,,,7/12/2023 5:25:03 AM,A,N,1316.0,23RD AVE,F,,D,7/12/2023 5:25:07 AM,7/12/2023 5:25:07 AM,False,True,4,,7/10/2023 5:01:00 PM,1701,False,,True,
2114415,9370-2023-02080,1,False,9370,7/8/2023 10:05:00 AM,1005,176,14,109,Oakland,1,True,True,C,REAR END,,Saturday,NotApplicable,False,M,,False,True,False,ALAMEDA SUPERIOR COURT WILEY W. MANUEL COURTHOUSE,C,OTHER MOTOR VEHICLE,,0,0,CLEAR,,NO UNUSUAL CONDITIONS,,A,DAYLIGHT,37.772764,-122.227012,,,,,A,NO PEDESTRIANS INVOLVED,7/8/2023 10:05:00 AM,A,VC 22350,False,1,I-880 S/B,,,7/11/2023 3:59:19 PM,A,N,2000.0,HIGH ST,F,,D,7/11/2023 3:59:57 PM,7/11/2023 3:59:57 PM,False,True,4,,7/8/2023 10:16:00 AM,1016,False,,,True
2114404,9370-2023-02095,1,False,9370,7/10/2023 10:35:00 AM,1035,177,14,109,Oakland,1,True,True,C,REAR END,,Monday,No,False,M,,False,True,False,ALAMEDA SUPERIOR COURT WILEY W. MANUEL COURTHOUSE,C,OTHER MOTOR VEHICLE,,0,0,CLEAR,,NO UNUSUAL CONDITIONS,,A,DAYLIGHT,37.798024,-122.273193,,,,,A,NO PEDESTRIANS INVOLVED,7/10/2023 10:35:00 AM,A,VC 22350,False,1,I-880 N/B,,,7/11/2023 3:49:03 PM,A,N,242.0,WEBSTER ST,F,,D,7/11/2023 3:49:24 PM,7/11/2023 3:49:24 PM,False,True,4,,7/10/2023 11:08:00 AM,1108,False,,,
2114397,9370-2023-02028,1,False,9370,7/3/2023 5:15:00 AM,515,178,14,109,Oakland,1,True,True,E,HIT OBJECT,,Monday,NotApplicable,False,M,,False,True,True,ALAMEDA SUPERIOR COURT WILEY W. MANUEL COURTHOUSE,I,FIXED OBJECT,ATTENUATOR,0,0,CLOUDY,,NO UNUSUAL CONDITIONS,,B,DUSK-DAWN,37.824704,-122.304783,,,,,A,NO PEDESTRIANS INVOLVED,7/3/2023 5:15:00 AM,A,VC 22107,False,1,I-880 N/B TO I-80 W/B,,,7/11/2023 3:43:43 PM,A,S,2562.0,SFOBB TOLL PLAZA,F,,D,7/11/2023 3:43:46 PM,7/11/2023 3:43:46 PM,False,True,4,,7/3/2023 5:45:00 AM,545,False,,,True
2114193,9370-2023-01994,1,False,9370,6/29/2023 7:20:00 PM,1920,052,14,109,Oakland,1,True,True,B,SIDE SWIPE,,Thursday,Yes,False,,,False,True,True,ALAMEDA SUPERIOR COURT WILEY W. MANUEL COURTHOUSE,C,OTHER MOTOR VEHICLE,,1,0,CLEAR,,NO UNUSUAL CONDITIONS,,A,DAYLIGHT,37.784206,-122.183209,,,,,A,NO PEDESTRIANS INVOLVED,6/29/2023 7:20:00 PM,A,VC 21658(A),False,,I-580 W/B,,,7/11/2023 1:28:50 PM,A,E,1260.0,BUELL ST,F,,D,7/11/2023 1:28:50 PM,7/11/2023 1:28:50 PM,False,True,4,,6/29/2023 7:30:00 PM,1930,False,,,True
2114049,9370-2023-02070,1,False,9370,7/7/2023 6:00:00 PM,1800,176,14,109,Oakland,1,True,True,E,HIT OBJECT,,Friday,NotApplicable,False,,,False,True,False,ALAMEDA SUPERIOR COURT WILEY W. MANUEL COURTHOUSE,J,OTHER OBJECT,METAL,0,0,CLEAR,,NO UNUSUAL CONDITIONS,,A,DAYLIGHT,37.729125,-122.18645,,,,,A,NO PEDESTRIANS INVOLVED,7/7/2023 6:00:00 PM,C,,,,I-880 S/B,,,7/11/2023 11:42:38 AM,A,S,1078.0,98TH AVENUE,F,,D,7/11/2023 11:42:45 AM,7/11/2023 11:42:45 AM,False,True,4,False,7/7/2023 6:02:00 PM,1802,False,,,True
2113933,9370-2023-02004,1,False,9370,7/1/2023 12:30:00 AM,30,176,14,109,Oakland,1,True,True,B,SIDE SWIPE,,Saturday,Yes,False,,,False,True,False,ALAMEDA SUPERIOR COURT WILEY W. MANUEL COURTHOUSE,C,OTHER MOTOR VEHICLE,,1,0,CLEAR,,NO UNUSUAL CONDITIONS,,C,DARK-STREET LIGHTS,37.741361,-122.196947,,,,,A,NO PEDESTRIANS INVOLVED,7/1/2023 12:30:00 AM,A,VC 21658(a),False,1,I-880 N/B,,,7/11/2023 10:08:19 AM,A,N,155.0,HEGENBERGER RD,F,,D,7/11/2023 10:08:29 AM,7/11/2023 10:08:29 AM,False,True,4,,7/1/2023 12:34:00 AM,34,False,,,True
2113786,9370-2023-01640,1,False,9370,5/27/2023 10:50:00 AM,1050,055,14,109,Oakland,1,True,True,C,REAR END,,Saturday,NotApplicable,False,,,False,True,False,ALAMEDA SUPERIOR COURT WILEY W. MANUEL COURTHOUSE,C,OTHER MOTOR VEHICLE,,0,0,CLEAR,,NO UNUSUAL CONDITIONS,,A,DAYLIGHT,37.827148,-122.285599,,,,,A,NO PEDESTRIANS INVOLVED,5/27/2023 10:50:00 AM,A,VC 22350,False,1,I-580 W/B,,,7/11/2023 8:44:17 AM,A,W,200.0,HOLLIS ST,F,,D,7/11/2023 8:44:25 AM,7/11/2023 8:44:25 AM,False,True,4,,5/27/2023 11:00:00 AM,1100,False,,,True
2113667,9370-2023-02037,1,False,9370,7/4/2023 6:45:00 AM,645,052,14,109,Oakland,1,True,True,F,OVERTURNED,,Tuesday,NotApplicable,False,,,False,True,False,ALAMEDA SUPERIOR COURT WILEY W. MANUEL COURTHOUSE,A,NON-COLLISION,,1,0,CLEAR,,NO UNUSUAL CONDITIONS,,A,DAYLIGHT,37.765922,-122.152027,,,,,A,NO PEDESTRIANS INVOLVED,7/4/2023 6:45:00 AM,A,VC 22350,False,1,I-580 W/B,,,7/11/2023 6:55:20 AM,A,E,2518.0,KELLER AVENUE,F,,D,7/11/2023 6:55:22 AM,7/11/2023 6:55:22 AM,False,True,4,,7/4/2023 6:51:00 AM,651,False,,,True
2113641,9370-2023-02036,1,False,9370,7/4/2023 6:10:00 AM,610,052,14,109,Oakland,1,True,True,E,HIT OBJECT,,Tuesday,NotApplicable,False,,,False,True,False,ALAMEDA SUPERIOR COURT WILEY W. MANUEL COURTHOUSE,J,OTHER OBJECT,UNKNOWN OBJECT,2,0,CLEAR,,NO UNUSUAL CONDITIONS,,A,DAYLIGHT,37.764241,-122.150654,,,,,A,NO PEDESTRIANS INVOLVED,7/4/2023 6:10:00 AM,C,,,,I-580 W/B,,,7/11/2023 6:19:24 AM,A,E,3820.0,GOLF LINKS,F,,D,7/11/2023 6:19:26 AM,7/11/2023 6:19:26 AM,False,True,4,,7/4/2023 6:19:00 AM,619,False,,,True
2113384,9370-2023-01984,1,False,9370,6/29/2023 11:10:00 AM,1110,177,14,109,Oakland,1,True,True,B,SIDE SWIPE,,Thursday,NotApplicable,False,,,False,True,True,ALAMEDA SUPERIOR COURT WILEY W. MANUEL COURTHOUSE,C,OTHER MOTOR VEHICLE,,1,0,CLEAR,,NO UNUSUAL CONDITIONS,,A,DAYLIGHT,37.788274,-122.250534,,,,,A,NO PEDESTRIANS INVOLVED,6/29/2023 11:10:00 AM,A,VC 21658(a),False,1,I-880 S/B,,,7/10/2023 3:21:15 PM,A,N,1505.0,16TH AVE,F,,A,7/10/2023 3:21:22 PM,7/10/2023 3:21:22 PM,False,True,4,True,6/29/2023 11:17:00 AM,1117,False,,,True
2113358,9370-2023-01867,1,False,9370,6/18/2023 12:44:00 AM,44,052,14,109,Oakland,1,True,True,E,HIT OBJECT,,Sunday,Yes,False,,,False,True,False,ALAMEDA SUPERIOR COURT WILEY W. MANUEL COURTHOUSE,I,FIXED OBJECT,CONCRETE BARRIER,0,0,CLOUDY,,NO UNUSUAL CONDITIONS,,D,DARK-NO STREET LIGHTS,37.765764,-122.151969,,,,,A,NO PEDESTRIANS INVOLVED,6/18/2023 12:44:00 AM,A,VC 23152(a),True,1,I-580 W/B,,,7/10/2023 2:57:58 PM,A,E,2587.0,KELLER AVE,F,,D,7/10/2023 2:58:03 PM,7/10/2023 2:58:03 PM,False,True,4,,6/18/2023 12:54:00 AM,54,False,,,True
2113215,9370-2023-02003,1,False,9370,6/30/2023 11:50:00 PM,2350,008,14,109,Oakland,1,True,True,B,SIDE SWIPE,,Friday,NotApplicable,False,M,,False,True,False,ALAMEDA SUPERIOR COURT WILEY W. MANUEL COURTHOUSE,C,OTHER MOTOR VEHICLE,,0,0,CLEAR,,NO UNUSUAL CONDITIONS,,C,DARK-STREET LIGHTS,37.824397,-122.307576,,,,,A,NO PEDESTRIANS INVOLVED,6/30/2023 11:50:00 PM,A,VC 22107,False,1,I-80 E/B TO MARITIME ST,,,7/10/2023 12:56:48 PM,A,W,2135.0,MARITIME ST,F,,D,7/10/2023 12:56:56 PM,7/10/2023 12:56:56 PM,False,True,4,,7/1/2023 12:09:00 AM,9,False,,,True
2113203,9370-2023-02007,1,False,9370,7/1/2023 12:30:00 PM,1230,098,14,109,Oakland,1,True,True,E,HIT OBJECT,,Saturday,NotApplicable,False,,,False,True,True,ALAMEDA SUPERIOR COURT WILEY W. MANUEL COURTHOUSE,I,FIXED OBJECT,CONCRETE BARRIER,1,0,CLEAR,,NO UNUSUAL CONDITIONS,,A,DAYLIGHT,37.802208,-122.280264,,,,,A,NO PEDESTRIANS INVOLVED,7/1/2023 12:30:00 PM,A,VC 22107,False,1,I-980 W/B TO I-880 S/B,,,7/10/2023 12:49:03 PM,A,W,1011.0,11TH ST,F,,D,7/10/2023 12:49:09 PM,7/10/2023 12:49:09 PM,False,True,4,,7/1/2023 12:36:00 PM,1236,False,,,True
2113157,9370-2023-02061,1,False,9370,7/7/2023 2:57:00 AM,257,052,14,109,Oakland,1,True,True,E,HIT OBJECT,,Friday,NotApplicable,False,,,False,True,False,ALAMEDA SUPERIOR COURT WILEY W. MANUEL COURTHOUSE,H,ANIMAL,DEER,0,0,CLEAR,,NO UNUSUAL CONDITIONS,,D,DARK-NO STREET LIGHTS,37.767915,-122.153254,,,,,A,NO PEDESTRIANS INVOLVED,7/7/2023 2:57:00 AM,C,,,,I-580 W/B,,,7/10/2023 12:18:21 PM,A,E,1711.0,KELLER AVE,F,,D,7/10/2023 12:18:29 PM,7/10/2023 12:18:29 PM,False,True,4,,7/7/2023 3:02:00 AM,302,True,EMBEDDED,,True
2113140,9370-2023-02048,1,False,9370,7/5/2023 8:25:00 AM,825,013,14,109,Oakland,1,True,True,B,SIDE SWIPE,,Wednesday,NotApplicable,False,M,,False,True,True,ALAMEDA SUPERIOR COURT WILEY W. MANUEL COURTHOUSE,C,OTHER MOTOR VEHICLE,,0,0,CLOUDY,,NO UNUSUAL CONDITIONS,,A,DAYLIGHT,37.789333,-122.181224,,,,,A,NO PEDESTRIANS INVOLVED,7/5/2023 8:25:00 AM,A,VC 21658(a),False,1,SR-13 N/B,,,7/10/2023 12:04:36 PM,A,S,1740.0,CARSON ST,F,,D,7/10/2023 12:04:46 PM,7/10/2023 12:04:46 PM,False,True,4,,7/5/2023 8:30:00 AM,830,False,,,True
2113129,9370-2023-02046,1,False,9370,7/5/2023 6:45:00 AM,645,176,14,109,Oakland,1,True,True,C,REAR END,,Wednesday,NotApplicable,False,,,False,True,True,ALAMEDA SUPERIOR COURT WILEY W. MANUEL COURTHOUSE,C,OTHER MOTOR VEHICLE,,0,0,CLOUDY,,NO UNUSUAL CONDITIONS,,A,DAYLIGHT,37.773999,-122.22988,,,,,A,NO PEDESTRIANS INVOLVED,7/5/2023 6:45:00 AM,A,VC 22350,True,1,I-880 N/B,,,7/10/2023 11:52:08 AM,A,S,1060.0,29TH AVE,F,,D,7/10/2023 11:52:18 AM,7/10/2023 11:52:18 AM,False,True,4,,7/5/2023 6:55:00 AM,655,False,,,True
2112875,9370-2023-02030,1,False,9370,7/3/2023 2:30:00 PM,1430,176,14,109,Oakland,1,True,True,C,REAR END,,Monday,NotApplicable,False,,,False,True,False,ALAMEDA SUPERIOR COURT WILEY W. MANUEL COURTHOUSE,C,OTHER MOTOR VEHICLE,,0,0,CLEAR,,NO UNUSUAL CONDITIONS,,A,DAYLIGHT,37.772341,-122.225436,,,,,A,NO PEDESTRIANS INVOLVED,7/3/2023 2:30:00 PM,A,VC 22350,False,1,I-880 S/B,,,7/10/2023 8:52:35 AM,A,N,2057.0,HIGH ST,F,,D,7/10/2023 8:52:43 AM,7/10/2023 8:52:43 AM,False,True,4,,7/3/2023 2:32:00 PM,1432,False,,,True
2112757,9370-2023-01917,1,False,9370,6/21/2023 8:16:00 AM,816,052,14,109,Oakland,1,True,True,B,SIDE SWIPE,,Wednesday,NotApplicable,False,M,,False,True,False,ALAMEDA SUPERIOR COURT WILEY W. MANUEL COURTHOUSE,C,OTHER MOTOR VEHICLE,,0,0,CLEAR,,NO UNUSUAL CONDITIONS,,A,DAYLIGHT,37.776682,-122.165205,,,,,A,NO PEDESTRIANS INVOLVED,6/21/2023 8:16:00 AM,A,VC 21658(A),False,1,I-580 E/B,,,7/10/2023 6:34:49 AM,A,W,300.0,EDWARDS AVE,F,,D,7/10/2023 6:34:55 AM,7/10/2023 6:34:55 AM,False,True,4,,6/21/2023 8:22:00 AM,822,False,,,False
2112607,9370-2023-01980,1,False,9370,6/28/2023 10:12:00 PM,2212,055,14,109,Oakland,1,True,True,C,REAR END,,Wednesday,No,False,,,False,True,True,ALAMEDA SUPERIOR COURT WILEY W. MANUEL COURTHOUSE,C,OTHER MOTOR VEHICLE,,0,0,CLEAR,,NO UNUSUAL CONDITIONS,,D,DARK-NO STREET LIGHTS,37.827984,-122.29476,,,,,A,NO PEDESTRIANS INVOLVED,6/28/2023 10:12:00 PM,A,VC 22350,False,1,I-580 W/B TO I-80 W/B,,,7/9/2023 12:59:21 PM,A,E,4380.0,WEST GRAND MARITME,F,,D,7/9/2023 1:00:30 PM,7/9/2023 1:00:30 PM,False,True,4,,6/28/2023 10:24:00 PM,2224,False,,,True
2112606,9370-2023-02024,1,False,9370,6/28/2023 10:10:00 PM,2210,055,14,109,Oakland,1,True,True,E,HIT OBJECT,,Wednesday,NotApplicable,False,,,False,True,True,ALAMEDA SUPERIOR COURT WILEY W. MANUEL COURTHOUSE,I,FIXED OBJECT,RAISED CONCRETE CURB,0,0,CLEAR,,NO UNUSUAL CONDITIONS,,D,DARK-NO STREET LIGHTS,37.827952,-122.294826,,,,,A,NO PEDESTRIANS INVOLVED,6/28/2023 10:10:00 PM,A,VC 23152(a),True,1,I-580 W/B TO I-80 W/B,,,7/9/2023 12:48:23 PM,A,E,4370.0,WEST GRAND MARITIME,F,,D,7/9/2023 12:49:16 PM,7/9/2023 12:49:16 PM,False,True,4,,6/28/2023 10:24:00 PM,2224,False,,,True
2112604,9370-2023-01976,1,False,9370,6/28/2023 1:45:00 AM,145,008,14,109,Oakland,1,True,True,C,REAR END,,Wednesday,Yes,False,M,,False,True,False,ALAMEDA SUPERIOR COURT WILEY W. MANUEL COURTHOUSE,C,OTHER MOTOR VEHICLE,,1,0,CLEAR,,NO UNUSUAL CONDITIONS,,D,DARK-NO STREET LIGHTS,37.82553,-122.305778,,,,,A,NO PEDESTRIANS INVOLVED,6/28/2023 1:45:00 AM,A,VC 22107,False,1,I-80 W/B,,,7/9/2023 12:17:50 PM,A,E,1050.0,W. GRAND AVE,F,,D,7/9/2023 12:17:54 PM,7/9/2023 12:17:54 PM,False,True,4,,6/28/2023 1:50:00 AM,150,False,,,True
2112599,9370-2023-01948,1,False,9370,6/24/2023 2:24:00 PM,1424,081,14,109,Oakland,1,True,True,C,REAR END,,Saturday,NotApplicable,False,M,,False,True,False,ALAMEDA SUPERIOR COURT WILEY W. MANUEL COURTHOUSE,C,OTHER MOTOR VEHICLE,,0,0,CLEAR,,NO UNUSUAL CONDITIONS,,A,DAYLIGHT,37.881847,-122.307971,,,,,A,NO PEDESTRIANS INVOLVED,6/24/2023 2:24:00 PM,A,VC 22350,False,1,I-80 E/B,,,7/9/2023 11:33:04 AM,A,W,2070.0,BUCHANAN ST,F,,D,7/9/2023 11:33:10 AM,7/9/2023 11:33:10 AM,False,True,4,,6/24/2023 3:38:00 PM,1538,False,,,True
2112582,9370-2023-01842,1,False,9370,6/15/2023 6:05:00 PM,1805,053,14,109,Oakland,1,True,True,C,REAR END,,Thursday,NotApplicable,False,,,False,True,False,ALAMEDA SUPERIOR COURT WILEY W. MANUEL COURTHOUSE,C,OTHER MOTOR VEHICLE,,0,0,CLEAR,,NO UNUSUAL CONDITIONS,,A,DAYLIGHT,37.789029,-122.200233,,,,,A,NO PEDESTRIANS INVOLVED,6/15/2023 6:05:00 PM,A,VC 22350,False,1,I-580 E/B,,,7/9/2023 8:51:05 AM,A,E,105.0,38TH AVE,F,,D,7/9/2023 8:51:09 AM,7/9/2023 8:51:09 AM,False,True,4,,6/15/2023 6:10:00 PM,1810,False,,,True
2112570,9370-2023-02064,1,False,9370,7/7/2023 9:30:00 AM,930,054,14,109,Oakland,1,True,True,C,REAR END,,Friday,NotApplicable,False,,,False,True,False,ALAMEDA SUPERIOR COURT WILEY W. MANUEL COURTHOUSE,C,OTHER MOTOR VEHICLE,,0,0,CLEAR,,NO UNUSUAL CONDITIONS,,A,DAYLIGHT,37.809956,-122.24674,,,,,A,NO PEDESTRIANS INVOLVED,7/7/2023 9:30:00 AM,A,VC 22350,False,1,I-580 W/B,,,7/9/2023 6:53:10 AM,A,E,600.0,GRAND AVE,F,,D,7/9/2023 6:53:21 AM,7/9/2023 6:53:21 AM,False,True,4,,7/7/2023 9:31:00 AM,931,False,,,True
2112569,9370-2023-02065,1,False,9370,7/7/2023 11:02:00 AM,1102,052,14,109,Oakland,1,True,True,C,REAR END,,Friday,NotApplicable,False,,,False,True,False,ALAMEDA SUPERIOR COURT WILEY W. MANUEL COURTHOUSE,C,OTHER MOTOR VEHICLE,,0,0,CLEAR,,NO UNUSUAL CONDITIONS,,A,DAYLIGHT,37.781471,-122.173389,,,,,A,NO PEDESTRIANS INVOLVED,7/7/2023 11:02:00 AM,A,VC 22350,False,1,I-580 W/B TO SEMINARY AVE,,,7/9/2023 6:49:59 AM,A,W,900.0,I-580 W/B,F,,D,7/9/2023 6:50:05 AM,7/9/2023 6:50:05 AM,False,True,4,,7/7/2023 11:11:00 AM,1111,False,,,True
2112464,9370-2023-02002,1,False,9370,6/30/2023 10:05:00 PM,2205,098,14,109,Oakland,1,True,True,B,SIDE SWIPE,,Friday,NotApplicable,False,,,False,True,False,ALAMEDA SUPERIOR COURT WILEY W. MANUEL COURTHOUSE,C,OTHER MOTOR VEHICLE,,0,0,CLEAR,,NO UNUSUAL CONDITIONS,,C,DARK-STREET LIGHTS,37.81373,-122.2719,,,,,A,NO PEDESTRIANS INVOLVED,6/30/2023 10:05:00 PM,A,VC 21658(A),False,2,I-980 E/B,,,7/8/2023 8:40:11 AM,A,E,200.0,23RD ST,F,,D,7/8/2023 8:40:19 AM,7/8/2023 8:40:19 AM,False,True,4,,6/30/2023 10:22:00 PM,2222,False,,,True
2112463,9370-2023-01879,1,False,9370,6/18/2023 7:05:00 PM,1905,024,14,109,Oakland,1,True,True,B,SIDE SWIPE,,Sunday,NotApplicable,False,M,,False,True,False,ALAMEDA SUPERIOR COURT WILEY W. MANUEL COURTHOUSE,C,OTHER MOTOR VEHICLE,,0,0,CLEAR,,NO UNUSUAL CONDITIONS,,Late-ReportedA,DAYLIGHT,37.856589,-122.215384,,,,,A,NO PEDESTRIANS INVOLVED,6/18/2023 7:05:00 PM,A,VC 21658(A),False,1,SR-24 W/B (BORE 3),,,7/8/2023 8:28:02 AM,A,W,2262.0,FISH RANCH RD,F,,D,7/8/2023 8:28:08 AM,7/8/2023 8:28:08 AM,False,True,4,,6/19/2023 11:30:00 AM,1130,False,,,True
2112462,9370-2023-01844,1,False,9370,6/15/2023 9:23:00 PM,2123,081,14,109,Oakland,1,True,True,C,REAR END,,Thursday,NotApplicable,False,M,,False,True,False,ALAMEDA SUPERIOR COURT WILEY W. MANUEL COURTHOUSE,C,OTHER MOTOR VEHICLE,,0,0,CLEAR,,NO UNUSUAL CONDITIONS,,A,DAYLIGHT,37.874157,-122.305852,,,,,A,NO PEDESTRIANS INVOLVED,6/15/2023 9:23:00 PM,A,VC 22350,False,1,I-80 E/B,,,7/8/2023 8:15:02 AM,A,W,630.0,GILMAN ST,F,,D,7/8/2023 8:15:09 AM,7/8/2023 8:15:09 AM,False,True,4,,6/15/2023 9:30:00 PM,2130,False,,,True
2112460,9370-2023-01648,1,False,9370,5/28/2023 6:00:00 AM,600,737,14,109,Oakland,1,True,True,B,SIDE SWIPE,,Sunday,NotApplicable,False,,,False,False,False,ALAMEDA SUPERIOR COURT WILEY W. MANUEL COURTHOUSE,C,OTHER MOTOR VEHICLE,,0,0,INSIDE PARKING GARAGE,,OTHER* - PARKING GARAGE,,C,DARK-STREET LIGHTS,37.810913,-122.264908,,,,,A,NO PEDESTRIANS INVOLVED,5/28/2023 6:00:00 AM,D,,,,111 GRAND AVENUE (PARKING LOT),,,7/8/2023 7:34:54 AM,A,E,50.0,WEBSTER ST,F,,D,7/8/2023 7:35:00 AM,7/8/2023 7:35:00 AM,False,False,4,,5/28/2023 11:30:00 AM,1130,False,,,True
2112458,9370-2023-01594,1,False,9370,5/23/2023 3:30:00 PM,1530,052,14,109,Oakland,1,True,True,C,REAR END,,Tuesday,NotApplicable,False,M,,False,True,False,ALAMEDA SUPERIOR COURT WILEY W. MANUEL COURTHOUSE,A,NON-COLLISION,,0,0,CLEAR,,NO UNUSUAL CONDITIONS,,A,DAYLIGHT,37.755116,-122.150409,,,,,A,NO PEDESTRIANS INVOLVED,5/23/2023 3:30:00 PM,A,VC 22350,False,1,I-580 E/B TO GOLF LINKS ROAD,,,7/8/2023 6:46:10 AM,A,W,540.0,GOLF LINKS RD,F,,D,7/8/2023 6:46:16 AM,7/8/2023 6:46:16 AM,False,True,4,,5/23/2023 3:35:00 PM,1535,False,,,True
2112457,9370-2023-01532,1,False,9370,5/16/2023 11:10:00 PM,2310,176,14,109,Oakland,1,True,True,B,SIDE SWIPE,,Tuesday,NotApplicable,False,M,,False,True,False,ALAMEDA SUPERIOR COURT WILEY W. MANUEL COURTHOUSE,C,OTHER MOTOR VEHICLE,,0,0,CLEAR,,NO UNUSUAL CONDITIONS,,C,DARK-STREET LIGHTS,37.763744,-122.216947,,,,,A,NO PEDESTRIANS INVOLVED,5/16/2023 11:10:00 PM,B,UNSAFE MERGE,,1,I-880 S/B,,,7/8/2023 6:42:13 AM,A,S,1860.0,HIGH ST,F,,D,7/8/2023 6:42:20 AM,7/8/2023 6:42:20 AM,False,True,4,,5/16/2023 11:15:00 PM,2315,False,,,
2110619,9370-2023-01613,1,False,9370,5/25/2023 12:00:00 AM,1250,053,14,109,Oakland,1,True,True,E,HIT OBJECT,,Thursday,NotApplicable,False,,,False,True,False,ALAMEDA SUPERIOR COURT WILEY W. MANUEL COURTHOUSE,I,FIXED OBJECT,EMBANKMENT,2,0,CLEAR,,NO UNUSUAL CONDITIONS,,D,DARK-NO STREET LIGHTS,37.792049,-122.202911,,,,,A,NO PEDESTRIANS INVOLVED,5/25/2023 12:00:00 AM,A,VC 23152(F),False,1,I-580 W/B,,,7/6/2023 8:04:15 AM,A,E,200.0,35TH AVE,F,,D,7/6/2023 8:05:21 AM,7/6/2023 8:05:21 AM,False,True,4,,5/25/2023 12:00:00 AM,1255,False,,,
2110575,9370-2023-02001,1,False,9370,6/30/2023 6:15:00 PM,1815,053,14,109,Oakland,1,True,True,C,REAR END,,Friday,NotApplicable,False,M,,False,True,False,ALAMEDA SUPERIOR COURT WILEY W. MANUEL COURTHOUSE,C,OTHER MOTOR VEHICLE,,0,0,CLEAR,,NO UNUSUAL CONDITIONS,,A,DAYLIGHT,37.79907,-122.22093,,,,,A,NO PEDESTRIANS INVOLVED,6/30/2023 6:15:00 PM,A,VC 22350,False,1,I-580 E/B,,,7/6/2023 7:18:55 AM,A,E,75.0,EAST SHEFFIELD OVER CROSSING,F,,D,7/6/2023 7:19:20 AM,7/6/2023 7:19:20 AM,False,True,4,,6/30/2023 6:20:00 PM,1820,False,,,True
2110572,9370-2023-01966,1,False,9370,6/27/2023 4:25:00 AM,425,025,14,109,Oakland,1,True,True,E,HIT OBJECT,,Tuesday,NotApplicable,False,,,False,True,False,ALAMEDA SUPERIOR COURT WILEY W. MANUEL COURTHOUSE,I,FIXED OBJECT,CONCRETE WALL,0,0,CLEAR,,NO UNUSUAL CONDITIONS,,A,DAYLIGHT,37.827845,-122.267556,,,,,A,NO PEDESTRIANS INVOLVED,6/27/2023 4:25:00 AM,A,VC 22107,False,1,SR-24 WESTBOUND,,,7/6/2023 7:15:44 AM,A,E,601.0,40TH STREET,F,,A,7/6/2023 7:16:30 AM,7/6/2023 7:16:30 AM,False,True,4,,6/27/2023 4:31:00 AM,431,False,,,