collision-id,report-number,report-version,is-preliminary,ncic-code,crash-date-time,crash-time-description,beat,city-id,city-code,city-name,county-code,city-is-active,city-is-incorporated,collision-type-code,collision-type-description,collision-type-other-desc,day-of-week,dispatch-notified,has-photographs,hit-run,is-attachments-mailed,is-deleted,is-highway-related,is-tow-away,judicial-district,motor-vehicle-involved-with-code,motor-vehicle-involved-with-desc,motor-vehicle-involved-with-other-desc,number-injured,number-killed,weather-1,weather-2,road-condition-1,road-condition-2,special-condition-lighting-code,lighting-description,latitude,longitude,milepost-direction,milepost-distance,milepost-marker,milepost-unit-of-measure,pedestrian-action-code,pedestrian-action-desc,prepared-date,primary-collision-factor-code,primary-collision-factor-violation,primary-collision-factor-is-cited,primary-collision-party-number,primary-road,reporting-district,reporting-district-code,reviewed-date,roadway-surface-code,secondary-direction,secondary-distance,secondary-road,secondary-unit-of-measure,sketch-desc,traffic-control-device-code,created-date,modified-date,is-county-road,is-freeway,chp-555-version,is-additonal-object-struck,notification-date,notification-time-description,has-digital-media-files,evidence-number,is-location-refer-to-narrative,is-aoi-one-same-as-location
2134091,9370-2023-02301,1,False,9370,7/27/2023 6:04:00 PM,1804,008,14,109,Oakland,1,True,True,C,REAR END,,Thursday,NotApplicable,False,M,,False,True,False,ALAMEDA SUPERIOR COURT WILEY W. MANUEL COURTHOUSE,C,OTHER MOTOR VEHICLE,,0,0,CLEAR,,NO UNUSUAL CONDITIONS,,A,DAYLIGHT,37.82401,-122.312624,,,,,A,NO PEDESTRIANS INVOLVED,7/27/2023 6:04:00 PM,A,VC 22350,False,1,I-80 E/B,,,8/2/2023 9:14:36 AM,A,W,785.0,WEST GRAND AVENUE,F,,D,8/2/2023 9:14:41 AM,8/2/2023 9:14:41 AM,False,True,4,,7/27/2023 6:08:00 PM,1808,False,,True,
2133985,9370-2023-02270,1,False,9370,7/25/2023 11:02:00 AM,1102,177,14,109,Oakland,1,True,True,E,HIT OBJECT,,Tuesday,NotApplicable,False,,,False,True,True,ALAMEDA SUPERIOR COURT WILEY W. MANUEL COURTHOUSE,I,FIXED OBJECT,CONCRETE BARRIER WALL,0,0,CLEAR,,NO UNUSUAL CONDITIONS,,A,DAYLIGHT,37.785199,-122.243346,,,,,A,NO PEDESTRIANS INVOLVED,7/25/2023 11:02:00 AM,A,VC 22107,False,1,I-880 N/B,,,8/2/2023 7:53:50 AM,A,S,3750.0,FIFTH AVE,F,,D,8/2/2023 7:53:52 AM,8/2/2023 7:53:52 AM,False,True,4,False,7/25/2023 11:07:00 AM,1107,False,,,True
2133957,9370-2023-02196,1,False,9370,7/19/2023 12:06:00 AM,6,053,14,109,Oakland,1,True,True,E,HIT OBJECT,,Wednesday,NotApplicable,False,,,False,True,False,ALAMEDA SUPERIOR COURT WILEY W. MANUEL COURTHOUSE,J,OTHER OBJECT,TIRE,0,0,CLEAR,,NO UNUSUAL CONDITIONS,,D,DARK-NO STREET LIGHTS,37.798761,-122.218194,,,,,A,NO PEDESTRIANS INVOLVED,7/19/2023 12:06:00 AM,C,,,,I-580 W/B,,,8/2/2023 7:10:27 AM,A,W,288.0,FRUITVALE AVENUE,F,,D,8/2/2023 7:10:29 AM,8/2/2023 7:10:29 AM,False,True,4,,7/19/2023 12:19:00 AM,19,False,,,True
2133898,9370-2023-02195,1,False,9370,7/19/2023 12:17:00 AM,17,053,14,109,Oakland,1,True,True,E,HIT OBJECT,,Wednesday,NotApplicable,False,,,False,True,False,ALAMEDA SUPERIOR COURT WILEY W. MANUEL COURTHOUSE,J,OTHER OBJECT,LARGE TIRE,0,0,CLEAR,,NO UNUSUAL CONDITIONS,,D,DARK-NO STREET LIGHTS,37.798803,-122.218495,,,,,A,NO PEDESTRIANS INVOLVED,7/19/2023 12:17:00 AM,C,,,,I-580 W/B,,,8/2/2023 4:33:23 AM,A,W,350.0,FRUITVALE AVE,F,,D,8/2/2023 4:33:27 AM,8/2/2023 4:33:27 AM,False,True,4,,7/19/2023 12:18:00 AM,18,False,,,True
2133509,9335-2023-01337,1,False,9335,7/12/2023 9:25:00 AM,925,082,14,109,Oakland,1,True,True,C,REAR END,,Wednesday,NotApplicable,False,M,,False,True,False,ALAMEDA SUPERIOR COURT ALAMEDA,C,OTHER MOTOR VEHICLE,,0,0,CLEAR,,NO UNUSUAL CONDITIONS,,A,DAYLIGHT,37.821954,-122.329982,,,,,A,NO PEDESTRIANS INVOLVED,7/12/2023 9:25:00 AM,A,VC 22350,False,1,I-80 WESTBOUND,,,8/1/2023 2:28:04 PM,A,W,4570.0,THE PROLONGATION OF THE SAN FRANCISCO OAKLAND BAY BRIDGE TOLL PLAZA,F,,D,8/1/2023 2:28:05 PM,8/1/2023 2:28:05 PM,False,True,4,,7/12/2023 9:39:00 AM,939,False,,,True
2133420,9370-2023-02332,1,False,9370,7/31/2023 5:30:00 PM,1730,053,14,109,Oakland,1,True,True,C,REAR END,,Monday,NotApplicable,False,,,False,True,False,ALAMEDA SUPERIOR COURT WILEY W. MANUEL COURTHOUSE,C,OTHER MOTOR VEHICLE,,0,0,CLEAR,,NO UNUSUAL CONDITIONS,,A,DAYLIGHT,37.780684,-122.173322,,,,,A,NO PEDESTRIANS INVOLVED,7/31/2023 5:30:00 PM,A,VC 22350,False,1,I-580 E/B,,,8/1/2023 1:33:23 PM,A,E,113.0,SEMINARY AVE,F,,D,8/1/2023 1:33:25 PM,8/1/2023 1:33:25 PM,False,True,4,,7/31/2023 5:32:00 PM,1732,False,,,True
2133288,9370-2023-02183,1,False,9370,7/17/2023 10:14:00 PM,2214,054,14,109,Oakland,1,True,True,B,SIDE SWIPE,,Monday,NotApplicable,False,M,,False,True,False,ALAMEDA SUPERIOR COURT WILEY W. MANUEL COURTHOUSE,C,OTHER MOTOR VEHICLE,,0,0,CLEAR,,NO UNUSUAL CONDITIONS,,C,DARK-STREET LIGHTS,37.799953,-122.223644,,,,,A,NO PEDESTRIANS INVOLVED,7/17/2023 10:14:00 PM,A,VC 21658(A),False,1,I-580 W/B,,,8/1/2023 1:23:22 PM,A,E,125.0,ARDLEY AVENUE OVER-CROSSING,F,,D,8/1/2023 1:23:26 PM,8/1/2023 1:23:26 PM,False,True,4,,7/17/2023 11:49:00 PM,2349,False,,,True
2133278,9370-2023-02162,1,False,9370,7/16/2023 12:30:00 AM,30,052,14,109,Oakland,1,True,True,B,SIDE SWIPE,,Sunday,Yes,False,,,False,True,False,ALAMEDA SUPERIOR COURT WILEY W. MANUEL COURTHOUSE,C,OTHER MOTOR VEHICLE,,0,0,CLEAR,,NO UNUSUAL CONDITIONS,,D,DARK-NO STREET LIGHTS,37.76132,-122.148514,,,,,A,NO PEDESTRIANS INVOLVED,7/16/2023 12:30:00 AM,A,VC 22107,False,,I-580 WESTBOUND,,,8/1/2023 1:12:02 PM,A,W,928.0,TWIN OAKS WAY,F,,D,8/1/2023 1:12:06 PM,8/1/2023 1:12:06 PM,False,True,4,,7/16/2023 12:35:00 AM,35,False,,,True
2133239,9370-2023-02168,1,False,9370,7/15/2023 5:20:00 PM,1720,053,14,109,Oakland,1,True,True,B,SIDE SWIPE,,Saturday,NotApplicable,False,M,,False,True,False,ALAMEDA SUPERIOR COURT WILEY W. MANUEL COURTHOUSE,C,OTHER MOTOR VEHICLE,,0,0,CLEAR,,NO UNUSUAL CONDITIONS,,A,DAYLIGHT,37.745488,-122.148953,,,,,A,NO PEDESTRIANS INVOLVED,7/15/2023 5:20:00 PM,A,VC 21658(A),True,1,I-580 W/B,,,8/1/2023 12:33:24 PM,A,W,150.0,106TH AVENUE,F,,D,8/1/2023 12:33:29 PM,8/1/2023 12:33:29 PM,False,True,4,,7/15/2023 5:22:00 PM,1722,False,,,True
2133156,9370-2023-01938,1,False,9370,6/23/2023 1:00:00 PM,1300,052,14,109,Oakland,1,True,True,B,SIDE SWIPE,,Friday,Yes,False,,,False,True,False,ALAMEDA SUPERIOR COURT WILEY W. MANUEL COURTHOUSE,C,OTHER MOTOR VEHICLE,,1,0,CLEAR,,NO UNUSUAL CONDITIONS,,A,DAYLIGHT,37.734582,-122.139914,,,,,A,NO PEDESTRIANS INVOLVED,6/23/2023 1:00:00 PM,A,VC 21658(A),False,,I-580 E/B,,,8/1/2023 11:02:42 AM,A,W,50.0,DUTTON AVENUE,F,,D,8/1/2023 11:02:47 AM,8/1/2023 11:02:47 AM,False,True,4,,6/23/2023 1:05:00 PM,1305,False,,,True
2133121,9370-2023-01836,1,False,9370,6/15/2023 4:20:00 PM,1620,177,14,109,Oakland,1,True,True,C,REAR END,,Thursday,NotApplicable,False,M,,False,True,False,ALAMEDA SUPERIOR COURT WILEY W. MANUEL COURTHOUSE,C,OTHER MOTOR VEHICLE,,0,0,CLEAR,,NO UNUSUAL CONDITIONS,,A,DAYLIGHT,37.800189,-122.279585,,,,,A,NO PEDESTRIANS INVOLVED,6/15/2023 4:20:00 PM,A,VC 22350,False,1,I-880 S/B,,,8/1/2023 10:35:36 AM,A,N,60.0,I-980 OVERCROSSING,F,,D,8/1/2023 10:36:54 AM,8/1/2023 10:36:54 AM,False,True,4,,6/15/2023 4:25:00 PM,1625,False,,,True
2133112,9370-2023-02193,1,False,9370,7/19/2023 12:15:00 AM,15,053,14,109,Oakland,1,True,True,E,HIT OBJECT,,Wednesday,NotApplicable,False,,,False,True,False,ALAMEDA SUPERIOR COURT WILEY W. MANUEL COURTHOUSE,J,OTHER OBJECT,LARGE TIRE,0,0,CLEAR,,NO UNUSUAL CONDITIONS,,D,DARK-NO STREET LIGHTS,37.798622,-122.217879,,,,,A,NO PEDESTRIANS INVOLVED,7/19/2023 12:15:00 AM,C,,,,I-580 W/B,,,8/1/2023 10:30:04 AM,A,W,250.0,FRUITVALE AVENUE,F,,D,8/1/2023 10:30:06 AM,8/1/2023 10:30:06 AM,False,True,4,,7/19/2023 12:18:00 AM,18,False,,,True
2133076,9370-2023-02318,1,False,9370,7/29/2023 1:40:00 PM,1340,177,14,109,Oakland,1,True,True,C,REAR END,,Saturday,NotApplicable,False,M,,False,True,False,ALAMEDA SUPERIOR COURT WILEY W. MANUEL COURTHOUSE,C,OTHER MOTOR VEHICLE,,0,0,CLEAR,,NO UNUSUAL CONDITIONS,,A,DAYLIGHT,37.790755,-122.260273,,,,,A,NO PEDESTRIANS INVOLVED,7/29/2023 1:40:00 PM,A,VC 22350,False,1,I-880 N/B,,,8/1/2023 10:10:33 AM,A,N,80.0,5TH AVENUE,F,,D,8/1/2023 10:10:40 AM,8/1/2023 10:10:40 AM,False,True,4,,7/29/2023 1:45:00 PM,1345,False,,,True
2132926,9370-2023-02316,1,False,9370,7/29/2023 2:30:00 AM,230,054,14,109,Oakland,1,True,True,E,HIT OBJECT,,Saturday,NotApplicable,False,,,False,True,False,ALAMEDA SUPERIOR COURT WILEY W. MANUEL COURTHOUSE,I,FIXED OBJECT,ATTENUATOR,0,0,CLEAR,,NO UNUSUAL CONDITIONS,,C,DARK-STREET LIGHTS,37.81177,-122.249907,,,,,A,NO PEDESTRIANS INVOLVED,7/29/2023 2:30:00 AM,A,VC 22107,False,1,I-580 W/B,,,8/1/2023 9:00:54 AM,A,W,515.0,GRAND AVE,F,,D,8/1/2023 9:00:55 AM,8/1/2023 9:00:55 AM,False,True,4,,7/29/2023 2:33:00 AM,233,False,,,True
2132854,9370-2023-02269,1,False,9370,7/25/2023 12:55:00 AM,55,052,14,109,Oakland,1,True,True,E,HIT OBJECT,,Tuesday,NotApplicable,False,,,False,True,True,ALAMEDA SUPERIOR COURT WILEY W. MANUEL COURTHOUSE,J,OTHER OBJECT,MATTRESS,0,0,CLEAR,,NO UNUSUAL CONDITIONS,,D,DARK-NO STREET LIGHTS,37.748798,-122.150958,,,,,A,NO PEDESTRIANS INVOLVED,7/25/2023 12:55:00 AM,C,,,,I-580 EASTBOUND,,,8/1/2023 8:12:40 AM,A,W,1477.0,106TH AVENUE,F,,D,8/1/2023 8:12:42 AM,8/1/2023 8:12:42 AM,False,True,4,,7/25/2023 1:00:00 AM,100,False,,,True
2132729,9370-2023-01761,1,False,9370,6/9/2023 6:50:00 PM,1850,024,14,109,Oakland,1,True,True,B,SIDE SWIPE,,Friday,NotApplicable,False,,,False,True,True,ALAMEDA SUPERIOR COURT WILEY W. MANUEL COURTHOUSE,C,OTHER MOTOR VEHICLE,,1,0,CLEAR,,NO UNUSUAL CONDITIONS,,B,DUSK-DAWN,37.828206,-122.266597,,,,,A,NO PEDESTRIANS INVOLVED,6/9/2023 6:50:00 PM,A,VC 21658(A),False,1,SR-24 E/B TO MLK JR WAY,,,8/1/2023 6:09:58 AM,A,E,260.0,WEST MACARTHUR,F,,D,8/1/2023 6:10:05 AM,8/1/2023 6:10:05 AM,False,True,4,True,6/9/2023 6:55:00 PM,1855,False,,,False
2132722,9370-2023-02233,1,False,9370,7/21/2023 11:00:00 AM,1100,013,14,109,Oakland,1,True,True,E,HIT OBJECT,,Friday,NotApplicable,False,M,,False,True,False,ALAMEDA SUPERIOR COURT WILEY W. MANUEL COURTHOUSE,J,OTHER OBJECT,HUB CAP,0,0,CLEAR,,NO UNUSUAL CONDITIONS,,A,DAYLIGHT,37.848435,-122.227907,,,,,A,NO PEDESTRIANS INVOLVED,7/21/2023 11:00:00 AM,C,,,,SR-13 S/B,,,8/1/2023 5:48:15 AM,A,N,435.0,BROADWAY,F,,D,8/1/2023 5:48:17 AM,8/1/2023 5:48:17 AM,False,True,4,,7/21/2023 12:00:00 PM,1200,False,,,True
2132716,9370-2023-02227,1,False,9370,7/21/2023 2:20:00 AM,220,053,14,109,Oakland,1,True,True,E,HIT OBJECT,SOLO CRASH,Friday,NotApplicable,False,,,False,True,True,ALAMEDA SUPERIOR COURT WILEY W. MANUEL COURTHOUSE,I,FIXED OBJECT,CONCRETE WALL,0,0,CLEAR,,NO UNUSUAL CONDITIONS,,D,DARK-NO STREET LIGHTS,37.801832,-122.230291,,,,,A,NO PEDESTRIANS INVOLVED,7/21/2023 2:20:00 AM,A,VC 22107,False,1,I-580 WESTBOUND,,,8/1/2023 4:51:04 AM,A,E,393.0,13TH AVE,F,,D,8/1/2023 4:51:39 AM,8/1/2023 4:51:39 AM,False,True,4,,7/21/2023 2:30:00 AM,230,False,,False,True
2132714,9370-2023-02209,1,False,9370,7/19/2023 10:32:00 PM,2232,008,14,109,Oakland,1,True,True,B,SIDE SWIPE,,Wednesday,NotApplicable,False,M,,False,True,True,ALAMEDA SUPERIOR COURT WILEY W. MANUEL COURTHOUSE,C,OTHER MOTOR VEHICLE,,0,0,CLEAR,,NO UNUSUAL CONDITIONS,,C,DARK-STREET LIGHTS,37.825704,-122.303583,,,,,A,NO PEDESTRIANS INVOLVED,7/19/2023 10:32:00 PM,A,VC 21658(A),False,1,I-80 WESTBOUND,,,8/1/2023 4:38:25 AM,A,E,641.0,MARITIME STREET,F,,D,8/1/2023 4:38:30 AM,8/1/2023 4:38:30 AM,False,True,4,,7/19/2023 10:36:00 PM,2236,False,,False,True
2132713,9370-2023-02259,1,False,9370,7/23/2023 9:50:00 PM,2150,024,14,109,Oakland,1,True,True,C,REAR END,,Sunday,Yes,False,,,False,True,False,ALAMEDA SUPERIOR COURT WILEY W. MANUEL COURTHOUSE,C,OTHER MOTOR VEHICLE,,0,0,CLEAR,,NO UNUSUAL CONDITIONS,,C,DARK-STREET LIGHTS,37.854448,-122.219225,,,,,A,NO PEDESTRIANS INVOLVED,7/23/2023 9:50:00 PM,A,VC 22350,False,1,SR-24 E/B,,,8/1/2023 4:35:45 AM,A,W,500.0,CALDECOTT TUNL,F,,D,8/1/2023 4:35:48 AM,8/1/2023 4:35:48 AM,False,True,4,False,7/23/2023 9:59:00 PM,2159,False,,,True
2132224,9370-2023-01925,1,False,9370,6/23/2023 3:15:00 AM,315,098,14,109,Oakland,1,True,True,E,HIT OBJECT,,Friday,Yes,False,,,False,True,False,ALAMEDA SUPERIOR COURT WILEY W. MANUEL COURTHOUSE,I,FIXED OBJECT,CURB EDGE,0,0,CLOUDY,,NO UNUSUAL CONDITIONS,,D,DARK-NO STREET LIGHTS,37.823565,-122.265939,,,,,A,NO PEDESTRIANS INVOLVED,6/23/2023 3:15:00 AM,A,VC 23152(A),True,1,I-980 E/B TO I-580 E/B,,,7/31/2023 1:22:59 PM,B,W,50.0,HARRISON,F,,D,7/31/2023 1:23:04 PM,7/31/2023 1:23:04 PM,False,True,4,,6/23/2023 3:30:00 AM,330,False,,,False
2132189,9370-2023-02164,1,False,9370,7/15/2023 10:30:00 PM,2230,098,14,109,Oakland,1,True,True,C,REAR END,,Saturday,NotApplicable,False,M,,False,True,False,ALAMEDA SUPERIOR COURT WILEY W. MANUEL COURTHOUSE,C,OTHER MOTOR VEHICLE,,0,0,CLEAR,,NO UNUSUAL CONDITIONS,,C,DARK-STREET LIGHTS,37.801792,-122.28026,,,,,A,NO PEDESTRIANS INVOLVED,7/15/2023 10:30:00 PM,A,VC 22350,False,1,I-980 W/B TO I-880 S/B,,,7/31/2023 12:45:59 PM,A,N,354.0,JACKSON ST,F,,D,7/31/2023 12:47:03 PM,7/31/2023 12:47:03 PM,False,True,4,,7/15/2023 10:35:00 PM,2235,False,,,True
2132092,9370-2023-02251,1,False,9370,7/22/2023 4:15:00 PM,1615,080,14,109,Oakland,1,True,True,C,REAR END,,Saturday,NotApplicable,False,M,,False,True,False,ALAMEDA SUPERIOR COURT WILEY W. MANUEL COURTHOUSE,C,OTHER MOTOR VEHICLE,,0,0,CLEAR,,NO UNUSUAL CONDITIONS,,A,DAYLIGHT,37.836803,-122.295645,,,,,A,NO PEDESTRIANS INVOLVED,7/22/2023 4:15:00 PM,A,VC 21658(A),False,1,I-80 EB TO POWELL ST,,,7/31/2023 11:30:05 AM,A,W,480.0,POWELL ST,F,,D,7/31/2023 11:30:08 AM,7/31/2023 11:30:08 AM,False,True,4,,7/22/2023 4:20:00 PM,1620,False,,,
2131864,9370-2023-02021,1,False,9370,7/2/2023 1:26:00 PM,1326,008,14,109,Oakland,1,True,True,C,REAR END,,Sunday,Yes,False,,,False,True,False,ALAMEDA SUPERIOR COURT WILEY W. MANUEL COURTHOUSE,C,OTHER MOTOR VEHICLE,,2,0,CLEAR,,NO UNUSUAL CONDITIONS,,A,DAYLIGHT,37.825243,-122.313741,,,,,A,NO PEDESTRIANS INVOLVED,7/2/2023 1:26:00 PM,A,VC 21658(A),False,1,I-80 W/B,,,7/31/2023 9:12:03 AM,A,W,1100.0,WEST GRAND AVE,F,,A,7/31/2023 9:12:52 AM,7/31/2023 9:12:52 AM,False,True,4,,7/2/2023 1:30:00 PM,1330,False,,,True
2131837,9370-2023-02051,1,False,9370,7/5/2023 3:14:00 PM,1514,176,14,109,Oakland,1,True,True,B,SIDE SWIPE,,Wednesday,NotApplicable,False,M,,False,True,False,ALAMEDA SUPERIOR COURT WILEY W. MANUEL COURTHOUSE,C,OTHER MOTOR VEHICLE,,0,0,CLEAR,,NO UNUSUAL CONDITIONS,,A,DAYLIGHT,37.755274,-122.209475,,,,,A,NO PEDESTRIANS INVOLVED,7/5/2023 3:14:00 PM,A,VC 21658(A),False,1,I-880 S/B,,,7/31/2023 8:56:30 AM,A,N,710.0,66TH AVE,F,,D,7/31/2023 8:56:39 AM,7/31/2023 8:56:39 AM,False,True,4,,7/5/2023 3:23:00 PM,1523,False,,,True
2131541,9370-2023-02273,1,False,9370,7/25/2023 5:30:00 PM,1730,052,14,109,Oakland,1,True,True,C,REAR END,,Tuesday,NotApplicable,False,,,False,True,True,ALAMEDA SUPERIOR COURT WILEY W. MANUEL COURTHOUSE,C,OTHER MOTOR VEHICLE,,1,0,CLEAR,,NO UNUSUAL CONDITIONS,,A,DAYLIGHT,37.784028,-122.183576,,,,,A,NO PEDESTRIANS INVOLVED,7/25/2023 5:30:00 PM,A,VC 22350,False,1,I-580 E/B,,,7/30/2023 1:04:55 PM,A,N,2000.0,MOUNTAIN BLVD,F,,D,7/30/2023 1:04:59 PM,7/30/2023 1:04:59 PM,False,True,4,,7/25/2023 5:31:00 PM,1731,False,,,True
2131527,9370-2023-02224,1,False,9370,7/20/2023 7:30:00 PM,1930,024,14,109,Oakland,1,True,True,B,SIDE SWIPE,,Thursday,NotApplicable,False,M,,False,True,False,ALAMEDA SUPERIOR COURT WILEY W. MANUEL COURTHOUSE,C,OTHER MOTOR VEHICLE,,0,0,CLEAR,,NO UNUSUAL CONDITIONS,,A,DAYLIGHT,37.8302,-122.266367,,,,,A,NO PEDESTRIANS INVOLVED,7/20/2023 7:30:00 PM,A,VC 21658(A),False,1,I-580 E/B TO SR-24 E/B,,,7/30/2023 10:43:43 AM,A,W,2730.0,52ND STREET,F,,D,7/30/2023 10:43:48 AM,7/30/2023 10:43:48 AM,False,True,4,,7/20/2023 7:45:00 PM,1945,False,,,True
2131523,9370-2023-02166,1,False,9370,7/16/2023 1:55:00 PM,1355,024,14,109,Oakland,1,True,True,C,REAR END,,Sunday,NotApplicable,False,,,False,True,False,ALAMEDA SUPERIOR COURT WILEY W. MANUEL COURTHOUSE,C,OTHER MOTOR VEHICLE,,0,0,CLEAR,,NO UNUSUAL CONDITIONS,,A,DAYLIGHT,37.827289,-122.268166,,,,,A,NO PEDESTRIANS INVOLVED,7/16/2023 1:55:00 PM,A,VC 22350,False,1,SR-24 W/B TO I-580 W/B,,,7/30/2023 9:29:02 AM,A,E,80.0,W. MACARTHUR BLVD,F,,D,7/30/2023 9:29:53 AM,7/30/2023 9:29:53 AM,False,True,4,,7/16/2023 2:00:00 PM,1400,False,,,True
2131522,9370-2023-02141,1,False,9370,7/13/2023 4:40:00 PM,1640,055,14,109,Oakland,1,True,True,E,HIT OBJECT,,Thursday,NotApplicable,False,,,False,True,False,ALAMEDA SUPERIOR COURT WILEY W. MANUEL COURTHOUSE,I,FIXED OBJECT,CONCRETE BARRIER,1,0,CLEAR,,NO UNUSUAL CONDITIONS,,A,DAYLIGHT,37.822228,-122.259798,,,,,A,NO PEDESTRIANS INVOLVED,7/13/2023 4:40:00 PM,A,VC 22107,False,1,I-580 E/B,,,7/30/2023 9:18:12 AM,A,W,1450.0,HARRISON STREET,F,,A,7/30/2023 9:18:15 AM,7/30/2023 9:18:15 AM,False,True,4,False,7/13/2023 4:41:00 PM,1641,False,,,True
2131519,9370-2023-01959,1,False,9370,6/25/2023 8:35:00 PM,2035,055,14,109,Oakland,1,True,True,E,HIT OBJECT,,Sunday,NotApplicable,False,M,,False,True,True,ALAMEDA SUPERIOR COURT WILEY W. MANUEL COURTHOUSE,I,FIXED OBJECT,CEMENT WALL,0,0,CLOUDY,,NO UNUSUAL CONDITIONS,,D,DARK-NO STREET LIGHTS,37.828323,-122.292733,,,,,A,NO PEDESTRIANS INVOLVED,6/25/2023 8:35:00 PM,A,VC 22107,False,1,I-580 W/B TO I-80 E/B,,,7/30/2023 7:20:20 AM,A,W,3500.0,POWELL ST,F,,D,7/30/2023 7:20:25 AM,7/30/2023 7:20:25 AM,False,True,4,,6/25/2023 8:40:00 PM,2040,False,,,True
2131518,9370-2023-01722,1,False,9370,6/5/2023 4:08:00 PM,1608,901,14,109,Oakland,1,True,True,C,REAR END,,Monday,Yes,False,,,False,False,True,ALAMEDA SUPERIOR COURT WILEY W. MANUEL COURTHOUSE,C,OTHER MOTOR VEHICLE,,0,0,CLEAR,,NO UNUSUAL CONDITIONS,,A,DAYLIGHT,37.818532,-122.254445,,,,,A,NO PEDESTRIANS INVOLVED,6/5/2023 4:08:00 PM,A,VC 23152(a),True,1,OAKLAND AVENUE,,,7/30/2023 7:04:43 AM,A,S,200.0,PERRY PL,F,,A,7/30/2023 7:06:11 AM,7/30/2023 7:06:11 AM,False,False,4,,6/5/2023 4:09:00 PM,1609,False,,,True
2131517,9370-2023-01721,1,False,9370,6/5/2023 4:05:00 PM,1605,901,14,109,Oakland,1,True,True,C,REAR END,,Monday,Yes,False,,,False,False,True,ALAMEDA SUPERIOR COURT WILEY W. MANUEL COURTHOUSE,E,PARKED MOTOR VEHICLE,,0,0,CLEAR,,NO UNUSUAL CONDITIONS,,A,DAYLIGHT,37.820742,-122.258798,,,,,A,NO PEDESTRIANS INVOLVED,6/5/2023 4:05:00 PM,A,VC 23152(G),True,1,RICHMOND BOULEVARD,,,7/30/2023 7:02:00 AM,A,,,CROXTON AVENUE,,,D,7/30/2023 7:02:05 AM,7/30/2023 7:02:05 AM,False,False,4,,6/5/2023 4:09:00 PM,1609,False,,,True
2131516,9370-2023-01840,1,False,9370,6/15/2023 5:18:00 PM,1718,055,14,109,Oakland,1,True,True,B,SIDE SWIPE,,Thursday,NotApplicable,False,M,,False,True,False,ALAMEDA SUPERIOR COURT WILEY W. MANUEL COURTHOUSE,D,MOTOR VEHICLE ON OTHER ROADWAY,,0,0,CLEAR,,NO UNUSUAL CONDITIONS,,A,DAYLIGHT,37.826705,-122.278777,,,,,A,NO PEDESTRIANS INVOLVED,6/15/2023 5:18:00 PM,A,VC 21658(A),False,1,I-580 E/B,,,7/30/2023 6:44:27 AM,A,W,41.2,SAN PABLO AVENUE,F,,D,7/30/2023 6:44:32 AM,7/30/2023 6:44:32 AM,False,True,4,,6/15/2023 9:50:00 PM,2150,False,,,True
2151499,9370-2023-02481,1,False,9370,8/14/2023 7:25:00 PM,1925,054,14,109,Oakland,1,True,True,B,SIDE SWIPE,,Monday,NotApplicable,False,,,False,True,True,ALAMEDA SUPERIOR COURT WILEY W. MANUEL COURTHOUSE,C,OTHER MOTOR VEHICLE,,1,0,CLEAR,,NO UNUSUAL CONDITIONS,,A,DAYLIGHT,37.809553,-122.245487,,,,,A,NO PEDESTRIANS INVOLVED,8/14/2023 7:25:00 PM,A,VC 21658(A),False,1,I-580 WESTBOUND,,,8/23/2023 12:44:31 PM,A,E,231.0,OF LAKESHORE AVENUE,F,,D,8/23/2023 12:44:34 PM,8/23/2023 12:44:34 PM,False,True,4,,8/14/2023 7:30:00 PM,1930,False,,,True
2151497,9370-2023-02510,1,False,9370,8/17/2023 7:45:00 AM,745,901,14,109,Oakland,1,True,True,B,SIDE SWIPE,,Thursday,NotApplicable,False,M,,False,False,False,ALAMEDA SUPERIOR COURT WILEY W. MANUEL COURTHOUSE,E,PARKED MOTOR VEHICLE,,0,0,CLEAR,,NO UNUSUAL CONDITIONS,,School Bus CollisionA,DAYLIGHT,37.757587,-122.187011,,,,,A,NO PEDESTRIANS INVOLVED,8/17/2023 7:45:00 AM,A,VC 22350,False,1,75TH AVE (1200 BLOCK),,,8/23/2023 12:41:48 PM,A,E,334.0,RUDSDALE STREET,F,,D,8/23/2023 12:42:00 PM,8/23/2023 12:42:00 PM,True,False,4,False,8/17/2023 8:07:00 AM,807,False,,,True