collision-id,report-number,report-version,is-preliminary,ncic-code,crash-date-time,crash-time-description,beat,city-id,city-code,city-name,county-code,city-is-active,city-is-incorporated,collision-type-code,collision-type-description,collision-type-other-desc,day-of-week,dispatch-notified,has-photographs,hit-run,is-attachments-mailed,is-deleted,is-highway-related,is-tow-away,judicial-district,motor-vehicle-involved-with-code,motor-vehicle-involved-with-desc,motor-vehicle-involved-with-other-desc,number-injured,number-killed,weather-1,weather-2,road-condition-1,road-condition-2,special-condition-lighting-code,lighting-description,latitude,longitude,milepost-direction,milepost-distance,milepost-marker,milepost-unit-of-measure,pedestrian-action-code,pedestrian-action-desc,prepared-date,primary-collision-factor-code,primary-collision-factor-violation,primary-collision-factor-is-cited,primary-collision-party-number,primary-road,reporting-district,reporting-district-code,reviewed-date,roadway-surface-code,secondary-direction,secondary-distance,secondary-road,secondary-unit-of-measure,sketch-desc,traffic-control-device-code,created-date,modified-date,is-county-road,is-freeway,chp-555-version,is-additonal-object-struck,notification-date,notification-time-description,has-digital-media-files,evidence-number,is-location-refer-to-narrative,is-aoi-one-same-as-location
2151466,9370-2023-02565,1,False,9370,8/22/2023 9:35:00 AM,935,008,14,109,Oakland,1,True,True,C,REAR END,,Tuesday,NotApplicable,False,,,False,True,False,ALAMEDA SUPERIOR COURT WILEY W. MANUEL COURTHOUSE,C,OTHER MOTOR VEHICLE,,0,0,CLEAR,,NO UNUSUAL CONDITIONS,,A,DAYLIGHT,37.825847,-122.303304,,,,,A,NO PEDESTRIANS INVOLVED,8/22/2023 9:35:00 AM,A,VC 22350,False,1,I-80 W/B,,,8/23/2023 12:08:15 PM,A,E,1808.0,THE MARITIME STREET OVERCROSSING,F,,D,8/23/2023 12:09:29 PM,8/23/2023 12:09:29 PM,False,True,4,,8/22/2023 9:45:00 AM,945,False,,,True
2151289,9370-2023-02416,1,False,9370,8/4/2023 6:05:00 PM,1805,055,14,109,Oakland,1,True,True,B,SIDE SWIPE,,Friday,NotApplicable,False,,,False,True,False,ALAMEDA SUPERIOR COURT WILEY W. MANUEL COURTHOUSE,C,OTHER MOTOR VEHICLE,,0,0,CLEAR,,NO UNUSUAL CONDITIONS,,A,DAYLIGHT,37.826828,-122.285733,,,,,A,NO PEDESTRIANS INVOLVED,8/4/2023 6:05:00 PM,A,VC 21651(A),False,1,I-580 E/B,,,8/23/2023 10:00:53 AM,A,W,340.0,HOLLIS ST,F,,D,8/23/2023 10:01:06 AM,8/23/2023 10:01:06 AM,False,True,4,,8/4/2023 6:10:00 PM,1810,False,,,True
2151288,9370-2023-02581,1,False,9370,8/22/2023 11:38:00 PM,2338,052,14,109,Oakland,1,True,True,B,SIDE SWIPE,,Tuesday,NotApplicable,False,,,False,True,False,ALAMEDA SUPERIOR COURT WILEY W. MANUEL COURTHOUSE,C,OTHER MOTOR VEHICLE,,0,0,CLEAR,,NO UNUSUAL CONDITIONS,,D,DARK-NO STREET LIGHTS,37.747755,-122.150352,,,,,A,NO PEDESTRIANS INVOLVED,8/22/2023 11:38:00 PM,C,,,,I-580 E/B,,,8/23/2023 10:00:52 AM,A,W,1030.0,106TH AVENUE,F,,D,8/23/2023 10:00:54 AM,8/23/2023 10:00:54 AM,False,True,4,,8/22/2023 11:40:00 PM,2340,False,,,True
2151240,9370-2023-02579,1,False,9370,8/22/2023 11:36:00 PM,2336,052,14,109,Oakland,1,True,True,B,SIDE SWIPE,,Tuesday,NotApplicable,False,,,False,True,False,ALAMEDA SUPERIOR COURT WILEY W. MANUEL COURTHOUSE,C,OTHER MOTOR VEHICLE,,0,0,CLEAR,,NO UNUSUAL CONDITIONS,,D,DARK-NO STREET LIGHTS,37.747755,-122.150352,,,,,A,NO PEDESTRIANS INVOLVED,8/22/2023 11:36:00 PM,C,,,,I-580 E/B,,,8/23/2023 9:31:28 AM,A,W,1030.0,106TH AVENUE,F,,D,8/23/2023 9:31:30 AM,8/23/2023 9:31:30 AM,False,True,4,,8/22/2023 11:40:00 PM,2340,False,,,True
2151214,9370-2023-02206,1,False,9370,7/19/2023 8:00:00 PM,2000,080,14,109,Oakland,1,True,True,G,VEHICLE/PEDESTRAIN,,Wednesday,Yes,False,,,False,True,False,ALAMEDA SUPERIOR COURT WILEY W. MANUEL COURTHOUSE,B,PEDESTRIAN,,1,0,CLEAR,,NO UNUSUAL CONDITIONS,,A,DAYLIGHT,37.845887,-122.298175,,,,,E,IN ROAD - INCLUDES SHOULDER,7/19/2023 8:00:00 PM,A,VC 21954(A),False,1,I-80 E/B,,,8/23/2023 9:15:50 AM,A,W,460.0,ASHBY AVE,F,,D,8/23/2023 9:15:54 AM,8/23/2023 9:15:54 AM,False,True,4,,7/19/2023 8:01:00 PM,2001,False,,,True
2151057,9370-2023-02146,1,False,9370,7/14/2023 3:40:00 AM,340,176,14,109,Oakland,1,True,True,C,REAR END,,Friday,Yes,False,,,False,True,True,ALAMEDA SUPERIOR COURT WILEY W. MANUEL COURTHOUSE,C,OTHER MOTOR VEHICLE,,2,0,CLEAR,,NO UNUSUAL CONDITIONS,,C,DARK-STREET LIGHTS,37.755529,-122.209554,,,,,A,NO PEDESTRIANS INVOLVED,7/14/2023 3:40:00 AM,A,VC 23152(A),False,1,I-880 S/B,,,8/23/2023 7:47:00 AM,A,N,700.0,66TH AVE,F,,D,8/23/2023 7:47:07 AM,8/23/2023 7:47:07 AM,False,True,4,,7/14/2023 3:41:00 AM,341,False,,True,
2151028,9370-2023-02473,1,False,9370,8/13/2023 9:40:00 PM,2140,176,14,109,Oakland,1,True,True,B,SIDE SWIPE,,Sunday,NotApplicable,False,M,,False,True,False,ALAMEDA SUPERIOR COURT WILEY W. MANUEL COURTHOUSE,C,OTHER MOTOR VEHICLE,,0,0,CLEAR,,NO UNUSUAL CONDITIONS,,C,DARK-STREET LIGHTS,37.755235,-122.209162,,,,,A,NO PEDESTRIANS INVOLVED,8/13/2023 9:40:00 PM,A,VC 21658(a),False,1,I-880 N/B,,,8/23/2023 7:25:26 AM,A,N,553.0,66TH AVE,F,,D,8/23/2023 7:25:31 AM,8/23/2023 7:25:31 AM,False,True,4,,8/13/2023 9:45:00 PM,2145,False,,,True
2151016,9370-2023-01692,1,False,9370,6/3/2023 2:25:00 PM,1425,054,14,109,Oakland,1,True,True,E,HIT OBJECT,,Saturday,NotApplicable,False,M,,False,True,False,ALAMEDA SUPERIOR COURT WILEY W. MANUEL COURTHOUSE,I,FIXED OBJECT,METAL RAILING,0,0,CLEAR,,NO UNUSUAL CONDITIONS,,A,DAYLIGHT,37.811274,-122.249449,,,,,A,NO PEDESTRIANS INVOLVED,6/3/2023 2:25:00 PM,A,VC 22107,False,1,I-580 W/B,,,8/23/2023 7:17:06 AM,A,W,345.0,GRAND AVE,F,,D,8/23/2023 7:17:07 AM,8/23/2023 7:17:07 AM,False,True,4,,6/3/2023 2:26:00 PM,1426,False,,,True
2150942,9370-2023-02280,1,False,9370,7/26/2023 7:10:00 AM,710,008,14,109,Oakland,1,True,True,B,SIDE SWIPE,,Wednesday,No,False,M,,False,True,False,ALAMEDA SUPERIOR COURT WILEY W. MANUEL COURTHOUSE,C,OTHER MOTOR VEHICLE,,0,0,CLOUDY,,NO UNUSUAL CONDITIONS,,A,DAYLIGHT,37.824908,-122.313416,,,,,A,NO PEDESTRIANS INVOLVED,7/26/2023 7:10:00 AM,A,VC 21658(a),False,1,I-80 W/B,,,8/23/2023 5:19:45 AM,A,W,3800.0,WEST GRAND AVE,F,,D,8/23/2023 5:19:47 AM,8/23/2023 5:19:47 AM,False,True,4,,7/26/2023 7:36:00 AM,736,True,EMBEDDED,,True
2150935,9370-2023-02542,1,False,9370,8/19/2023 5:15:00 PM,1715,008,14,109,Oakland,1,True,True,C,REAR END,,Saturday,NotApplicable,False,,,False,True,False,ALAMEDA SUPERIOR COURT WILEY W. MANUEL COURTHOUSE,C,OTHER MOTOR VEHICLE,,0,0,CLEAR,,NO UNUSUAL CONDITIONS,,A,DAYLIGHT,37.824852,-122.313772,,,,,A,NO PEDESTRIANS INVOLVED,8/19/2023 5:15:00 PM,A,VC 22350,False,1,I-80 W/B,,,8/23/2023 4:36:03 AM,A,E,170.0,THE WEST EDGE OF THE SAN FRANCISCO - OAKLAND BAY BRIDGE TOLL PLAZA,F,,D,8/23/2023 4:36:05 AM,8/23/2023 4:36:05 AM,False,True,4,,8/19/2023 5:18:00 PM,1718,False,,,True
2149991,9370-2023-02532,1,False,9370,8/18/2023 9:55:00 AM,955,055,14,109,Oakland,1,True,True,B,SIDE SWIPE,,Friday,NotApplicable,False,M,,False,True,False,ALAMEDA SUPERIOR COURT WILEY W. MANUEL COURTHOUSE,C,OTHER MOTOR VEHICLE,,0,0,CLEAR,,NO UNUSUAL CONDITIONS,,A,DAYLIGHT,37.827119,-122.279584,,,,,A,NO PEDESTRIANS INVOLVED,8/18/2023 9:55:00 AM,A,VC 21658(A),False,1,I-580 W/B,,,8/22/2023 12:45:29 PM,A,E,31.0,ADELINE ST,F,,D,8/22/2023 12:45:32 PM,8/22/2023 12:45:32 PM,False,True,4,,8/18/2023 10:00:00 AM,1000,False,,,True
2149869,9370-2023-02546,1,False,9370,8/20/2023 12:40:00 PM,1240,176,14,109,Oakland,1,True,True,B,SIDE SWIPE,,Sunday,NotApplicable,False,M,,False,True,False,ALAMEDA SUPERIOR COURT WILEY W. MANUEL COURTHOUSE,C,OTHER MOTOR VEHICLE,,0,0,CLEAR,,NO UNUSUAL CONDITIONS,,A,DAYLIGHT,37.734229,-122.191069,,,,,A,NO PEDESTRIANS INVOLVED,8/20/2023 12:40:00 PM,A,VC 21658(A),False,1,I-880 S/B,,,8/22/2023 11:09:43 AM,A,N,1119.0,98TH AVENUE,F,,D,8/22/2023 11:09:50 AM,8/22/2023 11:09:50 AM,False,True,4,,8/20/2023 12:42:00 PM,1242,False,,,True
2149855,9370-2023-02434,1,False,9370,8/10/2023 9:10:00 AM,910,025,14,109,Oakland,1,True,True,B,SIDE SWIPE,,Thursday,NotApplicable,False,M,,False,True,False,ALAMEDA SUPERIOR COURT WILEY W. MANUEL COURTHOUSE,C,OTHER MOTOR VEHICLE,,0,0,CLEAR,,NO UNUSUAL CONDITIONS,,A,DAYLIGHT,37.825863,-122.268194,,,,,A,NO PEDESTRIANS INVOLVED,8/10/2023 9:10:00 AM,A,VC 21658(A),True,1,SR-24 WESTBOUND,,,8/22/2023 10:57:46 AM,A,W,385.0,W. MACARTHUR BLVD,F,,A,8/22/2023 10:58:53 AM,8/22/2023 10:58:53 AM,False,True,4,,8/10/2023 9:15:00 AM,915,False,,,True
2149692,9370-2023-02474,1,False,9370,8/14/2023 3:25:00 AM,325,176,14,109,Oakland,1,True,True,E,HIT OBJECT,,Monday,Yes,False,,,False,True,False,ALAMEDA SUPERIOR COURT WILEY W. MANUEL COURTHOUSE,I,FIXED OBJECT,TREE,2,0,CLOUDY,,NO UNUSUAL CONDITIONS,,C,DARK-STREET LIGHTS,37.773775,-122.230785,,,,,A,NO PEDESTRIANS INVOLVED,8/14/2023 3:25:00 AM,A,VC 22350,False,1,I-880 S/B TO 29TH AVENUE,,,8/22/2023 9:25:09 AM,A,N,20.0,DERBY AVE,F,,D,8/22/2023 9:25:12 AM,8/22/2023 9:25:12 AM,False,True,4,,8/14/2023 3:30:00 AM,330,False,,,False
2148850,9370-2023-02106,1,False,9370,7/10/2023 10:45:00 PM,2245,098,14,109,Oakland,1,True,True,B,SIDE SWIPE,,Monday,NotApplicable,False,M,,False,True,False,ALAMEDA SUPERIOR COURT WILEY W. MANUEL COURTHOUSE,C,OTHER MOTOR VEHICLE,,0,0,CLEAR,,NO UNUSUAL CONDITIONS,,C,DARK-STREET LIGHTS,37.803414,-122.279618,,,,,A,NO PEDESTRIANS INVOLVED,7/10/2023 10:45:00 PM,A,VC 21658(A),False,1,I-980 E/B,,,8/21/2023 12:30:25 PM,A,W,250.0,11TH STREET,F,,D,8/21/2023 12:30:31 PM,8/21/2023 12:30:31 PM,False,True,4,,7/10/2023 10:55:00 PM,2255,False,,,True
2148811,9370-2023-02511,1,False,9370,8/17/2023 7:50:00 AM,750,013,14,109,Oakland,1,True,True,C,REAR END,,Thursday,NotApplicable,False,M,,False,True,False,ALAMEDA SUPERIOR COURT WILEY W. MANUEL COURTHOUSE,C,OTHER MOTOR VEHICLE,,0,0,CLEAR,,NO UNUSUAL CONDITIONS,,A,DAYLIGHT,37.839831,-122.223319,,,,,A,NO PEDESTRIANS INVOLVED,8/17/2023 7:50:00 AM,A,VC 21658(A),False,1,SR-13 N/B,,,8/21/2023 11:52:55 AM,A,S,706.0,BROADWAY TER,F,,D,8/21/2023 11:52:59 AM,8/21/2023 11:52:59 AM,False,True,4,,8/17/2023 7:54:00 AM,754,False,,,True
2148778,9370-2023-02512,1,False,9370,8/17/2023 9:02:00 AM,902,052,14,109,Oakland,1,True,True,C,REAR END,,Thursday,NotApplicable,False,,,False,True,True,ALAMEDA SUPERIOR COURT WILEY W. MANUEL COURTHOUSE,C,OTHER MOTOR VEHICLE,,0,0,CLEAR,,NO UNUSUAL CONDITIONS,,A,DAYLIGHT,37.77574,-122.162524,,,,,A,NO PEDESTRIANS INVOLVED,8/17/2023 9:02:00 AM,A,VC 22350,False,1,I-580 W/B,,,8/21/2023 11:23:20 AM,A,W,493.0,EDWARDS AVE,F,,D,8/21/2023 11:23:26 AM,8/21/2023 11:23:26 AM,False,True,4,,8/17/2023 9:05:00 AM,905,False,,,True
2148694,9370-2023-02495,1,False,9370,8/10/2023 6:15:00 AM,615,024,14,109,Oakland,1,True,True,B,SIDE SWIPE,,Thursday,NotApplicable,False,M,,False,True,False,ALAMEDA SUPERIOR COURT WILEY W. MANUEL COURTHOUSE,C,OTHER MOTOR VEHICLE,,0,0,CLEAR,,NO UNUSUAL CONDITIONS,,Late-ReportedA,DAYLIGHT,37.854617,-122.217662,,,,,A,NO PEDESTRIANS INVOLVED,8/10/2023 6:15:00 AM,A,VC 21658(A),False,1,SR-24 E/B,,,8/21/2023 10:02:21 AM,A,W,100.0,CADELCOTT TUNNEL- BORE #2,F,,D,8/21/2023 10:02:24 AM,8/21/2023 10:02:24 AM,False,True,4,,8/16/2023 8:00:00 AM,800,False,,,True
2148568,9370-2023-02266,1,False,9370,7/21/2023 2:15:00 PM,1415,176,14,109,Oakland,1,True,True,B,SIDE SWIPE,,Friday,NotApplicable,False,,,False,True,False,ALAMEDA SUPERIOR COURT WILEY W. MANUEL COURTHOUSE,C,OTHER MOTOR VEHICLE,,0,0,CLEAR,,NO UNUSUAL CONDITIONS,,A,DAYLIGHT,37.753202,-122.207561,,,,,A,NO PEDESTRIANS INVOLVED,7/21/2023 2:15:00 PM,A,VC 21658(A),False,1,I-880 S/B,,,8/21/2023 8:51:32 AM,A,S,277.0,66TH AVENUE,F,,D,8/21/2023 8:52:30 AM,8/21/2023 8:52:30 AM,False,True,4,,7/21/2023 2:18:00 PM,1418,False,,,True
2148514,9335-2023-01551,1,False,9335,8/9/2023 6:00:00 AM,600,082,14,109,Oakland,1,True,True,B,SIDE SWIPE,,Wednesday,NotApplicable,False,M,,False,True,False,ALAMEDA SUPERIOR COURT ALAMEDA,C,OTHER MOTOR VEHICLE,,0,0,CLEAR,,NO UNUSUAL CONDITIONS,,B,DUSK-DAWN,37.823809,-122.318265,,,,,A,NO PEDESTRIANS INVOLVED,8/9/2023 6:00:00 AM,A,VC 22107,False,,I-80 W/B,,,8/21/2023 8:14:31 AM,A,W,275.0,THE METERING LIGHTS,F,,D,8/21/2023 8:14:33 AM,8/21/2023 8:14:33 AM,False,True,4,,8/9/2023 6:10:00 AM,610,False,,,True
2148423,9370-2023-02478,1,False,9370,8/14/2023 8:45:00 AM,845,055,14,109,Oakland,1,True,True,B,SIDE SWIPE,,Monday,NotApplicable,False,M,,False,True,False,ALAMEDA SUPERIOR COURT WILEY W. MANUEL COURTHOUSE,C,OTHER MOTOR VEHICLE,,0,0,CLOUDY,,NO UNUSUAL CONDITIONS,,A,DAYLIGHT,37.826617,-122.286565,,,,,A,NO PEDESTRIANS INVOLVED,8/14/2023 8:45:00 AM,A,VC 21658(A),False,1,I-580 E/B,,,8/21/2023 6:41:26 AM,A,W,580.0,HOLLIS ST,F,,D,8/21/2023 6:41:29 AM,8/21/2023 6:41:29 AM,False,True,4,,8/14/2023 9:00:00 AM,900,False,,,True
2148244,9370-2023-02533,1,False,9370,8/18/2023 4:45:00 PM,1645,177,14,109,Oakland,1,True,True,B,SIDE SWIPE,,Friday,NotApplicable,False,M,,False,True,False,ALAMEDA SUPERIOR COURT WILEY W. MANUEL COURTHOUSE,C,OTHER MOTOR VEHICLE,,0,0,CLEAR,,NO UNUSUAL CONDITIONS,,A,DAYLIGHT,37.789273,-122.255058,,,,,A,NO PEDESTRIANS INVOLVED,8/18/2023 4:45:00 PM,A,VC 22107,False,1,I-880 S/B,,,8/20/2023 1:12:24 PM,A,S,1450.0,5TH AVE,F,,D,8/20/2023 1:12:27 PM,8/20/2023 1:12:27 PM,False,True,4,,8/18/2023 4:50:00 PM,1650,False,,,True
2148241,9370-2023-02523,1,False,9370,8/18/2023 4:15:00 AM,415,013,14,109,Oakland,1,True,True,F,OVERTURNED,,Friday,NotApplicable,False,M,,False,True,False,ALAMEDA SUPERIOR COURT WILEY W. MANUEL COURTHOUSE,J,OTHER OBJECT,DIRT/ GRASS SHOULDER,0,0,CLEAR,,NO UNUSUAL CONDITIONS,,D,DARK-NO STREET LIGHTS,37.831301,-122.215987,,,,,A,NO PEDESTRIANS INVOLVED,8/18/2023 4:15:00 AM,A,VC 22350,False,1,SR-13 S/B,,,8/20/2023 12:48:37 PM,A,S,500.0,MORAGA AVE,F,,D,8/20/2023 12:48:39 PM,8/20/2023 12:48:39 PM,False,True,4,,8/18/2023 4:22:00 AM,422,False,,,True
2148239,9370-2023-02521,1,False,9370,8/18/2023 12:20:00 AM,20,013,14,109,Oakland,1,True,True,H,OTHER,ANIMAL,Friday,NotApplicable,False,,,False,True,False,ALAMEDA SUPERIOR COURT WILEY W. MANUEL COURTHOUSE,H,ANIMAL,DEER,1,0,CLEAR,,NO UNUSUAL CONDITIONS,,D,DARK-NO STREET LIGHTS,37.798025,-122.185009,,,,,A,NO PEDESTRIANS INVOLVED,8/18/2023 12:20:00 AM,C,,,,SR-13 S/B,,,8/20/2023 12:41:36 PM,A,S,170.0,REDWOOD RD,F,,D,8/20/2023 12:41:39 PM,8/20/2023 12:41:39 PM,False,True,4,,8/18/2023 12:25:00 AM,25,True,EMBEDDED,,True
2148234,9370-2023-02514,1,False,9370,8/17/2023 5:10:00 PM,1710,177,14,109,Oakland,1,True,True,B,SIDE SWIPE,,Thursday,NotApplicable,False,,,False,True,False,ALAMEDA SUPERIOR COURT WILEY W. MANUEL COURTHOUSE,C,OTHER MOTOR VEHICLE,,1,0,CLEAR,,NO UNUSUAL CONDITIONS,,D,DARK-NO STREET LIGHTS,37.799215,-122.276913,,,,,A,NO PEDESTRIANS INVOLVED,8/17/2023 5:10:00 PM,A,VC 21658(a),False,2,I-880 S/B,,,8/20/2023 12:00:59 PM,A,S,513.0,JEFFERSON ST,F,,D,8/20/2023 12:01:03 PM,8/20/2023 12:01:03 PM,False,True,4,,8/17/2023 5:13:00 PM,1713,False,,,True
2148230,9370-2023-02488,1,False,9370,8/15/2023 4:30:00 PM,1630,054,14,109,Oakland,1,True,True,C,REAR END,,Tuesday,NotApplicable,False,M,,False,True,False,ALAMEDA SUPERIOR COURT WILEY W. MANUEL COURTHOUSE,C,OTHER MOTOR VEHICLE,,0,0,CLEAR,,NO UNUSUAL CONDITIONS,,A,DAYLIGHT,37.807465,-122.239707,,,,,A,NO PEDESTRIANS INVOLVED,8/15/2023 4:30:00 PM,A,VC 22350,False,1,I-580 E/B,,,8/20/2023 11:41:02 AM,A,W,2110.0,PARK BLVD,F,,D,8/20/2023 11:42:06 AM,8/20/2023 11:42:06 AM,False,True,4,,8/15/2023 5:05:00 PM,1705,False,,,True
2148226,9370-2023-02466,1,False,9370,8/13/2023 4:10:00 AM,410,013,14,109,Oakland,1,True,True,B,SIDE SWIPE,,Sunday,Yes,False,M,,False,True,False,ALAMEDA SUPERIOR COURT WILEY W. MANUEL COURTHOUSE,C,OTHER MOTOR VEHICLE,,0,0,CLEAR,,NO UNUSUAL CONDITIONS,,C,DARK-STREET LIGHTS,37.851106,-122.232675,,,,,A,NO PEDESTRIANS INVOLVED,8/13/2023 4:10:00 AM,A,VC 22350,False,1,SR-13 N/B,,,8/20/2023 11:25:17 AM,A,S,2.0,TUNNEL RD,F,,A,8/20/2023 11:25:21 AM,8/20/2023 11:25:21 AM,False,True,4,,8/13/2023 4:10:00 AM,410,False,,False,True
2148225,9370-2023-02465,1,False,9370,8/12/2023 10:40:00 PM,2240,052,14,109,Oakland,1,True,True,B,SIDE SWIPE,,Saturday,NotApplicable,False,M,,False,True,False,ALAMEDA SUPERIOR COURT WILEY W. MANUEL COURTHOUSE,C,OTHER MOTOR VEHICLE,,0,0,CLEAR,,NO UNUSUAL CONDITIONS,,D,DARK-NO STREET LIGHTS,37.744525,-122.148308,,,,,A,NO PEDESTRIANS INVOLVED,8/12/2023 10:40:00 PM,A,VC 21658(A),False,1,I-580 E/B,,,8/20/2023 11:23:36 AM,A,E,220.0,106TH AVE,F,,D,8/20/2023 11:24:05 AM,8/20/2023 11:24:05 AM,False,True,4,True,8/12/2023 10:45:00 PM,2245,False,,,True
2148224,9370-2023-02467,1,False,9370,8/12/2023 7:45:00 PM,1945,055,14,109,Oakland,1,True,True,C,REAR END,,Saturday,NotApplicable,False,,,False,True,False,ALAMEDA SUPERIOR COURT WILEY W. MANUEL COURTHOUSE,C,OTHER MOTOR VEHICLE,,0,0,CLEAR,,NO UNUSUAL CONDITIONS,,A,DAYLIGHT,37.823955,-122.265506,,,,,A,NO PEDESTRIANS INVOLVED,8/12/2023 7:45:00 PM,A,VC 22350,False,1,I-580 W/B TO I-980 W/B,,,8/20/2023 11:20:09 AM,A,E,70.0,TELEGRAPH AVENUE,F,,D,8/20/2023 11:20:12 AM,8/20/2023 11:20:12 AM,False,True,4,,8/12/2023 7:48:00 PM,1948,False,,,True
2148218,9370-2023-02453,1,False,9370,8/12/2023 11:05:00 AM,1105,176,14,109,Oakland,1,True,True,B,SIDE SWIPE,,Saturday,NotApplicable,False,M,,False,True,False,ALAMEDA SUPERIOR COURT WILEY W. MANUEL COURTHOUSE,C,OTHER MOTOR VEHICLE,,0,0,CLEAR,,NO UNUSUAL CONDITIONS,,A,DAYLIGHT,37.772082,-122.224865,,,,,A,NO PEDESTRIANS INVOLVED,8/12/2023 11:05:00 AM,A,VC 21658(A),False,1,I-880 S/B,,,8/20/2023 10:56:02 AM,A,N,1850.0,HIGH ST,F,,D,8/20/2023 10:57:45 AM,8/20/2023 10:57:45 AM,False,True,4,,8/12/2023 11:09:00 AM,1109,False,,,True
2148212,9370-2023-02406,1,False,9370,8/7/2023 3:20:00 PM,1520,024,14,109,Oakland,1,True,True,C,REAR END,,Monday,NotApplicable,False,,,False,True,False,ALAMEDA SUPERIOR COURT WILEY W. MANUEL COURTHOUSE,C,OTHER MOTOR VEHICLE,,0,0,CLEAR,,NO UNUSUAL CONDITIONS,,A,DAYLIGHT,37.849125,-122.229913,,,,,A,NO PEDESTRIANS INVOLVED,8/7/2023 3:20:00 PM,A,VC 22350,False,3,SR-24 W/B,,,8/20/2023 10:15:02 AM,A,E,385.0,SR-13 S/B,F,,D,8/20/2023 10:15:05 AM,8/20/2023 10:15:05 AM,False,True,4,,8/7/2023 3:25:00 PM,1525,False,,,True
2148210,9370-2023-02401,1,False,9370,8/7/2023 8:29:00 AM,829,901,14,109,Oakland,1,True,True,B,SIDE SWIPE,,Monday,NotApplicable,False,M,,False,False,False,ALAMEDA SUPERIOR COURT WILEY W. MANUEL COURTHOUSE,C,OTHER MOTOR VEHICLE,,0,0,CLEAR,,NO UNUSUAL CONDITIONS,,School Bus CollisionA,DAYLIGHT,37.801108,-122.240252,,,,,A,NO PEDESTRIANS INVOLVED,8/7/2023 8:29:00 AM,A,VC 22107,False,1,8TH AVENUE (2500 BLOCK),,,8/20/2023 10:04:10 AM,A,E,330.0,BEATIE ST,F,,D,8/20/2023 10:05:17 AM,8/20/2023 10:05:17 AM,False,False,4,,8/7/2023 9:27:00 AM,927,False,,,True
2148207,9370-2023-02384,1,False,9370,8/5/2023 10:00:00 AM,1000,053,14,109,Oakland,1,True,True,E,HIT OBJECT,,Saturday,Yes,False,,,False,True,False,ALAMEDA SUPERIOR COURT WILEY W. MANUEL COURTHOUSE,I,FIXED OBJECT,METAL ATTENUATOR,1,0,CLEAR,,NO UNUSUAL CONDITIONS,,A,DAYLIGHT,37.785613,-122.193962,,,,,A,NO PEDESTRIANS INVOLVED,8/5/2023 10:00:00 AM,A,VC 22107,False,1,I-580 E/B,,,8/20/2023 9:28:18 AM,A,W,1669.0,MACARTHUR BOULEVARD,F,,D,8/20/2023 9:28:21 AM,8/20/2023 9:28:21 AM,False,True,4,True,8/5/2023 10:02:00 AM,1002,False,,,True
2148200,9370-2023-02020,1,False,9370,7/2/2023 5:05:00 AM,505,054,14,109,Oakland,1,True,True,E,HIT OBJECT,,Sunday,Yes,False,M,,False,True,False,ALAMEDA SUPERIOR COURT WILEY W. MANUEL COURTHOUSE,I,FIXED OBJECT,CONCRETE WALL,0,0,CLEAR,,NO UNUSUAL CONDITIONS,,B,DUSK-DAWN,37.807633,-122.239469,,,,,A,NO PEDESTRIANS INVOLVED,7/2/2023 5:05:00 AM,A,VC 23152(a),True,1,I-580 W/B,,,8/20/2023 7:58:16 AM,A,E,290.0,LAKE PARK AVE,F,,D,8/20/2023 7:58:20 AM,8/20/2023 7:58:20 AM,False,True,4,,7/2/2023 5:10:00 AM,510,False,,True,
2148197,9370-2023-01785,1,False,9370,6/11/2023 2:30:00 PM,1430,053,14,109,Oakland,1,True,True,B,SIDE SWIPE,,Sunday,NotApplicable,False,M,,False,True,True,ALAMEDA SUPERIOR COURT WILEY W. MANUEL COURTHOUSE,I,FIXED OBJECT,CEMENT WALL,0,0,CLEAR,,NO UNUSUAL CONDITIONS,,A,DAYLIGHT,37.797711,-122.21385,,,,,A,NO PEDESTRIANS INVOLVED,6/11/2023 2:30:00 PM,A,VC 22107,False,1,I-580 W/B,,,8/20/2023 7:42:21 AM,A,W,85.0,BOSTON AVENUE,F,,D,8/20/2023 7:42:24 AM,8/20/2023 7:42:24 AM,False,True,4,True,6/11/2023 2:33:00 PM,1433,False,,,True
2148195,9370-2023-02544,1,False,9370,5/10/2023 6:30:00 AM,630,008,14,109,Oakland,1,True,True,B,SIDE SWIPE,,Wednesday,NotApplicable,False,M,,False,True,False,ALAMEDA SUPERIOR COURT WILEY W. MANUEL COURTHOUSE,C,OTHER MOTOR VEHICLE,,0,0,CLEAR,,NO UNUSUAL CONDITIONS,,Late-ReportedA,DAYLIGHT,37.825001,-122.313152,,,,,A,NO PEDESTRIANS INVOLVED,5/10/2023 6:30:00 AM,A,VC 21658(A),False,1,I-80 W/B,,,8/20/2023 7:21:51 AM,A,E,188.0,SAN FRANCISCO OAKLAND BAY BRIDGE TOLL PLAZA,F,,D,8/20/2023 7:22:01 AM,8/20/2023 7:22:01 AM,False,True,4,,6/23/2023 6:00:00 AM,600,True,EMBEDDED,,True