collision-id,report-number,report-version,is-preliminary,ncic-code,crash-date-time,crash-time-description,beat,city-id,city-code,city-name,county-code,city-is-active,city-is-incorporated,collision-type-code,collision-type-description,collision-type-other-desc,day-of-week,dispatch-notified,has-photographs,hit-run,is-attachments-mailed,is-deleted,is-highway-related,is-tow-away,judicial-district,motor-vehicle-involved-with-code,motor-vehicle-involved-with-desc,motor-vehicle-involved-with-other-desc,number-injured,number-killed,weather-1,weather-2,road-condition-1,road-condition-2,special-condition-lighting-code,lighting-description,latitude,longitude,milepost-direction,milepost-distance,milepost-marker,milepost-unit-of-measure,pedestrian-action-code,pedestrian-action-desc,prepared-date,primary-collision-factor-code,primary-collision-factor-violation,primary-collision-factor-is-cited,primary-collision-party-number,primary-road,reporting-district,reporting-district-code,reviewed-date,roadway-surface-code,secondary-direction,secondary-distance,secondary-road,secondary-unit-of-measure,sketch-desc,traffic-control-device-code,created-date,modified-date,is-county-road,is-freeway,chp-555-version,is-additonal-object-struck,notification-date,notification-time-description,has-digital-media-files,evidence-number,is-location-refer-to-narrative,is-aoi-one-same-as-location
2165527,9370-2023-02637,1,False,9370,8/27/2023 5:30:00 PM,1730,178,14,109,Oakland,1,True,True,B,SIDE SWIPE,,Sunday,NotApplicable,False,M,,False,True,False,ALAMEDA SUPERIOR COURT WILEY W. MANUEL COURTHOUSE,C,OTHER MOTOR VEHICLE,,0,0,CLEAR,,NO UNUSUAL CONDITIONS,,A,DAYLIGHT,37.814129,-122.300823,,,,,A,NO PEDESTRIANS INVOLVED,8/27/2023 5:30:00 PM,A,VC 21658(a),False,1,N/B I-880,,,9/8/2023 8:06:16 AM,A,S,2635.0,W GRANDE AVENUE,F,,D,9/8/2023 8:06:18 AM,9/8/2023 8:06:18 AM,False,True,4,,8/27/2023 5:32:00 PM,1732,False,,,True
2165490,9370-2023-02638,1,False,9370,8/27/2023 9:30:00 PM,2130,052,14,109,Oakland,1,True,True,B,SIDE SWIPE,,Sunday,NotApplicable,False,M,,False,True,False,ALAMEDA SUPERIOR COURT WILEY W. MANUEL COURTHOUSE,C,OTHER MOTOR VEHICLE,,0,0,CLEAR,,NO UNUSUAL CONDITIONS,,D,DARK-NO STREET LIGHTS,37.760468,-122.148462,,,,,A,NO PEDESTRIANS INVOLVED,8/27/2023 9:30:00 PM,A,VC 21658(A),False,1,I-580 E/B,,,9/8/2023 7:01:50 AM,A,W,600.0,TWIN OAKS WAY,F,,D,9/8/2023 7:01:53 AM,9/8/2023 7:01:53 AM,False,True,4,,8/27/2023 9:36:00 PM,2136,False,,False,True
2165458,9370-2023-02645,1,False,9370,8/28/2023 1:00:00 PM,1300,052,14,109,Oakland,1,True,True,C,REAR END,,Monday,NotApplicable,False,,,False,True,False,ALAMEDA SUPERIOR COURT WILEY W. MANUEL COURTHOUSE,C,OTHER MOTOR VEHICLE,,0,0,CLEAR,,NO UNUSUAL CONDITIONS,,A,DAYLIGHT,37.783464,-122.17738,,,,,A,NO PEDESTRIANS INVOLVED,8/28/2023 1:00:00 PM,A,VC 22350,False,2,I-580 W/B,,,9/8/2023 6:27:38 AM,A,E,250.0,SR-13,F,,D,9/8/2023 6:27:50 AM,9/8/2023 6:27:50 AM,False,True,4,,8/28/2023 1:03:00 PM,1303,False,,,True
2165433,9370-2023-02302,1,False,9370,7/27/2023 9:55:00 PM,2155,054,14,109,Oakland,1,True,True,E,HIT OBJECT,,Thursday,Yes,False,,,False,True,True,ALAMEDA SUPERIOR COURT WILEY W. MANUEL COURTHOUSE,I,FIXED OBJECT,CONCRETE BARRIER WALL,1,0,CLEAR,,NO UNUSUAL CONDITIONS,,C,DARK-STREET LIGHTS,37.809982,-122.247368,,,,,A,NO PEDESTRIANS INVOLVED,7/27/2023 9:55:00 PM,A,VC 23152(a),True,1,I-580 E/B,,,9/8/2023 5:25:38 AM,D,W,200.0,LAKESHORE AVENUE,F,,D,9/8/2023 5:25:40 AM,9/8/2023 5:25:40 AM,False,True,4,,7/27/2023 9:59:00 PM,2159,False,,,True
2165432,9370-2023-02644,1,False,9370,8/28/2023 7:32:00 AM,732,052,14,109,Oakland,1,True,True,E,HIT OBJECT,,Monday,Yes,False,,,False,True,True,ALAMEDA SUPERIOR COURT WILEY W. MANUEL COURTHOUSE,I,FIXED OBJECT,METAL GUARDRAIL,0,0,CLEAR,,NO UNUSUAL CONDITIONS,,A,DAYLIGHT,37.752462,-122.151537,,,,,A,NO PEDESTRIANS INVOLVED,8/28/2023 7:32:00 AM,A,VC 23152(a),True,1,I-580 W/B,,,9/8/2023 5:20:30 AM,A,E,398.0,GOLF LINKS RD,F,,D,9/8/2023 5:20:34 AM,9/8/2023 5:20:34 AM,False,True,4,,8/28/2023 7:33:00 AM,733,False,,True,
2164714,9370-2023-02718,1,False,9370,9/4/2023 7:15:00 PM,1915,024,14,109,Oakland,1,True,True,E,HIT OBJECT,,Monday,No,False,,,False,True,True,ALAMEDA SUPERIOR COURT WILEY W. MANUEL COURTHOUSE,J,OTHER OBJECT,STACK OF TIRES,0,0,CLEAR,,NO UNUSUAL CONDITIONS,,A,DAYLIGHT,37.849526,-122.241764,,,,,A,NO PEDESTRIANS INVOLVED,9/4/2023 7:15:00 PM,C,,,,SR-24 W/B,,,9/7/2023 11:24:48 AM,A,E,0.098,BROADWAY,M,,D,9/7/2023 11:27:27 AM,9/7/2023 11:27:27 AM,False,True,4,,9/4/2023 7:22:00 PM,1922,False,,True,
2164692,9370-2023-02664,1,False,9370,8/29/2023 4:25:00 PM,1625,055,14,109,Oakland,1,True,True,C,REAR END,,Tuesday,NotApplicable,False,,,False,True,False,ALAMEDA SUPERIOR COURT WILEY W. MANUEL COURTHOUSE,C,OTHER MOTOR VEHICLE,,0,0,CLEAR,,NO UNUSUAL CONDITIONS,,A,DAYLIGHT,37.82706,-122.284157,,,,,A,NO PEDESTRIANS INVOLVED,8/29/2023 4:25:00 PM,A,VC 22350,False,2,I-580 E/B,,,9/7/2023 11:11:51 AM,A,W,90.0,HOLLIS ST,F,,D,9/7/2023 11:11:56 AM,9/7/2023 11:11:56 AM,False,True,4,,8/29/2023 4:32:00 PM,1632,False,,,True
2164443,9370-2023-02618,1,False,9370,8/26/2023 12:00:00 PM,1200,176,14,109,Oakland,1,True,True,B,SIDE SWIPE,,Saturday,NotApplicable,False,,,False,True,False,ALAMEDA SUPERIOR COURT WILEY W. MANUEL COURTHOUSE,C,OTHER MOTOR VEHICLE,,0,0,CLEAR,,NO UNUSUAL CONDITIONS,,A,DAYLIGHT,37.727662,-122.185321,,,,,A,NO PEDESTRIANS INVOLVED,8/26/2023 12:00:00 PM,A,VC 22350,False,1,I-880 S/B,,,9/7/2023 8:48:15 AM,A,S,1700.0,98TH AVE,F,,D,9/7/2023 8:48:17 AM,9/7/2023 8:48:17 AM,False,True,4,,8/26/2023 12:20:00 PM,1220,False,,,True
2164428,9370-2023-02616,1,False,9370,8/26/2023 10:40:00 AM,1040,178,14,109,Oakland,1,True,True,B,SIDE SWIPE,,Saturday,NotApplicable,False,,,False,True,False,ALAMEDA SUPERIOR COURT WILEY W. MANUEL COURTHOUSE,C,OTHER MOTOR VEHICLE,,0,0,CLOUDY,,NO UNUSUAL CONDITIONS,,A,DAYLIGHT,37.826082,-122.291415,,,,,A,NO PEDESTRIANS INVOLVED,8/26/2023 10:40:00 AM,A,VC 21658(A),False,1,I-880 S/B FROM I-80 W/B,,,9/7/2023 8:38:37 AM,A,N,2600.0,WEST GRAND AVENUE,F,,D,9/7/2023 8:38:40 AM,9/7/2023 8:38:40 AM,False,True,4,,8/26/2023 10:48:00 AM,1048,False,,,True
2164277,9370-2023-02589,1,False,9370,8/23/2023 8:55:00 AM,855,008,14,109,Oakland,1,True,True,C,REAR END,,Wednesday,NotApplicable,False,,,False,True,False,ALAMEDA SUPERIOR COURT WILEY W. MANUEL COURTHOUSE,C,OTHER MOTOR VEHICLE,,0,0,CLEAR,,NO UNUSUAL CONDITIONS,,A,DAYLIGHT,37.827043,-122.298238,,,,,A,NO PEDESTRIANS INVOLVED,8/23/2023 8:55:00 AM,A,VC 21658(A),False,1,I-80 W/B,,,9/7/2023 6:49:51 AM,A,E,2300.0,WEST GRAND AVE,F,,D,9/7/2023 6:49:58 AM,9/7/2023 6:49:58 AM,False,True,4,,8/23/2023 9:00:00 AM,900,False,,,True
2163549,9370-2023-02577,1,False,9370,8/22/2023 5:47:00 PM,1747,901,14,109,Oakland,1,True,True,B,SIDE SWIPE,,Tuesday,Yes,False,,,False,True,True,ALAMEDA SUPERIOR COURT WILEY W. MANUEL COURTHOUSE,C,OTHER MOTOR VEHICLE,,0,0,CLEAR,,NO UNUSUAL CONDITIONS,,A,DAYLIGHT,37.790304,-122.259621,,,,,A,NO PEDESTRIANS INVOLVED,8/22/2023 5:47:00 PM,A,VC 23152(F),True,1,I-880 S/B,,,9/6/2023 11:51:38 AM,A,N,3960.0,16TH AVE,F,,D,9/6/2023 11:51:41 AM,9/6/2023 11:51:41 AM,False,True,4,,8/22/2023 5:49:00 PM,1749,False,,,True
2163379,9370-2023-02578,1,False,9370,8/22/2023 11:40:00 PM,2340,052,14,109,Oakland,1,True,True,B,SIDE SWIPE,,Tuesday,NotApplicable,False,,,False,True,False,ALAMEDA SUPERIOR COURT WILEY W. MANUEL COURTHOUSE,C,OTHER MOTOR VEHICLE,,0,0,CLEAR,,NO UNUSUAL CONDITIONS,,D,DARK-NO STREET LIGHTS,37.746651,-122.149842,,,,,A,NO PEDESTRIANS INVOLVED,8/22/2023 11:40:00 PM,A,VC 22350,False,2,I-580 E/B,,,9/6/2023 9:36:37 AM,A,W,620.0,106TH AVENUE,F,,D,9/6/2023 9:36:40 AM,9/6/2023 9:36:40 AM,False,True,4,True,8/22/2023 11:45:00 PM,2345,False,,,True
2163349,9370-2023-02613,1,False,9370,8/25/2023 8:06:00 PM,2006,901,14,109,Oakland,1,True,True,D,BROADSIDE,,Friday,NotApplicable,False,M,,False,False,False,ALAMEDA SUPERIOR COURT WILEY W. MANUEL COURTHOUSE,C,OTHER MOTOR VEHICLE,,0,0,CLEAR,,NO UNUSUAL CONDITIONS,,C,DARK-STREET LIGHTS,37.730014,-122.182965,,,,,A,NO PEDESTRIANS INVOLVED,8/25/2023 8:06:00 PM,A,VC 22350,False,1,218 KERWIN AVENUE,,,9/6/2023 9:10:25 AM,A,W,160.0,DOUGLAS AVE,F,,D,9/6/2023 9:10:28 AM,9/6/2023 9:10:28 AM,True,False,4,,8/25/2023 8:10:00 PM,2010,False,,,True
2163247,9370-2023-02621,1,False,9370,8/26/2023 12:01:00 PM,1201,176,14,109,Oakland,1,True,True,C,REAR END,,Saturday,NotApplicable,False,,,False,True,False,ALAMEDA SUPERIOR COURT WILEY W. MANUEL COURTHOUSE,C,OTHER MOTOR VEHICLE,,0,0,CLEAR,,NO UNUSUAL CONDITIONS,,A,DAYLIGHT,37.729833,-122.186981,,,,,A,NO PEDESTRIANS INVOLVED,8/26/2023 12:01:00 PM,A,VC 22350,False,1,I-880 S/B,,,9/6/2023 7:57:19 AM,A,S,800.0,98TH AVENUE,F,,D,9/6/2023 7:58:16 AM,9/6/2023 7:58:16 AM,False,True,4,,8/26/2023 12:20:00 PM,1220,False,,,True
2163227,9370-2023-02661,1,False,9370,8/29/2023 11:30:00 AM,1130,052,14,109,Oakland,1,True,True,C,REAR END,,Tuesday,NotApplicable,False,,,False,True,False,ALAMEDA SUPERIOR COURT WILEY W. MANUEL COURTHOUSE,C,OTHER MOTOR VEHICLE,,0,0,CLEAR,,NO UNUSUAL CONDITIONS,,A,DAYLIGHT,37.770784,-122.154787,,,,,A,NO PEDESTRIANS INVOLVED,8/29/2023 11:30:00 AM,A,VC 22350,False,1,I-580 W/B TO KELLER AVE.,,,9/6/2023 7:38:03 AM,A,E,20.0,MOUNTAIN BLVD.,F,,A,9/6/2023 7:38:05 AM,9/6/2023 7:38:05 AM,False,True,4,,8/29/2023 11:40:00 AM,1140,True,AREA PHOTO FILE,,True
2163155,9370-2023-02654,1,False,9370,8/19/2023 12:30:00 PM,1230,008,14,109,Oakland,1,True,True,C,REAR END,,Saturday,Yes,False,,,False,True,False,ALAMEDA SUPERIOR COURT WILEY W. MANUEL COURTHOUSE,C,OTHER MOTOR VEHICLE,,1,0,CLEAR,,NO UNUSUAL CONDITIONS,,A,DAYLIGHT,37.82485,-122.3134,,,,,A,NO PEDESTRIANS INVOLVED,8/19/2023 12:30:00 PM,A,VC 21658(A),False,1,I-80 W/B,,,9/6/2023 6:36:11 AM,A,E,100.0,THE SAN FRANCISCO OAKLAND BAY BRIDGE,F,,D,9/6/2023 6:36:16 AM,9/6/2023 6:36:16 AM,False,True,4,,8/19/2023 12:30:00 PM,1230,False,,,True
2163125,9370-2023-02603,1,False,9370,8/24/2023 6:55:00 PM,1855,008,14,109,Oakland,1,True,True,C,REAR END,,Thursday,NotApplicable,False,,,False,True,False,ALAMEDA SUPERIOR COURT WILEY W. MANUEL COURTHOUSE,C,OTHER MOTOR VEHICLE,,0,0,CLEAR,,NO UNUSUAL CONDITIONS,,A,DAYLIGHT,37.825649,-122.302848,,,,,A,NO PEDESTRIANS INVOLVED,8/24/2023 6:55:00 PM,A,VC 22350,False,1,I-80 E/B,,,9/6/2023 5:27:51 AM,A,E,730.0,I-880 N/B TO I-80 W/B OVERCROSSING,F,,D,9/6/2023 5:27:55 AM,9/6/2023 5:27:55 AM,False,True,4,,8/24/2023 6:58:00 PM,1858,False,,,True
2163117,9370-2023-02600,1,False,9370,8/24/2023 3:25:00 PM,1525,024,14,109,Oakland,1,True,True,B,SIDE SWIPE,,Thursday,NotApplicable,False,,,False,True,False,ALAMEDA SUPERIOR COURT WILEY W. MANUEL COURTHOUSE,C,OTHER MOTOR VEHICLE,,2,0,CLEAR,,NO UNUSUAL CONDITIONS,,A,DAYLIGHT,37.849552,-122.237161,,,,,A,NO PEDESTRIANS INVOLVED,8/24/2023 3:25:00 PM,A,VC 22107,False,1,SR-24 W/B,,,9/6/2023 4:54:38 AM,A,W,2543.0,SR-13,F,,D,9/6/2023 4:54:42 AM,9/6/2023 4:54:42 AM,False,True,4,,8/24/2023 3:31:00 PM,1531,False,,,True
2185668,9370-2023-02935,1,False,9370,9/21/2023 1:50:00 PM,1350,055,14,109,Oakland,1,True,True,E,HIT OBJECT,,Thursday,NotApplicable,False,,,False,True,False,ALAMEDA SUPERIOR COURT WILEY W. MANUEL COURTHOUSE,I,FIXED OBJECT,3' CONCRETE WALL,1,0,CLEAR,,NO UNUSUAL CONDITIONS,,A,DAYLIGHT,37.827521,-122.283429,,,,,A,NO PEDESTRIANS INVOLVED,9/21/2023 1:50:00 PM,A,VC 22107,False,1,I-580 W/B,,,9/29/2023 8:00:16 AM,A,E,344.0,HOLLIS ST,F,,D,9/29/2023 8:00:19 AM,9/29/2023 8:00:19 AM,False,True,4,,9/21/2023 1:53:00 PM,1353,False,,,True
2185654,9335-2023-01573,1,False,9335,8/11/2023 4:20:00 AM,420,084,14,109,Oakland,1,True,True,B,SIDE SWIPE,,Friday,Yes,False,M,,False,True,False,EAST COUNTY HALL OF JUSTICE,C,OTHER MOTOR VEHICLE,,1,0,CLEAR,,NO UNUSUAL CONDITIONS,,C,DARK-STREET LIGHTS,37.821361,-122.332961,,,,,A,NO PEDESTRIANS INVOLVED,8/11/2023 4:20:00 AM,A,VC 21658(A),False,1,I-80 E/B,,,9/29/2023 7:54:52 AM,A,W,1.07,SFOBB TOLL PLAZA,M,,D,9/29/2023 7:54:54 AM,9/29/2023 7:54:54 AM,False,True,4,True,8/11/2023 4:25:00 AM,425,False,,,True
2185640,9370-2023-02072,1,False,9370,7/8/2023 12:25:00 AM,25,013,14,109,Oakland,1,True,True,E,HIT OBJECT,,Saturday,Yes,False,,,False,True,True,ALAMEDA SUPERIOR COURT WILEY W. MANUEL COURTHOUSE,I,FIXED OBJECT,CONCRETE BARRIER WALL,1,0,CLEAR,,NO UNUSUAL CONDITIONS,,D,DARK-NO STREET LIGHTS,37.799475,-122.186427,,,,,A,NO PEDESTRIANS INVOLVED,7/8/2023 12:25:00 AM,A,VC 23152(a),True,1,SR-13 S/B,,,9/29/2023 7:52:17 AM,A,N,215.0,REDWOOD RD,F,,D,9/29/2023 7:52:19 AM,9/29/2023 7:52:19 AM,False,True,4,True,7/8/2023 12:30:00 AM,30,False,,,True
2185565,9370-2023-02938,1,False,9370,9/21/2023 2:00:00 PM,1400,901,14,109,Oakland,1,True,True,B,SIDE SWIPE,,Thursday,Yes,False,,,False,False,False,ALAMEDA SUPERIOR COURT WILEY W. MANUEL COURTHOUSE,C,OTHER MOTOR VEHICLE,,0,0,CLEAR,,NO UNUSUAL CONDITIONS,,A,DAYLIGHT,37.817038,-122.282574,,,,,A,NO PEDESTRIANS INVOLVED,9/21/2023 2:00:00 PM,A,VC 22107,False,1,24TH ST,,,9/29/2023 7:26:46 AM,A,W,142.0,CHESTNUT ST,F,,D,9/29/2023 7:26:49 AM,9/29/2023 7:26:49 AM,False,False,4,,9/21/2023 2:15:00 PM,1415,False,,,True
2185503,9370-2023-02928,1,False,9370,9/21/2023 8:40:00 AM,840,176,14,109,Oakland,1,True,True,B,SIDE SWIPE,,Thursday,NotApplicable,False,,,False,True,False,ALAMEDA SUPERIOR COURT WILEY W. MANUEL COURTHOUSE,C,OTHER MOTOR VEHICLE,,0,0,CLEAR,,NO UNUSUAL CONDITIONS,,A,DAYLIGHT,37.775185,-122.234123,,,,,A,NO PEDESTRIANS INVOLVED,9/21/2023 8:40:00 AM,A,VC 21658(A),False,1,I-880 S/B,,,9/29/2023 6:55:29 AM,A,N,155.0,29 TH STREET,F,,D,9/29/2023 6:55:32 AM,9/29/2023 6:55:32 AM,False,True,4,,9/21/2023 8:45:00 AM,845,False,,,True
2185483,9370-2023-02926,2,False,9370,9/21/2023 4:20:00 AM,420,177,14,109,Oakland,1,True,True,B,SIDE SWIPE,,Thursday,Yes,False,,,False,True,True,ALAMEDA SUPERIOR COURT WILEY W. MANUEL COURTHOUSE,C,OTHER MOTOR VEHICLE,,2,0,CLEAR,,NO UNUSUAL CONDITIONS,,D,DARK-NO STREET LIGHTS,37.782468,-122.239449,,,,,A,NO PEDESTRIANS INVOLVED,9/21/2023 4:20:00 AM,A,VC 21658(A),False,1,I-880 S/B,,,2/14/2024 1:30:21 PM,A,N,1831.0,23RD AVE,F,,D,9/29/2023 6:44:16 AM,2/14/2024 1:30:23 PM,False,True,4,,9/21/2023 4:25:00 AM,425,True,EMBEDDED,False,True
2185440,9370-2023-02671,1,False,9370,8/29/2023 5:20:00 PM,1720,013,14,109,Oakland,1,True,True,C,REAR END,,Tuesday,NotApplicable,False,M,,False,True,False,ALAMEDA SUPERIOR COURT WILEY W. MANUEL COURTHOUSE,C,OTHER MOTOR VEHICLE,,0,0,CLEAR,,NO UNUSUAL CONDITIONS,,A,DAYLIGHT,37.821491,-122.208089,,,,,A,NO PEDESTRIANS INVOLVED,8/29/2023 5:20:00 PM,A,VC 22350,False,1,STATE ROUTE 13 SOUTHBOUND TO PARK BLVD,,,9/29/2023 5:19:56 AM,A,N,164.0,PARK BLVD,F,,A,9/29/2023 5:19:58 AM,9/29/2023 5:19:58 AM,False,False,4,,8/29/2023 5:37:00 PM,1737,False,,,True
2185437,9370-2023-02552,1,False,9370,8/19/2023 11:15:00 PM,2315,055,14,109,Oakland,1,True,True,B,SIDE SWIPE,,Saturday,NotApplicable,False,M,,False,True,False,ALAMEDA SUPERIOR COURT WILEY W. MANUEL COURTHOUSE,C,OTHER MOTOR VEHICLE,,0,0,CLEAR,,NO UNUSUAL CONDITIONS,,C,DARK-STREET LIGHTS,37.825652,-122.274363,,,,,A,NO PEDESTRIANS INVOLVED,8/19/2023 11:15:00 PM,A,VC 21658(A),False,1,I-580 W/B,,,9/29/2023 5:04:03 AM,A,W,420.0,MARKET ST,F,,D,9/29/2023 5:04:07 AM,9/29/2023 5:04:07 AM,False,True,4,,8/19/2023 11:18:00 PM,2318,False,,,True
2183065,9370-2023-02936,1,False,9370,9/21/2023 8:06:00 PM,2006,024,14,109,Oakland,1,True,True,B,SIDE SWIPE,,Thursday,NotApplicable,False,M,,False,True,False,ALAMEDA SUPERIOR COURT WILEY W. MANUEL COURTHOUSE,C,OTHER MOTOR VEHICLE,,0,0,CLEAR,,NO UNUSUAL CONDITIONS,,B,DUSK-DAWN,37.854074,-122.220329,,,,,A,NO PEDESTRIANS INVOLVED,9/21/2023 8:06:00 PM,A,VC 21658(A),False,1,SR-24 E/B,,,9/28/2023 12:19:55 PM,A,W,1000.0,CALDECOTT TUNNEL,F,,D,9/28/2023 12:19:56 PM,9/28/2023 12:19:56 PM,False,True,4,,9/21/2023 8:09:00 PM,2009,False,,,True
2183060,9370-2023-02933,1,False,9370,9/21/2023 3:45:00 PM,1545,024,14,109,Oakland,1,True,True,C,REAR END,,Thursday,NotApplicable,False,,,False,True,False,ALAMEDA SUPERIOR COURT WILEY W. MANUEL COURTHOUSE,C,OTHER MOTOR VEHICLE,,0,0,CLEAR,,NO UNUSUAL CONDITIONS,,A,DAYLIGHT,37.849157,-122.230179,,,,,A,NO PEDESTRIANS INVOLVED,9/21/2023 3:45:00 PM,A,VC 22350,False,1,SR-24 W/B,,,9/28/2023 12:14:26 PM,A,W,100.0,SR-13,F,,D,9/28/2023 12:14:29 PM,9/28/2023 12:14:29 PM,False,True,4,,9/21/2023 3:47:00 PM,1547,False,,,True
2182449,9370-2023-02899,1,False,9370,9/18/2023 8:20:00 AM,820,176,14,109,Oakland,1,True,True,C,REAR END,,Monday,NotApplicable,False,,,False,True,True,ALAMEDA SUPERIOR COURT WILEY W. MANUEL COURTHOUSE,C,OTHER MOTOR VEHICLE,,1,0,CLEAR,,NO UNUSUAL CONDITIONS,,A,DAYLIGHT,37.732839,-122.189484,,,,,A,NO PEDESTRIANS INVOLVED,9/18/2023 8:20:00 AM,A,VC 22350,False,1,I-880 N/B,,,9/28/2023 9:27:31 AM,A,N,440.0,98TH AVENUE,F,,D,9/28/2023 9:27:34 AM,9/28/2023 9:27:34 AM,False,True,4,,9/18/2023 8:30:00 AM,830,True,AREA PHOTO FILE,,True
2182396,9370-2023-02932,1,False,9370,9/21/2023 12:18:00 PM,1218,008,14,109,Oakland,1,True,True,C,REAR END,,Thursday,NotApplicable,False,,,False,True,False,ALAMEDA SUPERIOR COURT WILEY W. MANUEL COURTHOUSE,C,OTHER MOTOR VEHICLE,,1,0,CLEAR,,NO UNUSUAL CONDITIONS,,A,DAYLIGHT,37.825487,-122.305624,,,,,A,NO PEDESTRIANS INVOLVED,9/21/2023 12:18:00 PM,A,VC 22350,False,1,I-80 W/B,,,9/28/2023 8:39:40 AM,A,E,80.0,MARITIME STREET,F,,D,9/28/2023 8:39:42 AM,9/28/2023 8:39:42 AM,False,True,4,,9/21/2023 12:23:00 PM,1223,False,,,True
2182381,9370-2023-02904,1,False,9370,9/18/2023 10:02:00 AM,1002,176,14,109,Oakland,1,True,True,C,REAR END,,Monday,NotApplicable,False,,,False,True,True,ALAMEDA SUPERIOR COURT WILEY W. MANUEL COURTHOUSE,C,OTHER MOTOR VEHICLE,,0,0,CLEAR,,NO UNUSUAL CONDITIONS,,A,DAYLIGHT,37.751402,-122.206062,,,,,A,NO PEDESTRIANS INVOLVED,9/18/2023 10:02:00 AM,A,VC 22350,False,1,I-880 S/B,,,9/28/2023 8:22:09 AM,A,N,500.0,66TH AVE,F,,D,9/28/2023 8:22:11 AM,9/28/2023 8:22:11 AM,False,True,4,,9/18/2023 10:20:00 AM,1020,False,,,True
2182376,9370-2023-02691,1,False,9370,9/1/2023 6:20:00 AM,620,024,14,109,Oakland,1,True,True,C,REAR END,,Friday,NotApplicable,False,M,,False,True,False,ALAMEDA SUPERIOR COURT WILEY W. MANUEL COURTHOUSE,C,OTHER MOTOR VEHICLE,,0,0,CLEAR,,NO UNUSUAL CONDITIONS,,B,DUSK-DAWN,37.862344,-122.209629,,,,,A,NO PEDESTRIANS INVOLVED,9/1/2023 6:20:00 AM,A,VC 22350,False,1,SR-24 W/B,,,9/28/2023 8:17:51 AM,A,E,320.0,FISH RANCH ROAD,F,,D,9/28/2023 8:17:53 AM,9/28/2023 8:17:53 AM,False,True,4,,9/1/2023 6:25:00 AM,625,False,,,True
2182339,9370-2023-02918,1,False,9370,9/20/2023 7:10:00 AM,710,008,14,109,Oakland,1,True,True,B,SIDE SWIPE,,Wednesday,NotApplicable,False,,,False,True,False,ALAMEDA SUPERIOR COURT WILEY W. MANUEL COURTHOUSE,C,OTHER MOTOR VEHICLE,,0,0,CLEAR,,NO UNUSUAL CONDITIONS,,A,DAYLIGHT,37.825801,-122.303591,,,,,A,NO PEDESTRIANS INVOLVED,9/20/2023 7:10:00 AM,A,VC 21658(a),False,1,I-80 E/B,,,9/28/2023 7:46:18 AM,A,W,700.0,I-880 N/B,F,,D,9/28/2023 7:46:21 AM,9/28/2023 7:46:21 AM,False,True,4,,9/20/2023 7:36:00 AM,736,False,,,True
2182296,9370-2023-02929,1,False,9370,9/21/2023 9:05:00 AM,905,052,14,109,Oakland,1,True,True,B,SIDE SWIPE,,Thursday,NotApplicable,False,M,,False,True,False,ALAMEDA SUPERIOR COURT WILEY W. MANUEL COURTHOUSE,C,OTHER MOTOR VEHICLE,,0,0,CLEAR,,NO UNUSUAL CONDITIONS,,A,DAYLIGHT,37.783564,-122.177773,,,,,A,NO PEDESTRIANS INVOLVED,9/21/2023 9:05:00 AM,A,VC 21658(A),False,1,I-580 W/B,,,9/28/2023 7:15:43 AM,A,E,110.0,SR-13,F,,D,9/28/2023 7:15:45 AM,9/28/2023 7:15:45 AM,False,True,4,,9/21/2023 9:12:00 AM,912,False,,,True
2182241,9370-2023-02903,1,False,9370,9/18/2023 8:10:00 AM,810,024,14,109,Oakland,1,True,True,C,REAR END,,Monday,NotApplicable,False,,,False,True,True,ALAMEDA SUPERIOR COURT WILEY W. MANUEL COURTHOUSE,C,OTHER MOTOR VEHICLE,,0,0,CLEAR,,NO UNUSUAL CONDITIONS,,A,DAYLIGHT,37.854791,-122.216602,,,,,A,NO PEDESTRIANS INVOLVED,9/18/2023 8:10:00 AM,A,VC 22350,False,1,SR-24 E/B,,,9/28/2023 6:23:25 AM,A,E,890.0,OLD TUNNEL ROAD,F,,D,9/28/2023 6:23:27 AM,9/28/2023 6:23:27 AM,False,True,4,True,9/18/2023 8:15:00 AM,815,False,,False,True
2182237,9370-2023-02896,1,False,9370,9/18/2023 7:45:00 AM,745,025,14,109,Oakland,1,True,True,C,REAR END,,Monday,NotApplicable,False,,,False,True,False,ALAMEDA SUPERIOR COURT WILEY W. MANUEL COURTHOUSE,C,OTHER MOTOR VEHICLE,,1,0,CLEAR,,NO UNUSUAL CONDITIONS,,A,DAYLIGHT,37.826805,-122.268263,,,,,A,NO PEDESTRIANS INVOLVED,9/18/2023 7:45:00 AM,A,VC 22350,False,1,SR-24 W/B TO I-580 W/B,,,9/28/2023 6:07:51 AM,A,W,53.0,W MACARTHUR BLVD,F,,D,9/28/2023 6:07:55 AM,9/28/2023 6:07:55 AM,False,True,4,,9/18/2023 8:00:00 AM,800,True,EMBEDDED,,True