collision-id,report-number,report-version,is-preliminary,ncic-code,crash-date-time,crash-time-description,beat,city-id,city-code,city-name,county-code,city-is-active,city-is-incorporated,collision-type-code,collision-type-description,collision-type-other-desc,day-of-week,dispatch-notified,has-photographs,hit-run,is-attachments-mailed,is-deleted,is-highway-related,is-tow-away,judicial-district,motor-vehicle-involved-with-code,motor-vehicle-involved-with-desc,motor-vehicle-involved-with-other-desc,number-injured,number-killed,weather-1,weather-2,road-condition-1,road-condition-2,special-condition-lighting-code,lighting-description,latitude,longitude,milepost-direction,milepost-distance,milepost-marker,milepost-unit-of-measure,pedestrian-action-code,pedestrian-action-desc,prepared-date,primary-collision-factor-code,primary-collision-factor-violation,primary-collision-factor-is-cited,primary-collision-party-number,primary-road,reporting-district,reporting-district-code,reviewed-date,roadway-surface-code,secondary-direction,secondary-distance,secondary-road,secondary-unit-of-measure,sketch-desc,traffic-control-device-code,created-date,modified-date,is-county-road,is-freeway,chp-555-version,is-additonal-object-struck,notification-date,notification-time-description,has-digital-media-files,evidence-number,is-location-refer-to-narrative,is-aoi-one-same-as-location
2179592,9370-2023-02797,1,False,9370,9/7/2023 10:45:00 PM,2245,024,14,109,Oakland,1,True,True,C,REAR END,,Thursday,NotApplicable,False,,,False,True,False,ALAMEDA SUPERIOR COURT WILEY W. MANUEL COURTHOUSE,C,OTHER MOTOR VEHICLE,,0,0,CLEAR,,NO UNUSUAL CONDITIONS,,C,DARK-STREET LIGHTS,37.860412,-122.210895,,,,,A,NO PEDESTRIANS INVOLVED,9/7/2023 10:45:00 PM,A,VC 22350,False,1,SR-24 E/B,,,9/26/2023 8:49:51 AM,A,W,450.0,CALDECOTT TUNL BORE #2,F,,D,9/26/2023 8:49:55 AM,9/26/2023 8:49:55 AM,False,True,4,,9/7/2023 10:50:00 PM,2250,False,,,True
2179502,9370-2023-02476,1,False,9370,8/14/2023 5:25:00 AM,525,008,14,109,Oakland,1,True,True,B,SIDE SWIPE,,Monday,NotApplicable,False,M,,False,True,False,ALAMEDA SUPERIOR COURT WILEY W. MANUEL COURTHOUSE,C,OTHER MOTOR VEHICLE,,0,0,CLOUDY,,NO UNUSUAL CONDITIONS,,D,DARK-NO STREET LIGHTS,37.828656,-122.29371,,,,,A,NO PEDESTRIANS INVOLVED,8/14/2023 5:25:00 AM,A,VC 21658(A),False,1,I-80 W/B TO I-880 S/B,,,9/26/2023 7:48:08 AM,A,N,3298.0,WEST GRAND AVE,F,,D,9/26/2023 7:48:11 AM,9/26/2023 7:48:11 AM,False,True,4,,8/14/2023 5:31:00 AM,531,False,,,True
2179498,9370-2023-02407,1,False,9370,8/5/2023 12:45:00 AM,45,176,14,109,Oakland,1,True,True,C,REAR END,,Saturday,NotApplicable,False,M,,False,True,True,ALAMEDA SUPERIOR COURT WILEY W. MANUEL COURTHOUSE,C,OTHER MOTOR VEHICLE,,0,0,CLEAR,,NO UNUSUAL CONDITIONS,,C,DARK-STREET LIGHTS,37.772207,-122.224562,,,,,A,NO PEDESTRIANS INVOLVED,8/5/2023 12:45:00 AM,A,VC 22350,False,2,I-880 N/B,,,9/26/2023 7:43:45 AM,A,N,1894.0,HIGH ST,F,,D,9/26/2023 7:43:48 AM,9/26/2023 7:43:48 AM,False,True,4,,8/5/2023 12:50:00 AM,50,False,,,True
2179478,9370-2023-01396,1,False,9370,5/4/2023 4:15:00 PM,1615,053,14,109,Oakland,1,True,True,C,REAR END,,Thursday,Yes,False,,,False,True,False,ALAMEDA SUPERIOR COURT WILEY W. MANUEL COURTHOUSE,C,OTHER MOTOR VEHICLE,,2,0,CLEAR,,NO UNUSUAL CONDITIONS,,A,DAYLIGHT,37.797527,-122.214245,,,,,A,NO PEDESTRIANS INVOLVED,5/4/2023 4:15:00 PM,A,VC 23152(F),True,1,I-580 E/B,,,9/26/2023 7:23:59 AM,A,W,137.0,BOSTON AVE,F,,D,9/26/2023 7:24:04 AM,9/26/2023 7:24:04 AM,False,True,4,,5/4/2023 4:20:00 PM,1620,False,,,True
2179010,9335-2023-01866,1,False,9335,9/22/2023 5:55:00 AM,555,082,14,109,Oakland,1,True,True,B,SIDE SWIPE,,Friday,NotApplicable,False,,,False,True,False,ALAMEDA SUPERIOR COURT ALAMEDA,C,OTHER MOTOR VEHICLE,,0,0,CLOUDY,,NO UNUSUAL CONDITIONS,,B,DUSK-DAWN,37.824542,-122.315728,,,,,A,NO PEDESTRIANS INVOLVED,9/22/2023 5:55:00 AM,D,,,,I-80 W/B,,,9/25/2023 5:03:56 PM,A,W,534.0,TOLL PLAZA,F,,A,9/25/2023 5:04:01 PM,9/25/2023 5:04:01 PM,False,True,4,,9/22/2023 6:25:00 AM,625,True,EMBEDDED,,True
2178686,9370-2023-02841,1,False,9370,9/13/2023 8:50:00 AM,850,052,14,109,Oakland,1,True,True,C,REAR END,,Wednesday,Yes,False,,,False,True,False,ALAMEDA SUPERIOR COURT WILEY W. MANUEL COURTHOUSE,C,OTHER MOTOR VEHICLE,,1,0,CLEAR,,NO UNUSUAL CONDITIONS,,A,DAYLIGHT,37.778417,-122.168291,,,,,A,NO PEDESTRIANS INVOLVED,9/13/2023 8:50:00 AM,A,VC 22350,False,2,I-580 W/B,,,9/25/2023 2:34:07 PM,A,W,460.0,EDWARDS AVE,F,,D,9/25/2023 2:35:54 PM,9/25/2023 2:35:54 PM,False,True,4,,9/13/2023 9:01:00 AM,901,False,,False,False
2178582,9370-2023-02855,1,False,9370,9/14/2023 11:46:00 AM,1146,055,14,109,Oakland,1,True,True,B,SIDE SWIPE,,Thursday,NotApplicable,False,,,False,True,False,ALAMEDA SUPERIOR COURT WILEY W. MANUEL COURTHOUSE,C,OTHER MOTOR VEHICLE,,0,0,CLEAR,,NO UNUSUAL CONDITIONS,,A,DAYLIGHT,37.827066,-122.279508,,,,,A,NO PEDESTRIANS INVOLVED,9/14/2023 11:46:00 AM,A,VC 21658(A),False,1,I-580 W/B,,,9/25/2023 1:10:28 PM,A,E,83.0,ADELINE ST,F,,D,9/25/2023 1:12:42 PM,9/25/2023 1:12:42 PM,False,True,4,,9/14/2023 11:49:00 AM,1149,True,EMBEDDED,,True
2178563,9370-2023-02862,1,False,9370,9/14/2023 6:00:00 PM,1800,055,14,109,Oakland,1,True,True,E,HIT OBJECT,,Thursday,Yes,False,,,False,True,True,ALAMEDA SUPERIOR COURT WILEY W. MANUEL COURTHOUSE,I,FIXED OBJECT,CONCRETE BARRIER WALL,1,0,CLOUDY,,NO UNUSUAL CONDITIONS,,A,DAYLIGHT,37.822564,-122.260114,,,,,A,NO PEDESTRIANS INVOLVED,9/14/2023 6:00:00 PM,A,VC 22107,False,1,I-580 W/B,,,9/25/2023 12:57:26 PM,A,W,30.0,BROADWAY,F,,D,9/25/2023 12:57:30 PM,9/25/2023 12:57:30 PM,False,True,4,,9/14/2023 6:01:00 PM,1801,False,,,True
2177824,9335-2023-01857,1,False,9335,9/6/2023 1:46:00 AM,146,084,14,109,Oakland,1,True,True,E,HIT OBJECT,,Wednesday,NotApplicable,False,,,False,True,False,ALAMEDA SUPERIOR COURT ALAMEDA,I,FIXED OBJECT,CENTER MEDIAN WALL,0,0,CLEAR,,NO UNUSUAL CONDITIONS,,B,DUSK-DAWN,37.820988,-122.335692,,,,,A,NO PEDESTRIANS INVOLVED,9/6/2023 1:46:00 AM,A,22107,False,1,I-80 E/B,,,9/24/2023 7:08:47 AM,A,E,0.8,EAST OF SF/ALAMEDA COUNTY LINE,M,,D,9/24/2023 7:08:50 AM,9/24/2023 7:08:50 AM,False,True,4,,9/6/2023 1:46:00 AM,146,True,AREA / EMBEDDED,,True
2177823,9335-2023-01625,1,False,9335,7/18/2023 11:45:00 AM,1145,084,14,109,Oakland,1,True,True,B,SIDE SWIPE,,Tuesday,NotApplicable,False,M,,False,True,False,ALAMEDA SUPERIOR COURT WILEY W. MANUEL COURTHOUSE,C,OTHER MOTOR VEHICLE,,0,0,CLEAR,,NO UNUSUAL CONDITIONS,,A,DAYLIGHT,37.823082,-122.31772,,,,,A,NO PEDESTRIANS INVOLVED,7/18/2023 11:45:00 AM,A,VC 21658(A),False,2,I-80 E/B,,,9/24/2023 7:02:09 AM,A,W,100.0,METERING LIGHTS,F,,D,9/24/2023 7:02:15 AM,9/24/2023 7:02:15 AM,False,True,4,,7/21/2023 3:58:00 PM,1558,False,,,True
2176881,9370-2023-02352,1,False,9370,8/1/2023 12:43:00 PM,1243,178,14,109,Oakland,1,True,True,C,REAR END,,Tuesday,NotApplicable,False,,,False,True,False,ALAMEDA SUPERIOR COURT WILEY W. MANUEL COURTHOUSE,C,OTHER MOTOR VEHICLE,,0,0,CLEAR,,NO UNUSUAL CONDITIONS,,A,DAYLIGHT,37.802983,-122.300357,,,,,A,NO PEDESTRIANS INVOLVED,8/1/2023 12:43:00 PM,A,VC 22350,False,1,I-880 N/B,,,9/22/2023 7:10:20 AM,A,S,1000.0,7TH STREET,F,,D,9/22/2023 7:10:21 AM,9/22/2023 7:10:21 AM,False,True,4,,8/1/2023 12:55:00 PM,1255,False,,,True
2176136,9370-2023-02813,1,False,9370,9/11/2023 10:00:00 AM,1000,052,14,109,Oakland,1,True,True,B,SIDE SWIPE,,Monday,NotApplicable,False,M,,False,True,True,ALAMEDA SUPERIOR COURT WILEY W. MANUEL COURTHOUSE,C,OTHER MOTOR VEHICLE,,1,0,CLEAR,,NO UNUSUAL CONDITIONS,,A,DAYLIGHT,37.778658,-122.168933,,,,,A,NO PEDESTRIANS INVOLVED,9/11/2023 10:00:00 AM,A,VC 21658(A),False,1,I-580 W/B,,,9/21/2023 11:50:31 AM,A,W,700.0,EDWARDS AVE,F,,D,9/21/2023 11:50:35 AM,9/21/2023 11:50:35 AM,False,True,4,,9/11/2023 10:05:00 AM,1005,False,,,True
2176058,9370-2023-02803,1,False,9370,9/7/2023 8:35:00 AM,835,053,14,109,Oakland,1,True,True,C,REAR END,,Thursday,NotApplicable,False,M,,False,True,False,ALAMEDA SUPERIOR COURT WILEY W. MANUEL COURTHOUSE,A,NON-COLLISION,,0,0,CLEAR,,NO UNUSUAL CONDITIONS,,A,DAYLIGHT,37.791839,-122.202797,,,,,A,NO PEDESTRIANS INVOLVED,9/7/2023 8:35:00 AM,A,VC 22350,False,1,I-580 WB,,,9/21/2023 10:45:23 AM,A,E,120.0,35TH AVE,F,,D,9/21/2023 10:45:28 AM,9/21/2023 10:45:28 AM,False,True,4,,9/7/2023 8:37:00 AM,837,False,,,True
2175885,9370-2023-02721,1,False,9370,9/4/2023 8:40:00 PM,2040,025,14,109,Oakland,1,True,True,C,REAR END,,Monday,NotApplicable,False,,,False,True,False,ALAMEDA SUPERIOR COURT WILEY W. MANUEL COURTHOUSE,C,OTHER MOTOR VEHICLE,,0,0,CLEAR,,NO UNUSUAL CONDITIONS,,D,DARK-NO STREET LIGHTS,37.835701,-122.26609,,,,,A,NO PEDESTRIANS INVOLVED,9/4/2023 8:40:00 PM,A,VC 22350,False,1,SR-24 W/B,,,9/21/2023 8:32:12 AM,A,E,810.0,45TH STREET,F,,D,9/21/2023 8:32:16 AM,9/21/2023 8:32:16 AM,False,True,4,,9/4/2023 8:45:00 PM,2045,False,,False,True
2175853,9370-2023-02563,1,False,9370,8/22/2023 6:50:00 AM,650,178,14,109,Oakland,1,True,True,C,REAR END,,Tuesday,NotApplicable,False,M,,False,True,False,ALAMEDA SUPERIOR COURT WILEY W. MANUEL COURTHOUSE,C,OTHER MOTOR VEHICLE,,0,0,CLEAR,,NO UNUSUAL CONDITIONS,,A,DAYLIGHT,37.823119,-122.30089,,,,,A,NO PEDESTRIANS INVOLVED,8/22/2023 6:50:00 AM,A,VC 21658(A),False,1,I-880 N/B TO I-80 W/B FROM W. GRAND AVE,,,9/21/2023 8:15:44 AM,A,N,147.0,THE ROAD EDGE PROLONGATION OF MARITIME ST.,F,,D,9/21/2023 8:15:46 AM,9/21/2023 8:15:46 AM,False,True,4,,8/22/2023 7:20:00 AM,720,False,,,True
2175848,9370-2023-02554,1,False,9370,8/12/2023 10:53:00 PM,2253,055,14,109,Oakland,1,True,True,B,SIDE SWIPE,,Saturday,NotApplicable,False,M,,False,True,False,ALAMEDA SUPERIOR COURT WILEY W. MANUEL COURTHOUSE,C,OTHER MOTOR VEHICLE,,0,0,CLEAR,,NO UNUSUAL CONDITIONS,,C,DARK-STREET LIGHTS,37.828552,-122.293604,,,,,A,NO PEDESTRIANS INVOLVED,8/12/2023 10:53:00 PM,A,VC 21658(A),False,1,I-80 W/B TO I-580 E/B,,,9/21/2023 8:11:08 AM,A,E,1200.0,MANDELA PKY,F,,D,9/21/2023 8:11:11 AM,9/21/2023 8:11:11 AM,False,True,4,,8/12/2023 11:00:00 PM,2300,False,,,True
2175827,9370-2023-02353,1,False,9370,7/31/2023 12:38:00 PM,1238,176,14,109,Oakland,1,True,True,C,REAR END,,Monday,NotApplicable,False,M,,False,True,False,ALAMEDA SUPERIOR COURT WILEY W. MANUEL COURTHOUSE,C,OTHER MOTOR VEHICLE,,0,0,CLEAR,,NO UNUSUAL CONDITIONS,,A,DAYLIGHT,37.730748,-122.188233,,,,,A,NO PEDESTRIANS INVOLVED,7/31/2023 12:38:00 PM,A,VC 22350,False,1,I-880 S/B FROM 98TH AVENUE E/B,,,9/21/2023 8:00:33 AM,A,N,280.0,98TH AVENUE,F,,A,9/21/2023 8:00:37 AM,9/21/2023 8:00:37 AM,False,True,4,,7/31/2023 12:45:00 PM,1245,False,,,True
2175799,9370-2023-02329,1,False,9370,7/30/2023 5:30:00 AM,530,177,14,109,Oakland,1,True,True,E,HIT OBJECT,,Sunday,NotApplicable,False,,,False,True,False,ALAMEDA SUPERIOR COURT WILEY W. MANUEL COURTHOUSE,I,FIXED OBJECT,CENTER MEDIAN WALL,1,0,CLEAR,,NO UNUSUAL CONDITIONS,,A,DAYLIGHT,37.782542,-122.239383,,,,,A,NO PEDESTRIANS INVOLVED,7/30/2023 5:30:00 AM,A,VC 22107,False,1,I-880 S/B,,,9/21/2023 7:35:55 AM,A,N,1900.0,23RD AVE,F,,D,9/21/2023 7:36:40 AM,9/21/2023 7:36:40 AM,False,True,4,,7/30/2023 5:35:00 AM,535,False,,,True
2175757,9370-2023-02650,1,False,9370,8/28/2023 4:30:00 PM,1630,901,14,109,Oakland,1,True,True,D,BROADSIDE,,Monday,NotApplicable,False,M,,False,True,True,ALAMEDA SUPERIOR COURT WILEY W. MANUEL COURTHOUSE,C,OTHER MOTOR VEHICLE,,0,0,CLEAR,,NO UNUSUAL CONDITIONS,,School Bus CollisionA,DAYLIGHT,37.753296,-122.185036,,,,,A,NO PEDESTRIANS INVOLVED,8/28/2023 4:30:00 PM,A,VC 21750(a),False,1,RUDSDALE ST (8100 BLOCK),,,9/21/2023 6:43:14 AM,A,,,81ST AVENUE,,,A,9/21/2023 6:43:21 AM,9/21/2023 6:43:21 AM,False,False,4,False,8/28/2023 4:35:00 PM,1635,False,,,True
2175194,9335-2023-01830,1,False,9335,9/18/2023 5:25:00 PM,1725,084,14,109,Oakland,1,True,True,B,SIDE SWIPE,,Monday,NotApplicable,False,M,,False,True,False,ALAMEDA SUPERIOR COURT ALAMEDA,C,OTHER MOTOR VEHICLE,,0,0,CLEAR,,NO UNUSUAL CONDITIONS,,A,DAYLIGHT,37.821294,-122.332991,,,,,A,NO PEDESTRIANS INVOLVED,9/18/2023 5:25:00 PM,A,VC 21658(A),False,2,I-80 E/B,,,9/20/2023 2:13:13 PM,A,E,1507.0,ALEMEDA COUNTY LINE,F,,D,9/20/2023 2:13:17 PM,9/20/2023 2:13:17 PM,False,True,4,,9/18/2023 5:28:00 PM,1728,False,,,True
2173887,9370-2023-02844,1,False,9370,9/13/2023 5:45:00 PM,1745,008,14,109,Oakland,1,True,True,C,REAR END,,Wednesday,No,False,,,False,True,False,ALAMEDA SUPERIOR COURT WILEY W. MANUEL COURTHOUSE,C,OTHER MOTOR VEHICLE,,0,0,CLEAR,,NO UNUSUAL CONDITIONS,,A,DAYLIGHT,37.824422,-122.310999,,,,,A,NO PEDESTRIANS INVOLVED,9/13/2023 5:45:00 PM,A,VC 22350,False,1,I-80 E/B,,,9/19/2023 2:09:50 PM,A,E,390.0,WEST GRAND MARITIME,F,,D,9/19/2023 2:09:57 PM,9/19/2023 2:09:57 PM,False,True,4,,9/13/2023 5:50:00 PM,1750,False,,,True
2173870,9370-2023-02842,1,False,9370,9/13/2023 3:00:00 PM,1500,055,14,109,Oakland,1,True,True,C,REAR END,,Wednesday,No,False,,,False,True,False,ALAMEDA SUPERIOR COURT WILEY W. MANUEL COURTHOUSE,C,OTHER MOTOR VEHICLE,,0,0,CLEAR,,NO UNUSUAL CONDITIONS,,A,DAYLIGHT,37.825575,-122.27407,,,,,G,APPROACHING/LEAVING SCHOOL BUS,9/13/2023 3:00:00 PM,A,VC 22350,True,1,I-580 W/B,,,9/19/2023 2:03:27 PM,A,W,550.0,WEST ST,F,,D,9/19/2023 2:03:44 PM,9/19/2023 2:03:44 PM,False,True,4,,9/13/2023 3:12:00 PM,1512,False,,,True
2173693,9370-2023-02753,1,False,9370,9/7/2023 6:55:00 AM,655,008,14,109,Oakland,1,True,True,C,REAR END,,Thursday,NotApplicable,False,,,False,True,True,ALAMEDA SUPERIOR COURT WILEY W. MANUEL COURTHOUSE,C,OTHER MOTOR VEHICLE,,1,0,CLEAR,,NO UNUSUAL CONDITIONS,,A,DAYLIGHT,37.826602,-122.299487,,,,,A,NO PEDESTRIANS INVOLVED,9/7/2023 6:55:00 AM,A,VC 22350,False,1,INTERSTATE 80 WESTBOUND,,,9/19/2023 12:34:56 PM,A,E,1897.0,WEST GRAND AVE,F,,D,9/19/2023 12:37:07 PM,9/19/2023 12:37:07 PM,False,True,4,,9/7/2023 7:00:00 AM,700,False,,,True
2173640,9370-2023-02770,1,False,9370,9/8/2023 10:08:00 AM,1008,055,14,109,Oakland,1,True,True,C,REAR END,,Friday,NotApplicable,False,,,False,True,True,ALAMEDA SUPERIOR COURT WILEY W. MANUEL COURTHOUSE,C,OTHER MOTOR VEHICLE,,1,0,CLEAR,,NO UNUSUAL CONDITIONS,,A,DAYLIGHT,37.827505,-122.283294,,,,,A,NO PEDESTRIANS INVOLVED,9/8/2023 10:08:00 AM,D,,,,I-580 W/B,,,9/19/2023 11:58:56 AM,A,E,388.0,HOLLIS ST,F,,D,9/19/2023 11:59:00 AM,9/19/2023 11:59:00 AM,False,True,4,,9/8/2023 10:10:00 AM,1010,False,,,True
2173573,9370-2023-02823,1,False,9370,9/12/2023 6:07:00 AM,607,098,14,109,Oakland,1,True,True,B,SIDE SWIPE,,Tuesday,NotApplicable,False,M,,False,True,False,ALAMEDA SUPERIOR COURT WILEY W. MANUEL COURTHOUSE,C,OTHER MOTOR VEHICLE,,0,0,CLEAR,,NO UNUSUAL CONDITIONS,,C,DARK-STREET LIGHTS,37.812972,-122.272768,,,,,A,NO PEDESTRIANS INVOLVED,9/12/2023 6:07:00 AM,A,VC 21658(a),False,1,I-980 E/B E/OF WEST GRAND AVENUE,,,9/19/2023 11:06:05 AM,A,E,341.0,WEST GRAND AVENUE,F,,D,9/19/2023 11:06:08 AM,9/19/2023 11:06:08 AM,False,True,4,,9/12/2023 6:12:00 AM,612,False,,True,
2173460,9370-2023-02810,2,False,9370,9/11/2023 1:25:00 PM,1325,055,14,109,Oakland,1,True,True,C,REAR END,,Monday,Yes,False,M,,False,True,True,ALAMEDA SUPERIOR COURT WILEY W. MANUEL COURTHOUSE,C,OTHER MOTOR VEHICLE,,1,0,CLEAR,,NO UNUSUAL CONDITIONS,,A,DAYLIGHT,37.823177,-122.262557,,,,,A,NO PEDESTRIANS INVOLVED,9/11/2023 1:25:00 PM,A,VC 22350,False,1,I-580 W/B,,,4/5/2024 11:29:37 AM,A,W,50.0,WEBSTER ST,F,,D,9/19/2023 9:55:10 AM,4/5/2024 11:29:42 AM,False,True,4,,9/11/2023 1:27:00 PM,1327,False,,,True
2173433,9370-2023-02809,1,False,9370,9/11/2023 9:23:00 AM,923,177,14,109,Oakland,1,True,True,B,SIDE SWIPE,,Monday,NotApplicable,False,,,False,True,False,ALAMEDA SUPERIOR COURT WILEY W. MANUEL COURTHOUSE,C,OTHER MOTOR VEHICLE,,0,0,CLEAR,,NO UNUSUAL CONDITIONS,,A,DAYLIGHT,37.802466,-122.298781,,,,,A,NO PEDESTRIANS INVOLVED,9/11/2023 9:23:00 AM,A,VC 21658(A),False,1,I-880 N/B,,,9/19/2023 9:26:54 AM,A,S,1900.0,7TH STREET,F,,D,9/19/2023 9:27:00 AM,9/19/2023 9:27:00 AM,False,True,4,,9/11/2023 9:30:00 AM,930,False,,,True
2173408,9370-2023-02787,1,False,9370,9/9/2023 5:40:00 PM,1740,052,14,109,Oakland,1,True,True,B,SIDE SWIPE,,Saturday,NotApplicable,False,M,,False,True,False,ALAMEDA SUPERIOR COURT WILEY W. MANUEL COURTHOUSE,C,OTHER MOTOR VEHICLE,,0,0,CLEAR,,NO UNUSUAL CONDITIONS,,A,DAYLIGHT,37.775795,-122.162811,,,,,A,NO PEDESTRIANS INVOLVED,9/9/2023 5:40:00 PM,A,VC 21658(a),False,1,I-580 W/B,,,9/19/2023 9:12:03 AM,A,E,400.0,EDWARDS AVENUE,F,,D,9/19/2023 9:12:09 AM,9/19/2023 9:12:09 AM,False,True,4,,9/9/2023 5:45:00 PM,1745,False,,,True
2173325,9370-2023-02807,1,False,9370,9/10/2023 8:32:00 PM,2032,008,14,109,Oakland,1,True,True,C,REAR END,,Sunday,Yes,False,,,False,True,True,ALAMEDA SUPERIOR COURT WILEY W. MANUEL COURTHOUSE,C,OTHER MOTOR VEHICLE,,1,0,CLEAR,,NO UNUSUAL CONDITIONS,,C,DARK-STREET LIGHTS,37.825006,-122.312551,,,,,A,NO PEDESTRIANS INVOLVED,9/10/2023 8:32:00 PM,A,VC 22350,False,1,I-80 W/B,,,9/19/2023 8:20:02 AM,A,W,460.0,SAN FRANCISCO OAKLAND BAY BRIDGE TOLL PLAZA,F,,D,9/19/2023 8:20:05 AM,9/19/2023 8:20:05 AM,False,True,4,,9/10/2023 8:50:00 PM,2050,False,,,False
2173300,9370-2023-02759,1,False,9370,9/7/2023 7:20:00 AM,720,176,14,109,Oakland,1,True,True,E,HIT OBJECT,,Thursday,NotApplicable,False,,,False,True,False,ALAMEDA SUPERIOR COURT WILEY W. MANUEL COURTHOUSE,J,OTHER OBJECT,UNKNOWN,0,0,CLEAR,,NO UNUSUAL CONDITIONS,,A,DAYLIGHT,37.773812,-122.229426,,,,,A,NO PEDESTRIANS INVOLVED,9/7/2023 7:20:00 AM,C,,,,I-880 N/B,,,9/19/2023 8:02:17 AM,A,S,1200.0,29TH AVE,F,,D,9/19/2023 8:02:17 AM,9/19/2023 8:02:17 AM,False,True,4,,9/7/2023 7:25:00 AM,725,False,,,True
2173241,9370-2023-02754,1,False,9370,9/7/2023 6:04:00 AM,604,024,14,109,Oakland,1,True,True,E,HIT OBJECT,,Thursday,Yes,False,,,False,True,True,ALAMEDA SUPERIOR COURT WILEY W. MANUEL COURTHOUSE,J,OTHER OBJECT,METAL ATTENUATOR,0,0,CLOUDY,,NO UNUSUAL CONDITIONS,,B,DUSK-DAWN,37.848701,-122.243609,,,,,A,NO PEDESTRIANS INVOLVED,9/7/2023 6:04:00 AM,A,VC 23152(a),True,1,SR-24 WESTBOUND TO COLLEGE AVENUE,,,9/19/2023 6:46:49 AM,A,E,2740.0,COLLEGE AVENUE,F,,D,9/19/2023 6:48:07 AM,9/19/2023 6:48:07 AM,False,True,4,,9/7/2023 6:09:00 AM,609,False,,,True
2173235,9370-2023-02801,1,False,9370,9/10/2023 10:50:00 AM,1050,055,14,109,Oakland,1,True,True,C,REAR END,,Sunday,NotApplicable,False,,,False,True,False,ALAMEDA SUPERIOR COURT WILEY W. MANUEL COURTHOUSE,C,OTHER MOTOR VEHICLE,,0,0,CLEAR,,NO UNUSUAL CONDITIONS,,A,DAYLIGHT,37.826487,-122.276975,,,,,A,NO PEDESTRIANS INVOLVED,9/10/2023 10:50:00 AM,A,VC 22350,False,1,I-580 WESTBOUND,,,9/19/2023 6:39:00 AM,A,E,420.0,SAN PABLO AVENUE UNDER CROSSING,F,,D,9/19/2023 6:40:21 AM,9/19/2023 6:40:21 AM,False,True,4,,9/10/2023 10:55:00 AM,1055,False,,,True
2173204,9370-2023-02768,1,False,9370,9/8/2023 6:30:00 AM,630,024,14,109,Oakland,1,True,True,C,REAR END,,Friday,NotApplicable,False,,,False,True,False,ALAMEDA SUPERIOR COURT WILEY W. MANUEL COURTHOUSE,C,OTHER MOTOR VEHICLE,,1,0,CLEAR,,NO UNUSUAL CONDITIONS,,A,DAYLIGHT,37.855692,-122.215617,,,,,A,NO PEDESTRIANS INVOLVED,9/8/2023 6:30:00 AM,A,VC 22350,False,1,SR-24 W/B,,,9/19/2023 5:08:25 AM,A,E,2000.0,EAST OF WEST EDGE OF CALDECOTT TUNNEL BORE 3,F,,D,9/19/2023 5:08:32 AM,9/19/2023 5:08:32 AM,False,True,4,,9/8/2023 6:32:00 AM,632,False,,,True
2172855,9370-2023-02794,1,False,9370,9/10/2023 12:28:00 AM,28,055,14,109,Oakland,1,True,True,B,SIDE SWIPE,,Sunday,NotApplicable,False,,,False,True,False,ALAMEDA SUPERIOR COURT WILEY W. MANUEL COURTHOUSE,C,OTHER MOTOR VEHICLE,,0,0,CLEAR,,NO UNUSUAL CONDITIONS,,D,DARK-NO STREET LIGHTS,37.826731,-122.285473,,,,,A,NO PEDESTRIANS INVOLVED,9/10/2023 12:28:00 AM,A,VC 21658(A),False,1,I-580 E/B,,,9/18/2023 3:10:57 PM,A,W,400.0,HOLLIS ST,F,,D,9/18/2023 3:11:00 PM,9/18/2023 3:11:00 PM,False,True,4,,9/10/2023 12:31:00 AM,31,False,,,False
2196757,9370-2023-03027,1,False,9370,9/29/2023 11:50:00 PM,2350,055,14,109,Oakland,1,True,True,C,REAR END,,Friday,Yes,False,,,False,True,False,ALAMEDA SUPERIOR COURT WILEY W. MANUEL COURTHOUSE,C,OTHER MOTOR VEHICLE,,1,0,CLEAR,,NO UNUSUAL CONDITIONS,,D,DARK-NO STREET LIGHTS,37.825357,-122.267216,,,,,A,NO PEDESTRIANS INVOLVED,9/29/2023 11:50:00 PM,A,VC 23152(A),True,1,I-580 W/B TO SR-24 E/B,,,10/11/2023 7:35:15 PM,A,E,417.0,MACARTHUR BLVD,F,,D,10/11/2023 7:35:21 PM,10/11/2023 7:35:21 PM,False,True,4,,9/29/2023 11:55:00 PM,2355,False,,,True