collision-id,report-number,report-version,is-preliminary,ncic-code,crash-date-time,crash-time-description,beat,city-id,city-code,city-name,county-code,city-is-active,city-is-incorporated,collision-type-code,collision-type-description,collision-type-other-desc,day-of-week,dispatch-notified,has-photographs,hit-run,is-attachments-mailed,is-deleted,is-highway-related,is-tow-away,judicial-district,motor-vehicle-involved-with-code,motor-vehicle-involved-with-desc,motor-vehicle-involved-with-other-desc,number-injured,number-killed,weather-1,weather-2,road-condition-1,road-condition-2,special-condition-lighting-code,lighting-description,latitude,longitude,milepost-direction,milepost-distance,milepost-marker,milepost-unit-of-measure,pedestrian-action-code,pedestrian-action-desc,prepared-date,primary-collision-factor-code,primary-collision-factor-violation,primary-collision-factor-is-cited,primary-collision-party-number,primary-road,reporting-district,reporting-district-code,reviewed-date,roadway-surface-code,secondary-direction,secondary-distance,secondary-road,secondary-unit-of-measure,sketch-desc,traffic-control-device-code,created-date,modified-date,is-county-road,is-freeway,chp-555-version,is-additonal-object-struck,notification-date,notification-time-description,has-digital-media-files,evidence-number,is-location-refer-to-narrative,is-aoi-one-same-as-location
2199495,9370-2023-02238,1,False,9370,7/19/2023 4:30:00 PM,1630,055,14,109,Oakland,1,True,True,C,REAR END,,Wednesday,Yes,False,M,,False,True,False,ALAMEDA SUPERIOR COURT WILEY W. MANUEL COURTHOUSE,C,OTHER MOTOR VEHICLE,,1,0,CLEAR,,NO UNUSUAL CONDITIONS,,A,DAYLIGHT,37.824153,-122.268038,,,,,A,NO PEDESTRIANS INVOLVED,7/19/2023 4:30:00 PM,A,VC 23152(g),False,1,I-580 E/B,,,10/15/2023 8:53:38 AM,A,E,498.0,MARTIN LUTHER KING JR. WAY,F,,D,10/15/2023 8:54:12 AM,10/15/2023 8:54:12 AM,False,True,4,,7/19/2023 4:30:00 PM,1630,False,,,True
2199493,9370-2023-02188,1,False,9370,7/18/2023 9:53:00 AM,953,024,14,109,Oakland,1,True,True,B,SIDE SWIPE,,Tuesday,NotApplicable,False,,,False,True,False,ALAMEDA SUPERIOR COURT WILEY W. MANUEL COURTHOUSE,C,OTHER MOTOR VEHICLE,,0,0,CLEAR,,NO UNUSUAL CONDITIONS,,A,DAYLIGHT,37.849156,-122.230375,,,,,A,NO PEDESTRIANS INVOLVED,7/18/2023 9:53:00 AM,A,VC 21658(A),False,1,SR-24 W/B,,,10/15/2023 8:50:53 AM,A,E,250.0,KAY ROAD,F,,D,10/15/2023 8:51:01 AM,10/15/2023 8:51:01 AM,False,True,4,,7/18/2023 10:00:00 AM,1000,False,,,True
2199486,9370-2023-02788,1,False,9370,9/9/2023 8:30:00 PM,2030,052,14,109,Oakland,1,True,True,C,REAR END,,Saturday,NotApplicable,False,M,,False,True,False,ALAMEDA SUPERIOR COURT WILEY W. MANUEL COURTHOUSE,C,OTHER MOTOR VEHICLE,,0,0,CLEAR,,NO UNUSUAL CONDITIONS,,A,DAYLIGHT,37.784529,-122.19011,,,,,A,NO PEDESTRIANS INVOLVED,9/9/2023 8:30:00 PM,A,VC 22350,False,1,I-580 E/B,,,10/15/2023 7:42:23 AM,A,W,300.0,MACARTHUR BLVD,F,,D,10/15/2023 7:42:28 AM,10/15/2023 7:42:28 AM,False,True,4,,9/9/2023 8:35:00 PM,2035,False,,,True
2199484,9370-2023-02789,1,False,9370,9/9/2023 6:25:00 PM,1825,052,14,109,Oakland,1,True,True,B,SIDE SWIPE,,Saturday,NotApplicable,False,M,,False,True,True,ALAMEDA SUPERIOR COURT WILEY W. MANUEL COURTHOUSE,C,OTHER MOTOR VEHICLE,,0,0,CLEAR,,NO UNUSUAL CONDITIONS,,A,DAYLIGHT,37.783969,-122.184729,,,,,A,NO PEDESTRIANS INVOLVED,9/9/2023 6:25:00 PM,A,VC 21658(A),False,2,I-580 E/B,,,10/15/2023 7:26:48 AM,A,W,800.0,SR-13,F,,D,10/15/2023 7:26:55 AM,10/15/2023 7:26:55 AM,False,True,4,,9/9/2023 6:30:00 PM,1830,False,,,True
2199481,9370-2023-02150,1,False,9370,7/14/2023 10:30:00 PM,2230,053,14,109,Oakland,1,True,True,B,SIDE SWIPE,,Friday,Yes,False,,,False,True,True,ALAMEDA SUPERIOR COURT WILEY W. MANUEL COURTHOUSE,D,MOTOR VEHICLE ON OTHER ROADWAY,,1,0,CLEAR,,NO UNUSUAL CONDITIONS,,D,DARK-NO STREET LIGHTS,37.793744,-122.205105,,,,,A,NO PEDESTRIANS INVOLVED,7/14/2023 10:30:00 PM,A,VC 21658(A),False,1,I-580 E/B,,,10/15/2023 7:00:06 AM,A,W,375.0,35TH AVENUE,F,,D,10/15/2023 7:00:11 AM,10/15/2023 7:00:11 AM,False,True,4,,7/14/2023 10:35:00 PM,2235,False,,,True
2199288,9335-2023-01694,1,False,9335,8/30/2023 5:14:00 AM,514,082,14,109,Oakland,1,True,True,E,HIT OBJECT,,Wednesday,NotApplicable,False,,,False,True,False,ALAMEDA SUPERIOR COURT ALAMEDA,I,FIXED OBJECT,CONCRETE MEDIAN,0,0,CLEAR,,NO UNUSUAL CONDITIONS,,C,DARK-STREET LIGHTS,37.824547,-122.313929,,,,,A,NO PEDESTRIANS INVOLVED,8/30/2023 5:14:00 AM,A,VC 22107,False,1,I-80,,,10/14/2023 7:31:38 AM,A,W,25.0,THE SAN FRANCISCO OAKLAND BAY BRIDGE TOLL PLAZA.,F,,A,10/14/2023 7:31:40 AM,10/14/2023 7:31:40 AM,False,True,4,,8/30/2023 5:20:00 AM,520,False,,,True
2198383,9370-2023-03057,1,False,9370,10/3/2023 6:37:00 PM,1837,052,14,109,Oakland,1,True,True,C,REAR END,,Tuesday,NotApplicable,False,M,,False,True,False,ALAMEDA SUPERIOR COURT WILEY W. MANUEL COURTHOUSE,C,OTHER MOTOR VEHICLE,,0,0,CLEAR,,NO UNUSUAL CONDITIONS,,D,DARK-NO STREET LIGHTS,37.786313,-122.195097,,,,,A,NO PEDESTRIANS INVOLVED,10/3/2023 6:37:00 PM,A,VC 22350,False,2,I-580 E/B,,,10/13/2023 8:05:17 AM,A,E,100.0,HIGH ST,F,,D,10/13/2023 8:06:26 AM,10/13/2023 8:06:26 AM,False,True,4,,10/3/2023 6:42:00 PM,1842,False,,,True
2198320,9370-2023-03172,1,False,9370,10/12/2023 8:08:00 AM,808,052,14,109,Oakland,1,True,True,C,REAR END,,Thursday,NotApplicable,False,M,,False,True,False,ALAMEDA SUPERIOR COURT WILEY W. MANUEL COURTHOUSE,C,OTHER MOTOR VEHICLE,,0,0,CLEAR,,NO UNUSUAL CONDITIONS,,A,DAYLIGHT,37.768357,-122.153436,,,,,A,NO PEDESTRIANS INVOLVED,10/12/2023 8:08:00 AM,A,VC 22350,False,2,I-580 W/B,,,10/13/2023 6:23:52 AM,A,E,0.3,KELLER AVE,M,,D,10/13/2023 6:23:56 AM,10/13/2023 6:23:56 AM,False,True,4,,10/12/2023 8:14:00 AM,814,False,,True,
2198058,9370-2023-03040,1,False,9370,10/2/2023 8:40:00 AM,840,025,14,109,Oakland,1,True,True,C,REAR END,,Monday,NotApplicable,False,,,False,True,False,ALAMEDA SUPERIOR COURT WILEY W. MANUEL COURTHOUSE,C,OTHER MOTOR VEHICLE,,0,0,CLEAR,,NO UNUSUAL CONDITIONS,,A,DAYLIGHT,37.834014,-122.266435,,,,,A,NO PEDESTRIANS INVOLVED,10/2/2023 8:40:00 AM,A,VC 22350,False,1,SR-24 W/B,,,10/13/2023 3:15:37 AM,A,W,200.0,45TH ST,F,,D,10/13/2023 3:15:40 AM,10/13/2023 3:15:40 AM,False,True,4,,10/2/2023 8:42:00 AM,842,False,,,True
2197929,9370-2023-03058,1,False,9370,10/3/2023 6:50:00 PM,1850,098,14,109,Oakland,1,True,True,B,SIDE SWIPE,,Tuesday,Yes,False,M,,False,True,True,ALAMEDA SUPERIOR COURT WILEY W. MANUEL COURTHOUSE,C,OTHER MOTOR VEHICLE,,0,0,CLEAR,,NO UNUSUAL CONDITIONS,,D,DARK-NO STREET LIGHTS,37.812483,-122.273684,,,,,A,NO PEDESTRIANS INVOLVED,10/3/2023 6:50:00 PM,A,VC 21658(A),False,1,I-980 W/B,,,10/13/2023 2:40:49 AM,A,W,346.0,W. GRAND AVE,F,,D,10/13/2023 2:40:56 AM,10/13/2023 2:40:56 AM,False,True,4,,10/3/2023 6:57:00 PM,1857,False,,,True
2197882,9370-2023-02833,1,False,9370,9/12/2023 6:03:00 PM,1803,904,14,109,Oakland,1,True,True,C,REAR END,,Tuesday,NotApplicable,False,,,False,True,False,ALAMEDA SUPERIOR COURT WILEY W. MANUEL COURTHOUSE,C,OTHER MOTOR VEHICLE,,0,0,CLEAR,,NO UNUSUAL CONDITIONS,,Courtesy ReportA,DAYLIGHT,37.821952,-122.326697,,,,,A,NO PEDESTRIANS INVOLVED,9/12/2023 6:03:00 PM,A,VC 22350,False,1,INTERSTATE 80 EASTBOUND,,,10/13/2023 12:32:21 AM,A,E,3850.0,SAN FRANCISCO - OAKLAND BAY BRIDGE TOLL PLAZA,F,,D,10/13/2023 12:32:25 AM,10/13/2023 12:32:25 AM,False,True,4,,9/12/2023 6:18:00 PM,1818,False,,,True
2197679,9370-2023-02778,1,False,9370,9/8/2023 8:30:00 PM,2030,053,14,109,Oakland,1,True,True,C,REAR END,,Friday,NotApplicable,False,F,,False,True,False,ALAMEDA SUPERIOR COURT WILEY W. MANUEL COURTHOUSE,C,OTHER MOTOR VEHICLE,,1,0,CLEAR,,NO UNUSUAL CONDITIONS,,C,DARK-STREET LIGHTS,37.796928,-122.211217,,,,,A,NO PEDESTRIANS INVOLVED,9/8/2023 8:30:00 PM,A,VC 22350,False,1,I-580 W/B,,,10/12/2023 2:23:02 PM,A,W,200.0,COOLIDGE AVE,F,,D,10/12/2023 2:23:13 PM,10/12/2023 2:23:13 PM,False,True,4,,9/8/2023 8:45:00 PM,2045,False,,,True
2197608,9370-2023-03041,1,False,9370,10/2/2023 9:15:00 AM,915,178,14,109,Oakland,1,True,True,C,REAR END,,Monday,Yes,False,,,False,True,True,ALAMEDA SUPERIOR COURT WILEY W. MANUEL COURTHOUSE,C,OTHER MOTOR VEHICLE,,1,0,CLEAR,,NO UNUSUAL CONDITIONS,,A,DAYLIGHT,37.80189,-122.297655,,,,,A,NO PEDESTRIANS INVOLVED,10/2/2023 9:15:00 AM,A,VC 22350,False,1,I-880 S/B,,,10/12/2023 1:40:27 PM,A,S,400.0,7TH STREET,F,,D,10/12/2023 1:40:32 PM,10/12/2023 1:40:32 PM,False,True,4,False,10/2/2023 9:20:00 AM,920,False,,,True
2227793,9335-2023-00536,1,False,9335,3/15/2023 11:20:00 PM,2320,082,14,109,Oakland,1,True,True,C,REAR END,,Wednesday,Yes,False,,,False,True,True,ALAMEDA SUPERIOR COURT WILEY W. MANUEL COURTHOUSE,C,OTHER MOTOR VEHICLE,,0,2,CLEAR,,NO UNUSUAL CONDITIONS,,FatalC,DARK-STREET LIGHTS,37.819682,-122.346522,,,,,A,NO PEDESTRIANS INVOLVED,3/15/2023 11:20:00 PM,A,VC 23152(a),False,1,I-80 W/B,,,11/3/2023 2:12:46 PM,A,E,1.2,YERBA BUENA ISLAND TUNNEL EAST EDGE,M,,D,11/3/2023 2:12:56 PM,11/3/2023 2:12:56 PM,False,True,4,,3/15/2023 11:21:00 PM,2321,True,E2023-0096,True,
2227591,9370-2023-03365,1,False,9370,10/28/2023 3:23:00 AM,323,052,14,109,Oakland,1,True,True,E,HIT OBJECT,,Saturday,NotApplicable,False,,,False,True,True,ALAMEDA SUPERIOR COURT WILEY W. MANUEL COURTHOUSE,I,FIXED OBJECT,WOODEN SIGN POST,0,0,CLEAR,,NO UNUSUAL CONDITIONS,,D,DARK-NO STREET LIGHTS,37.783765,-122.177863,,,,,A,NO PEDESTRIANS INVOLVED,10/28/2023 3:23:00 AM,A,VC 22107,False,1,I-580 W/B,,,11/3/2023 11:02:26 AM,A,E,164.0,SR-13,F,,D,11/3/2023 11:02:34 AM,11/3/2023 11:02:34 AM,False,True,4,,10/28/2023 3:26:00 AM,326,False,,,True
2227481,9370-2023-02914,1,False,9370,9/19/2023 10:58:00 AM,1058,053,14,109,Oakland,1,True,True,D,BROADSIDE,,Tuesday,Yes,False,,,False,True,True,ALAMEDA SUPERIOR COURT WILEY W. MANUEL COURTHOUSE,C,OTHER MOTOR VEHICLE,,1,1,CLEAR,,NO UNUSUAL CONDITIONS,,FatalA,DAYLIGHT,37.797873,-122.215664,,,,,A,NO PEDESTRIANS INVOLVED,9/19/2023 10:58:00 AM,A,VC 22107,False,1,I-580 E/B,,,11/3/2023 9:46:50 AM,A,W,626.0,BOSTON AVENUE,F,,D,11/3/2023 9:46:56 AM,11/3/2023 9:46:56 AM,False,True,4,,9/19/2023 11:04:00 AM,1104,True,AREA PHOTO FILE,True,
2227263,9370-2023-03353,1,False,9370,10/27/2023 7:55:00 AM,755,054,14,109,Oakland,1,True,True,E,HIT OBJECT,,Friday,NotApplicable,False,,,False,True,False,ALAMEDA SUPERIOR COURT WILEY W. MANUEL COURTHOUSE,I,FIXED OBJECT,TREE,0,0,CLEAR,,NO UNUSUAL CONDITIONS,,A,DAYLIGHT,37.812357,-122.250777,,,,,A,NO PEDESTRIANS INVOLVED,10/27/2023 7:55:00 AM,A,VC 22107,False,1,I-580 E/B,,,11/3/2023 6:35:28 AM,A,W,910.0,GRAND AVE,F,,D,11/3/2023 6:35:30 AM,11/3/2023 6:35:30 AM,False,True,4,,10/27/2023 7:59:00 AM,759,False,,,True
2227224,9370-2023-03350,1,False,9370,10/26/2023 8:55:00 AM,855,055,14,109,Oakland,1,True,True,B,SIDE SWIPE,,Thursday,NotApplicable,False,,,False,True,False,ALAMEDA SUPERIOR COURT WILEY W. MANUEL COURTHOUSE,C,OTHER MOTOR VEHICLE,,0,0,CLEAR,,NO UNUSUAL CONDITIONS,,A,DAYLIGHT,37.826923,-122.286407,,,,,A,NO PEDESTRIANS INVOLVED,10/26/2023 8:55:00 AM,A,VC 21658(A),False,1,I-580 W/B,,,11/3/2023 4:51:31 AM,A,E,880.0,MANDELA PARKWAY,F,,D,11/3/2023 4:51:35 AM,11/3/2023 4:51:35 AM,False,True,4,,10/26/2023 9:00:00 AM,900,False,,,True
2226431,9320-2023-03199,1,False,9320,10/28/2023 6:50:00 PM,1850,904,14,109,Oakland,1,True,True,C,REAR END,,Saturday,NotApplicable,False,,,False,True,False,ALAMEDA SUPERIOR COURT WILEY W. MANUEL COURTHOUSE,C,OTHER MOTOR VEHICLE,,0,0,CLEAR,,NO UNUSUAL CONDITIONS,,B,DUSK-DAWN,37.799064,-122.276646,,,,,A,NO PEDESTRIANS INVOLVED,10/28/2023 6:50:00 PM,A,VC 22350,False,1,I-880 S/B,,,11/2/2023 9:07:53 AM,A,N,105.0,WASHINGTON STREET,F,,A,11/2/2023 9:08:00 AM,11/2/2023 9:08:00 AM,False,True,4,,10/28/2023 6:50:00 PM,1850,True,EMBEDDED,,True
2226252,9370-2023-03314,1,False,9370,10/24/2023 5:10:00 PM,1710,024,14,109,Oakland,1,True,True,B,SIDE SWIPE,,Tuesday,NotApplicable,False,,,False,True,False,ALAMEDA SUPERIOR COURT WILEY W. MANUEL COURTHOUSE,C,OTHER MOTOR VEHICLE,,0,0,CLEAR,,NO UNUSUAL CONDITIONS,,A,DAYLIGHT,37.851747,-122.222466,,,,,A,NO PEDESTRIANS INVOLVED,10/24/2023 5:10:00 PM,A,VC 21658(A),False,1,SR-24 E/B,,,11/2/2023 6:02:16 AM,A,W,160.0,TUNNEL RD,F,,D,11/2/2023 6:02:19 AM,11/2/2023 6:02:19 AM,False,True,4,,10/24/2023 5:17:00 PM,1717,False,,,True
2225799,9370-2023-03361,1,False,9370,10/27/2023 6:40:00 PM,1840,081,14,109,Oakland,1,True,True,C,REAR END,,Friday,Yes,False,,,False,True,False,ALAMEDA SUPERIOR COURT WILEY W. MANUEL COURTHOUSE,C,OTHER MOTOR VEHICLE,,0,0,CLEAR,,NO UNUSUAL CONDITIONS,,D,DARK-NO STREET LIGHTS,37.863633,-122.302795,,,,,A,NO PEDESTRIANS INVOLVED,10/27/2023 6:40:00 PM,A,VC 22350,False,1,I-80 E/B,,,11/1/2023 2:29:27 PM,A,W,1150.0,UNIVERSITY AVE,F,,D,11/1/2023 2:29:31 PM,11/1/2023 2:29:31 PM,False,True,4,,10/27/2023 6:45:00 PM,1845,False,,,True
2225779,9370-2023-03358,1,False,9370,10/27/2023 3:45:00 PM,1545,008,14,109,Oakland,1,True,True,C,REAR END,,Friday,Yes,False,,,False,True,False,ALAMEDA SUPERIOR COURT WILEY W. MANUEL COURTHOUSE,C,OTHER MOTOR VEHICLE,,0,0,CLEAR,,NO UNUSUAL CONDITIONS,,A,DAYLIGHT,37.874986,-122.306391,,,,,A,NO PEDESTRIANS INVOLVED,10/27/2023 3:45:00 PM,A,VC 21658(A),False,1,I-80 W/B,,,11/1/2023 2:19:35 PM,A,W,1130.0,GILMAN ST,F,,D,11/1/2023 2:19:39 PM,11/1/2023 2:19:39 PM,False,True,4,,10/27/2023 4:00:00 PM,1600,False,,,True
2225736,9370-2023-03398,1,False,9370,10/30/2023 5:30:00 PM,1730,176,14,109,Oakland,1,True,True,C,REAR END,,Monday,No,False,M,,False,True,False,ALAMEDA SUPERIOR COURT WILEY W. MANUEL COURTHOUSE,C,OTHER MOTOR VEHICLE,,0,0,CLEAR,,NO UNUSUAL CONDITIONS,,B,DUSK-DAWN,37.738005,-122.194527,,,,,A,NO PEDESTRIANS INVOLVED,10/30/2023 5:30:00 PM,A,VC 22350,False,1,I-880 S/B FROM HEGENBERGER RD,,,11/1/2023 1:53:00 PM,A,S,950.0,HEGENBERGER RD,F,,D,11/1/2023 1:53:04 PM,11/1/2023 1:53:04 PM,False,True,4,,10/30/2023 5:45:00 PM,1745,False,,,True
2225498,9370-2023-03357,1,False,9370,10/27/2023 6:20:00 PM,1820,054,14,109,Oakland,1,True,True,B,SIDE SWIPE,,Friday,NotApplicable,False,M,,False,True,False,ALAMEDA SUPERIOR COURT WILEY W. MANUEL COURTHOUSE,C,OTHER MOTOR VEHICLE,,0,0,CLEAR,,NO UNUSUAL CONDITIONS,,A,DAYLIGHT,37.811357,-122.249678,,,,,A,NO PEDESTRIANS INVOLVED,10/27/2023 6:20:00 PM,A,VC 21658(A),False,1,I-580 W/B,,,11/1/2023 10:22:21 AM,A,W,450.0,GRAND AVE,F,,D,11/1/2023 10:23:15 AM,11/1/2023 10:23:15 AM,False,True,4,,10/27/2023 7:11:00 PM,1911,False,,,True
2225470,9370-2023-03356,1,False,9370,10/27/2023 3:50:00 PM,1550,024,14,109,Oakland,1,True,True,C,REAR END,,Friday,NotApplicable,False,,,False,True,False,ALAMEDA SUPERIOR COURT WILEY W. MANUEL COURTHOUSE,C,OTHER MOTOR VEHICLE,,0,0,CLEAR,,NO UNUSUAL CONDITIONS,,A,DAYLIGHT,37.845471,-122.249048,,,,,A,NO PEDESTRIANS INVOLVED,10/27/2023 3:50:00 PM,A,VC 22350,False,1,SR-24 E/B,,,11/1/2023 10:04:38 AM,A,W,1200.0,BROADWAY,F,,D,11/1/2023 10:04:46 AM,11/1/2023 10:04:46 AM,False,True,4,,10/27/2023 3:57:00 PM,1557,False,,,True
2225442,9370-2023-03329,1,False,9370,10/26/2023 3:00:00 AM,300,025,14,109,Oakland,1,True,True,B,SIDE SWIPE,,Thursday,NotApplicable,False,M,,False,True,False,ALAMEDA SUPERIOR COURT WILEY W. MANUEL COURTHOUSE,I,FIXED OBJECT,CONCRETE BARRIER WALL,0,0,CLEAR,,NO UNUSUAL CONDITIONS,,C,DARK-STREET LIGHTS,37.834038,-122.266792,,,,,A,NO PEDESTRIANS INVOLVED,10/26/2023 3:00:00 AM,A,VC 21658(A),False,1,SR-24 W/B FROM MARTIN LUTHER KING JR WAY,,,11/1/2023 9:36:11 AM,A,E,965.0,42ND STREET,F,,D,11/1/2023 9:36:18 AM,11/1/2023 9:36:18 AM,False,True,4,,10/26/2023 3:06:00 AM,306,False,,,True
2225411,9370-2023-03391,1,False,9370,10/26/2023 6:30:00 AM,630,008,14,109,Oakland,1,True,True,C,REAR END,,Thursday,NotApplicable,False,M,,False,True,False,ALAMEDA SUPERIOR COURT WILEY W. MANUEL COURTHOUSE,C,OTHER MOTOR VEHICLE,,0,0,CLEAR,,NO UNUSUAL CONDITIONS,,C,DARK-STREET LIGHTS,37.824924,-122.309349,,,,,A,NO PEDESTRIANS INVOLVED,10/26/2023 6:30:00 AM,A,VC 22350,False,1,I-80 W/B,,,11/1/2023 9:15:03 AM,A,E,80.0,WEST GRAND AVE O/C,F,,D,11/1/2023 9:15:07 AM,11/1/2023 9:15:07 AM,False,True,4,,10/26/2023 6:40:00 AM,640,False,,,True
2225379,9370-2023-03318,1,False,9370,10/24/2023 9:20:00 PM,2120,054,14,109,Oakland,1,True,True,E,HIT OBJECT,,Tuesday,NotApplicable,False,,,False,True,True,ALAMEDA SUPERIOR COURT WILEY W. MANUEL COURTHOUSE,J,OTHER OBJECT,CONCRETE BARRIER,0,0,CLEAR,,NO UNUSUAL CONDITIONS,,D,DARK-NO STREET LIGHTS,37.807058,-122.238763,,,,,A,NO PEDESTRIANS INVOLVED,10/24/2023 9:20:00 PM,A,VC 22107,False,1,I-580 E/B,,,11/1/2023 8:53:58 AM,A,W,1850.0,PARK BLVD,F,,D,11/1/2023 8:54:01 AM,11/1/2023 8:54:01 AM,False,True,4,,10/24/2023 9:30:00 PM,2130,False,,,True
2225370,9370-2023-03369,1,False,9370,10/28/2023 2:28:00 PM,1428,055,14,109,Oakland,1,True,True,B,SIDE SWIPE,,Saturday,NotApplicable,False,,,False,True,False,ALAMEDA SUPERIOR COURT WILEY W. MANUEL COURTHOUSE,C,OTHER MOTOR VEHICLE,,0,0,CLEAR,,NO UNUSUAL CONDITIONS,,A,DAYLIGHT,37.825521,-122.267225,,,,,A,NO PEDESTRIANS INVOLVED,10/28/2023 2:28:00 PM,A,VC 21658(A),False,1,I-580 W/B TO SR-24 EB,,,11/1/2023 8:50:20 AM,A,W,500.0,MACARTHUR BLVD,F,,D,11/1/2023 8:50:25 AM,11/1/2023 8:50:25 AM,False,True,4,,10/28/2023 2:44:00 PM,1444,False,,,True
2225340,9370-2023-03281,1,False,9370,10/22/2023 11:20:00 AM,1120,055,14,109,Oakland,1,True,True,C,REAR END,,Sunday,No,False,,,False,True,False,ALAMEDA SUPERIOR COURT WILEY W. MANUEL COURTHOUSE,C,OTHER MOTOR VEHICLE,,0,0,RAINING,,NO UNUSUAL CONDITIONS,,A,DAYLIGHT,37.826654,-122.277839,,,,,A,NO PEDESTRIANS INVOLVED,10/22/2023 11:20:00 AM,A,VC 22350,False,1,I-580 W/B,,,11/1/2023 8:30:01 AM,B,E,203.0,SAN PABLO AVENUE,F,,D,11/1/2023 8:30:04 AM,11/1/2023 8:30:04 AM,False,True,4,False,10/22/2023 11:30:00 AM,1130,False,,,False
2225329,9370-2023-03319,1,False,9370,10/24/2023 11:50:00 AM,1150,052,14,109,Oakland,1,True,True,D,BROADSIDE,,Tuesday,NotApplicable,False,,,False,True,False,ALAMEDA SUPERIOR COURT WILEY W. MANUEL COURTHOUSE,C,OTHER MOTOR VEHICLE,,0,0,CLEAR,,NO UNUSUAL CONDITIONS,,A,DAYLIGHT,37.783662,-122.180763,,,,,A,NO PEDESTRIANS INVOLVED,10/24/2023 11:50:00 AM,A,VC 22107,False,1,I-580 E/B,,,11/1/2023 8:24:44 AM,A,W,45.0,CALAVERAS AVE,F,,D,11/1/2023 8:24:48 AM,11/1/2023 8:24:48 AM,False,True,4,,10/24/2023 11:59:00 AM,1159,False,,,True
2225308,9370-2023-03406,1,False,9370,10/31/2023 9:13:00 AM,913,176,14,109,Oakland,1,True,True,C,REAR END,,Tuesday,NotApplicable,False,,,False,True,False,ALAMEDA SUPERIOR COURT WILEY W. MANUEL COURTHOUSE,C,OTHER MOTOR VEHICLE,,0,0,CLEAR,,NO UNUSUAL CONDITIONS,,A,DAYLIGHT,37.754991,-122.208835,,,,,A,NO PEDESTRIANS INVOLVED,10/31/2023 9:13:00 AM,A,VC 22350,False,1,INTERSTATE 880 NORTHBOUND,,,11/1/2023 8:07:57 AM,A,N,484.0,66TH AVENUE,F,,D,11/1/2023 8:08:07 AM,11/1/2023 8:08:07 AM,False,True,4,,10/31/2023 9:20:00 AM,920,False,,,True
2225227,9370-2023-03320,1,False,9370,10/24/2023 8:25:00 AM,825,176,14,109,Oakland,1,True,True,C,REAR END,,Tuesday,NotApplicable,False,,,False,True,True,ALAMEDA SUPERIOR COURT WILEY W. MANUEL COURTHOUSE,C,OTHER MOTOR VEHICLE,,3,0,CLOUDY,,NO UNUSUAL CONDITIONS,,A,DAYLIGHT,37.728477,-122.185701,,,,,A,NO PEDESTRIANS INVOLVED,10/24/2023 8:25:00 AM,A,VC 22350,False,1,I-880 N/B,,,11/1/2023 6:32:13 AM,A,S,1400.0,98TH AVE,F,,D,11/1/2023 6:32:20 AM,11/1/2023 6:32:20 AM,False,True,4,,10/24/2023 8:40:00 AM,840,False,,,True
2225211,9370-2023-03309,1,False,9370,10/23/2023 5:10:00 PM,1710,054,14,109,Oakland,1,True,True,B,SIDE SWIPE,,Monday,NotApplicable,False,,,False,True,False,ALAMEDA SUPERIOR COURT WILEY W. MANUEL COURTHOUSE,C,OTHER MOTOR VEHICLE,,0,0,CLEAR,,NO UNUSUAL CONDITIONS,,A,DAYLIGHT,37.80991,-122.246911,,,,,A,NO PEDESTRIANS INVOLVED,10/23/2023 5:10:00 PM,A,VC 21658(a),False,,I-580 W/B,,,11/1/2023 5:51:49 AM,A,W,40.0,LAKESHORE AVE,F,,D,11/1/2023 5:51:56 AM,11/1/2023 5:51:56 AM,False,True,4,,10/23/2023 5:16:00 PM,1716,False,,,True
2225200,9370-2023-03301,1,False,9370,10/23/2023 6:30:00 AM,630,008,14,109,Oakland,1,True,True,B,SIDE SWIPE,,Monday,NotApplicable,False,M,,False,True,False,ALAMEDA SUPERIOR COURT WILEY W. MANUEL COURTHOUSE,C,OTHER MOTOR VEHICLE,,0,0,CLOUDY,,NO UNUSUAL CONDITIONS,,C,DARK-STREET LIGHTS,37.825125,-122.313344,,,,,A,NO PEDESTRIANS INVOLVED,10/23/2023 6:30:00 AM,A,VC 21658(A),False,1,I-80 W/B,,,11/1/2023 5:30:18 AM,B,E,200.0,SFOBB TOLL PLAZA,F,,D,11/1/2023 5:30:24 AM,11/1/2023 5:30:24 AM,False,True,4,,10/23/2023 6:43:00 AM,643,False,,,True