collision-id,report-number,report-version,is-preliminary,ncic-code,crash-date-time,crash-time-description,beat,city-id,city-code,city-name,county-code,city-is-active,city-is-incorporated,collision-type-code,collision-type-description,collision-type-other-desc,day-of-week,dispatch-notified,has-photographs,hit-run,is-attachments-mailed,is-deleted,is-highway-related,is-tow-away,judicial-district,motor-vehicle-involved-with-code,motor-vehicle-involved-with-desc,motor-vehicle-involved-with-other-desc,number-injured,number-killed,weather-1,weather-2,road-condition-1,road-condition-2,special-condition-lighting-code,lighting-description,latitude,longitude,milepost-direction,milepost-distance,milepost-marker,milepost-unit-of-measure,pedestrian-action-code,pedestrian-action-desc,prepared-date,primary-collision-factor-code,primary-collision-factor-violation,primary-collision-factor-is-cited,primary-collision-party-number,primary-road,reporting-district,reporting-district-code,reviewed-date,roadway-surface-code,secondary-direction,secondary-distance,secondary-road,secondary-unit-of-measure,sketch-desc,traffic-control-device-code,created-date,modified-date,is-county-road,is-freeway,chp-555-version,is-additonal-object-struck,notification-date,notification-time-description,has-digital-media-files,evidence-number,is-location-refer-to-narrative,is-aoi-one-same-as-location
2241940,9370-2023-03641,1,False,9370,11/18/2023 4:35:00 AM,435,177,14,109,Oakland,1,True,True,E,HIT OBJECT,,Saturday,NotApplicable,False,,,False,True,False,ALAMEDA SUPERIOR COURT WILEY W. MANUEL COURTHOUSE,J,OTHER OBJECT,CONCRETE BARRIER WALL,0,0,RAINING,,NO UNUSUAL CONDITIONS,,D,DARK-NO STREET LIGHTS,37.787866,-122.249435,,,,,A,NO PEDESTRIANS INVOLVED,11/18/2023 4:35:00 AM,A,VC 22350,False,1,I-880 S/B,,,11/21/2023 12:49:45 PM,B,N,1500.0,EMBARCADERO,F,,D,11/21/2023 12:49:54 PM,11/21/2023 12:49:54 PM,False,True,4,,11/18/2023 4:40:00 AM,440,False,,,True
2241842,9370-2023-03463,1,False,9370,11/5/2023 2:29:00 AM,229,901,14,109,Oakland,1,True,True,H,OTHER,BACKING,Sunday,NotApplicable,False,,,False,True,False,ALAMEDA SUPERIOR COURT WILEY W. MANUEL COURTHOUSE,C,OTHER MOTOR VEHICLE,,0,0,CLEAR,,NO UNUSUAL CONDITIONS,,C,DARK-STREET LIGHTS,37.759413,-122.141161,,,,,A,NO PEDESTRIANS INVOLVED,11/5/2023 2:29:00 AM,A,VC 23152(F),True,1,SEQUOYAH VIEW DRIVE (200 BLOCK),,,11/21/2023 11:19:43 AM,A,N,400.0,OAK HILL ROAD,F,,D,11/21/2023 11:19:47 AM,11/21/2023 11:19:47 AM,False,True,4,,11/5/2023 2:29:00 AM,229,False,,,True
2241812,9370-2023-03498,1,False,9370,11/8/2023 2:08:00 AM,208,008,14,109,Oakland,1,True,True,E,HIT OBJECT,,Wednesday,Yes,False,M,,False,True,True,ALAMEDA SUPERIOR COURT WILEY W. MANUEL COURTHOUSE,I,FIXED OBJECT,CONCRETE ATTENUATOR,0,0,CLEAR,,NO UNUSUAL CONDITIONS,,C,DARK-STREET LIGHTS,37.82525,-122.313513,,,,,A,NO PEDESTRIANS INVOLVED,11/8/2023 2:08:00 AM,A,VC 22107,False,1,I-80 W/B,,,11/21/2023 10:53:25 AM,A,E,100.0,SFOBB TOLL PLAZA,F,,D,11/21/2023 10:53:27 AM,11/21/2023 10:53:27 AM,False,True,4,,11/8/2023 2:15:00 AM,215,False,,,True
2241723,9370-2023-03503,1,False,9370,11/8/2023 6:00:00 AM,600,024,14,109,Oakland,1,True,True,C,REAR END,,Wednesday,NotApplicable,False,,,False,True,False,ALAMEDA SUPERIOR COURT WILEY W. MANUEL COURTHOUSE,C,OTHER MOTOR VEHICLE,,1,0,CLEAR,,NO UNUSUAL CONDITIONS,,B,DUSK-DAWN,37.850011,-122.238628,,,,,A,NO PEDESTRIANS INVOLVED,11/8/2023 6:00:00 AM,A,VC 22350,False,1,SR-24 W/B,,,11/21/2023 9:54:45 AM,A,E,350.0,GOLDEN GATE AVE,F,,D,11/21/2023 9:54:50 AM,11/21/2023 9:54:50 AM,False,True,4,True,11/8/2023 6:05:00 AM,605,False,,,True
2241661,9370-2023-03591,1,False,9370,11/14/2023 6:22:00 AM,622,055,14,109,Oakland,1,True,True,B,SIDE SWIPE,,Tuesday,NotApplicable,False,,,False,True,False,ALAMEDA SUPERIOR COURT WILEY W. MANUEL COURTHOUSE,C,OTHER MOTOR VEHICLE,,0,0,CLOUDY,,NO UNUSUAL CONDITIONS,,A,DAYLIGHT,37.827595,-122.295689,,,,,A,NO PEDESTRIANS INVOLVED,11/14/2023 6:22:00 AM,A,VC 21658(a),False,2,I-580 W/B TO I-80 W/B,,,11/21/2023 9:29:14 AM,B,W,1350.0,BEACH ST,F,,D,11/21/2023 9:29:19 AM,11/21/2023 9:29:19 AM,False,True,4,,11/14/2023 7:00:00 AM,700,False,,,True
2241528,9370-2023-03573,1,False,9370,11/13/2023 8:40:00 AM,840,052,14,109,Oakland,1,True,True,C,REAR END,,Monday,NotApplicable,False,M,,False,True,False,ALAMEDA SUPERIOR COURT WILEY W. MANUEL COURTHOUSE,C,OTHER MOTOR VEHICLE,,0,0,CLEAR,,NO UNUSUAL CONDITIONS,,A,DAYLIGHT,37.784179,-122.182763,,,,,A,NO PEDESTRIANS INVOLVED,11/13/2023 8:40:00 AM,A,VC 22350,False,1,I-580 W/B,,,11/21/2023 7:57:21 AM,A,W,550.0,DAVENPORT AVENUE,F,,D,11/21/2023 7:57:26 AM,11/21/2023 7:57:26 AM,False,True,4,,11/13/2023 8:45:00 AM,845,False,,,True
2241430,9370-2023-03560,1,False,9370,11/11/2023 6:00:00 PM,1800,025,14,109,Oakland,1,True,True,C,REAR END,,Saturday,NotApplicable,False,,,False,True,True,ALAMEDA SUPERIOR COURT WILEY W. MANUEL COURTHOUSE,C,OTHER MOTOR VEHICLE,,1,0,CLEAR,,NO UNUSUAL CONDITIONS,,B,DUSK-DAWN,37.830981,-122.267169,,,,,A,NO PEDESTRIANS INVOLVED,11/11/2023 6:00:00 PM,A,VC 22350,False,1,SR-24 W/B TO I-580,,,11/21/2023 6:04:28 AM,A,E,115.0,42ND STREET,F,,D,11/21/2023 6:04:32 AM,11/21/2023 6:04:32 AM,False,True,4,,11/11/2023 6:26:00 PM,1826,False,,,True
2241408,9370-2023-03558,1,False,9370,11/11/2023 5:55:00 PM,1755,025,14,109,Oakland,1,True,True,C,REAR END,,Saturday,NotApplicable,False,,,False,True,False,ALAMEDA SUPERIOR COURT WILEY W. MANUEL COURTHOUSE,C,OTHER MOTOR VEHICLE,,0,0,CLEAR,,NO UNUSUAL CONDITIONS,,B,DUSK-DAWN,37.831112,-122.267137,,,,,A,NO PEDESTRIANS INVOLVED,11/11/2023 5:55:00 PM,A,VC 22350,False,2,SR-24 W/B TO I-580,,,11/21/2023 5:22:39 AM,A,W,68.0,42ND STREET,F,,D,11/21/2023 5:22:43 AM,11/21/2023 5:22:43 AM,False,True,4,,11/11/2023 5:58:00 PM,1758,False,,,True
2240716,9370-2023-03551,1,False,9370,11/11/2023 7:05:00 AM,705,098,14,109,Oakland,1,True,True,B,SIDE SWIPE,,Saturday,Yes,False,,,False,True,True,ALAMEDA SUPERIOR COURT WILEY W. MANUEL COURTHOUSE,C,OTHER MOTOR VEHICLE,,2,0,CLEAR,,NO UNUSUAL CONDITIONS,,B,DUSK-DAWN,37.809879,-122.275759,,,,,A,NO PEDESTRIANS INVOLVED,11/11/2023 7:05:00 AM,A,VC 21658(A),False,1,I-980 E/B,,,11/20/2023 11:42:33 AM,A,E,128.0,18TH ST,F,,D,11/20/2023 11:42:39 AM,11/20/2023 11:42:39 AM,False,True,4,,11/11/2023 7:07:00 AM,707,False,,,True
2240639,9370-2023-03523,1,False,9370,11/9/2023 4:55:00 PM,1655,904,14,109,Oakland,1,True,True,B,SIDE SWIPE,,Thursday,NotApplicable,False,,,False,True,False,ALAMEDA SUPERIOR COURT WILEY W. MANUEL COURTHOUSE,C,OTHER MOTOR VEHICLE,,0,0,CLEAR,,NO UNUSUAL CONDITIONS,,Courtesy ReportC,DARK-STREET LIGHTS,37.823383,-122.320086,,,,,A,NO PEDESTRIANS INVOLVED,11/9/2023 4:55:00 PM,B,UNSAFE MERGING,,,I-80 W/B,,,11/20/2023 11:03:16 AM,A,W,1795.0,SFOBB TOLL PLAZA,F,,D,11/20/2023 11:03:19 AM,11/20/2023 11:03:19 AM,False,True,4,,11/9/2023 5:02:00 PM,1702,False,,False,True
2240108,9370-2023-03209,1,False,9370,10/15/2023 5:35:00 PM,1735,053,14,109,Oakland,1,True,True,C,REAR END,,Sunday,Yes,False,,,False,True,False,ALAMEDA SUPERIOR COURT WILEY W. MANUEL COURTHOUSE,C,OTHER MOTOR VEHICLE,,0,1,CLEAR,,NO UNUSUAL CONDITIONS,,FatalA,DAYLIGHT,37.799518,-122.221166,,,,,A,NO PEDESTRIANS INVOLVED,10/15/2023 5:35:00 PM,A,VC 22350,False,1,I-580 WESTBOUND FROM FRUITVALE AVENUE,,,11/19/2023 5:49:59 PM,A,W,37.0,SHEFFIELD AVE,F,,A,11/19/2023 5:50:04 PM,11/19/2023 5:50:04 PM,False,True,4,,10/15/2023 5:41:00 PM,1741,True,AREA PHOTO FILE,False,True
2240068,9370-2023-03577,1,False,9370,11/13/2023 4:30:00 PM,1630,081,14,109,Oakland,1,True,True,C,REAR END,,Monday,NotApplicable,False,,,False,True,True,ALAMEDA SUPERIOR COURT WILEY W. MANUEL COURTHOUSE,C,OTHER MOTOR VEHICLE,,0,0,CLEAR,,NO UNUSUAL CONDITIONS,,C,DARK-STREET LIGHTS,37.868488,-122.304091,,,,,A,NO PEDESTRIANS INVOLVED,11/13/2023 4:30:00 PM,A,VC 22350,False,1,I-80 EASTBOUND,,,11/19/2023 10:08:41 AM,A,E,110.0,UNIVERSITY AVENUE,F,,D,11/19/2023 10:08:47 AM,11/19/2023 10:08:47 AM,False,True,4,,11/13/2023 4:40:00 PM,1640,False,,,True
2240065,9370-2023-03623,1,False,9370,11/11/2023 8:28:00 AM,828,052,14,109,Oakland,1,True,True,E,HIT OBJECT,,Saturday,NotApplicable,False,,,False,True,True,ALAMEDA SUPERIOR COURT WILEY W. MANUEL COURTHOUSE,I,FIXED OBJECT,CONCRETE BARRIER,0,0,CLEAR,,NO UNUSUAL CONDITIONS,,A,DAYLIGHT,37.78406,-122.18337,,,,,A,NO PEDESTRIANS INVOLVED,11/11/2023 8:28:00 AM,C,,,,I-580 E/B,,,11/19/2023 9:45:51 AM,A,W,1100.0,SEMINARY AVE,F,,D,11/19/2023 9:45:53 AM,11/19/2023 9:45:53 AM,False,True,4,,11/11/2023 8:36:00 AM,836,False,,,True
2240064,9370-2023-03545,1,False,9370,11/10/2023 4:33:00 PM,1633,052,14,109,Oakland,1,True,True,C,REAR END,,Friday,NotApplicable,False,M,,False,True,True,ALAMEDA SUPERIOR COURT WILEY W. MANUEL COURTHOUSE,C,OTHER MOTOR VEHICLE,,0,0,CLEAR,,NO UNUSUAL CONDITIONS,,A,DAYLIGHT,37.739352,-122.143047,,,,,A,NO PEDESTRIANS INVOLVED,11/10/2023 4:33:00 PM,A,VC 21658(A),False,1,I-580 E/B,,,11/19/2023 9:42:06 AM,A,W,1965.0,DUTTON AVENUE,F,,D,11/19/2023 9:42:09 AM,11/19/2023 9:42:09 AM,False,True,4,,11/10/2023 4:35:00 PM,1635,False,,,True
2240062,9370-2023-03531,1,False,9370,11/10/2023 11:00:00 AM,1100,024,14,109,Oakland,1,True,True,C,REAR END,,Friday,NotApplicable,False,,,False,True,True,ALAMEDA SUPERIOR COURT WILEY W. MANUEL COURTHOUSE,C,OTHER MOTOR VEHICLE,,0,0,CLEAR,,NO UNUSUAL CONDITIONS,,A,DAYLIGHT,37.842465,-122.258512,,,,,A,NO PEDESTRIANS INVOLVED,11/10/2023 11:00:00 AM,A,VC 22350,False,1,SR-24 W/B,,,11/19/2023 9:35:59 AM,A,W,160.0,CLAREMONT AVE,F,,D,11/19/2023 9:36:10 AM,11/19/2023 9:36:10 AM,False,True,4,,11/10/2023 11:10:00 AM,1110,False,,,True
2240060,9370-2023-03528,1,False,9370,11/10/2023 7:25:00 AM,725,024,14,109,Oakland,1,True,True,B,SIDE SWIPE,,Friday,NotApplicable,False,,,False,True,True,ALAMEDA SUPERIOR COURT WILEY W. MANUEL COURTHOUSE,C,OTHER MOTOR VEHICLE,,0,0,CLEAR,,NO UNUSUAL CONDITIONS,,A,DAYLIGHT,37.848606,-122.227727,,,,,A,NO PEDESTRIANS INVOLVED,11/10/2023 7:25:00 AM,A,VC 21658(a),False,1,SR-24 EB,,,11/19/2023 9:29:08 AM,B,E,70.0,SR 13,F,,D,11/19/2023 9:29:49 AM,11/19/2023 9:29:49 AM,False,True,4,,11/10/2023 7:30:00 AM,730,False,,,True
2240058,9370-2023-03598,1,False,9370,11/15/2023 2:55:00 AM,255,178,14,109,Oakland,1,True,True,F,OVERTURNED,,Wednesday,NotApplicable,False,,,False,True,False,ALAMEDA SUPERIOR COURT WILEY W. MANUEL COURTHOUSE,A,NON-COLLISION,,0,0,CLOUDY,,NO UNUSUAL CONDITIONS,,C,DARK-STREET LIGHTS,37.803349,-122.291672,,,,,A,NO PEDESTRIANS INVOLVED,11/15/2023 2:55:00 AM,A,VC 22107,False,1,I-880 N/B FROM 5TH STREET,,,11/19/2023 9:21:35 AM,A,N,50.0,5TH STREET,F,,D,11/19/2023 9:21:45 AM,11/19/2023 9:21:45 AM,False,True,4,,11/15/2023 3:00:00 AM,300,False,,,True
2240056,9370-2023-03645,1,False,9370,11/18/2023 7:05:00 AM,705,025,14,109,Oakland,1,True,True,E,HIT OBJECT,,Saturday,NotApplicable,False,,,False,True,True,ALAMEDA SUPERIOR COURT WILEY W. MANUEL COURTHOUSE,I,FIXED OBJECT,CONCRETE CENTER MEDIAN,0,0,RAINING,,NO UNUSUAL CONDITIONS,,B,DUSK-DAWN,37.835506,-122.26571,,,,,A,NO PEDESTRIANS INVOLVED,11/18/2023 7:05:00 AM,A,VC 22350,False,1,SR-24 E/B,,,11/19/2023 9:05:32 AM,B,W,500.0,52ND ST,F,,D,11/19/2023 9:06:35 AM,11/19/2023 9:06:35 AM,False,True,4,True,11/18/2023 7:06:00 AM,706,False,,,True
2240055,9370-2023-03650,1,False,9370,11/18/2023 1:50:00 PM,1350,176,14,109,Oakland,1,True,True,C,REAR END,,Saturday,NotApplicable,False,,,False,True,False,ALAMEDA SUPERIOR COURT WILEY W. MANUEL COURTHOUSE,C,OTHER MOTOR VEHICLE,,0,0,CLOUDY,,NO UNUSUAL CONDITIONS,,A,DAYLIGHT,37.758941,-122.212548,,,,,A,NO PEDESTRIANS INVOLVED,11/18/2023 1:50:00 PM,A,VC 22350,False,1,I-880 S/B,,,11/19/2023 8:49:08 AM,B,N,2221.0,66TH AVE,F,,D,11/19/2023 8:49:21 AM,11/19/2023 8:49:21 AM,False,True,4,,11/18/2023 1:52:00 PM,1352,False,,,True
2239388,9370-2023-03630,1,False,9370,11/17/2023 10:10:00 AM,1010,024,14,109,Oakland,1,True,True,C,REAR END,,Friday,NotApplicable,False,,,False,True,False,ALAMEDA SUPERIOR COURT WILEY W. MANUEL COURTHOUSE,C,OTHER MOTOR VEHICLE,,0,0,CLEAR,,NO UNUSUAL CONDITIONS,,A,DAYLIGHT,37.840748,-122.263053,,,,,A,NO PEDESTRIANS INVOLVED,11/17/2023 10:10:00 AM,A,VC 22350,False,1,SR-24 W/B,,,11/17/2023 3:56:24 PM,A,W,406.0,TELEGRAPH AVENUE,F,,D,11/17/2023 3:56:31 PM,11/17/2023 3:56:31 PM,False,True,4,,11/17/2023 10:12:00 AM,1012,False,,,True
2239381,9370-2023-03516,1,False,9370,11/8/2023 10:25:00 AM,1025,178,14,109,Oakland,1,True,True,E,HIT OBJECT,,Wednesday,No,False,,,False,True,True,ALAMEDA SUPERIOR COURT WILEY W. MANUEL COURTHOUSE,J,OTHER OBJECT,AIRBORNE DEBRIS,0,0,CLEAR,,NO UNUSUAL CONDITIONS,,A,DAYLIGHT,37.80889,-122.3049,,,,,A,NO PEDESTRIANS INVOLVED,11/8/2023 10:25:00 AM,A,VC 23152(F),True,1,I-880 S/B,,,11/17/2023 3:50:17 PM,A,N,318.0,7TH ST,F,,D,11/17/2023 3:50:24 PM,11/17/2023 3:50:24 PM,False,True,4,,11/8/2023 10:30:00 AM,1030,False,,,True
2239377,9370-2023-03544,1,False,9370,11/10/2023 1:20:00 AM,120,024,14,109,Oakland,1,True,True,E,HIT OBJECT,,Friday,Yes,False,,,False,True,True,ALAMEDA SUPERIOR COURT WILEY W. MANUEL COURTHOUSE,J,OTHER OBJECT,MATTRESS,4,0,CLEAR,,OBSTRUCTION ON ROADWAY*,,D,DARK-NO STREET LIGHTS,37.825303,-122.268454,,,,,A,NO PEDESTRIANS INVOLVED,11/10/2023 1:20:00 AM,C,,,,SR-24 W/B TO I-580 E/B,,,11/17/2023 3:44:34 PM,A,W,580.0,W MACARTHUR BLVD.,F,,D,11/17/2023 3:44:39 PM,11/17/2023 3:44:39 PM,False,True,4,,11/10/2023 1:35:00 AM,135,False,,,True
2239363,9370-2023-03527,1,False,9370,11/9/2023 9:30:00 PM,2130,176,14,109,Oakland,1,True,True,B,SIDE SWIPE,,Thursday,NotApplicable,False,,,False,True,False,ALAMEDA SUPERIOR COURT WILEY W. MANUEL COURTHOUSE,C,OTHER MOTOR VEHICLE,,0,0,CLEAR,,NO UNUSUAL CONDITIONS,,A,DAYLIGHT,37.779533,-122.237542,,,,,A,NO PEDESTRIANS INVOLVED,11/9/2023 9:30:00 PM,D,,,,I-880 N/B,,,11/17/2023 3:24:34 PM,A,N,350.0,23RD AVE,F,,D,11/17/2023 3:24:39 PM,11/17/2023 3:24:39 PM,False,True,4,,11/9/2023 9:35:00 PM,2135,False,,,True
2239361,9370-2023-03584,2,False,9370,11/14/2023 8:25:00 AM,825,177,14,109,Oakland,1,True,True,C,REAR END,,Tuesday,NotApplicable,False,,,False,True,False,ALAMEDA SUPERIOR COURT WILEY W. MANUEL COURTHOUSE,C,OTHER MOTOR VEHICLE,,0,0,CLEAR,,NO UNUSUAL CONDITIONS,,A,DAYLIGHT,37.799423,-122.276724,,,,,A,NO PEDESTRIANS INVOLVED,11/14/2023 8:25:00 AM,A,VC 22350,False,1,I-880 N/B,,,4/10/2024 2:55:05 PM,A,N,210.0,WASHINGTON ST,F,,D,11/17/2023 3:20:43 PM,4/10/2024 2:55:08 PM,False,True,4,,11/14/2023 8:28:00 AM,828,False,,,True
2239340,9370-2023-03602,1,False,9370,11/15/2023 4:43:00 PM,1643,176,14,109,Oakland,1,True,True,C,REAR END,,Wednesday,NotApplicable,False,M,,False,True,False,ALAMEDA SUPERIOR COURT WILEY W. MANUEL COURTHOUSE,C,OTHER MOTOR VEHICLE,,0,0,CLEAR,,NO UNUSUAL CONDITIONS,,C,DARK-STREET LIGHTS,37.771948,-122.224416,,,,,A,NO PEDESTRIANS INVOLVED,11/15/2023 4:43:00 PM,A,VC 22350,False,1,I-880 S/B,,,11/17/2023 2:55:08 PM,A,N,1770.0,HIGH ST.,F,,D,11/17/2023 2:55:13 PM,11/17/2023 2:55:13 PM,False,True,4,,11/15/2023 4:45:00 PM,1645,False,,,True
2239331,9370-2023-03542,1,False,9370,11/10/2023 3:29:00 PM,1529,055,14,109,Oakland,1,True,True,C,REAR END,,Friday,NotApplicable,False,M,,False,True,False,ALAMEDA SUPERIOR COURT WILEY W. MANUEL COURTHOUSE,C,OTHER MOTOR VEHICLE,,0,0,CLEAR,,NO UNUSUAL CONDITIONS,,A,DAYLIGHT,37.823925,-122.26625,,,,,A,NO PEDESTRIANS INVOLVED,11/10/2023 3:29:00 PM,A,VC 22350,False,1,I-580 W/B,,,11/17/2023 2:46:52 PM,A,E,1800.0,WEST STREET,F,,D,11/17/2023 2:47:03 PM,11/17/2023 2:47:03 PM,False,True,4,,11/10/2023 3:30:00 PM,1530,False,,,True
2239106,9335-2023-02293,2,False,9335,11/15/2023 3:50:00 PM,1550,084,14,109,Oakland,1,True,True,C,REAR END,,Wednesday,NotApplicable,False,,,False,True,False,ALAMEDA SUPERIOR COURT ALAMEDA,C,OTHER MOTOR VEHICLE,,0,0,CLOUDY,,NO UNUSUAL CONDITIONS,,On-Duty Emergency VehicleA,DAYLIGHT,37.823612,-122.314611,,,,,A,NO PEDESTRIANS INVOLVED,11/15/2023 3:50:00 PM,A,VC 22515(a),False,1,I-80 EASTBOUND,,,11/17/2023 5:16:31 PM,A,W,250.0,SAN FRANCISCO/ OAKLAND BAY BRIDGE TOLL PLAZA OVERHANG,F,,D,11/17/2023 11:19:59 AM,11/17/2023 5:16:34 PM,False,True,4,,11/15/2023 3:55:00 PM,1555,True,AREA / EMBEDDED,,
2239087,9370-2023-03488,1,False,9370,11/7/2023 9:30:00 AM,930,052,14,109,Oakland,1,True,True,E,HIT OBJECT,,Tuesday,NotApplicable,False,,,False,True,False,ALAMEDA SUPERIOR COURT WILEY W. MANUEL COURTHOUSE,J,OTHER OBJECT,TIRE,0,0,CLEAR,,NO UNUSUAL CONDITIONS,,A,DAYLIGHT,37.788956,-122.200135,,,,,A,NO PEDESTRIANS INVOLVED,11/7/2023 9:30:00 AM,C,,,,I-580 E/B,,,11/17/2023 11:02:46 AM,A,E,163.0,38TH AVENUE,F,,D,11/17/2023 11:02:56 AM,11/17/2023 11:02:56 AM,False,True,4,,11/7/2023 9:35:00 AM,935,False,,,True
2239072,9370-2023-03509,1,False,9370,11/8/2023 5:55:00 PM,1755,178,14,109,Oakland,1,True,True,C,REAR END,,Wednesday,NotApplicable,False,,,False,True,False,ALAMEDA SUPERIOR COURT WILEY W. MANUEL COURTHOUSE,C,OTHER MOTOR VEHICLE,,0,0,CLEAR,,NO UNUSUAL CONDITIONS,,C,DARK-STREET LIGHTS,37.813062,-122.302313,,,,,A,NO PEDESTRIANS INVOLVED,11/8/2023 5:55:00 PM,A,VC 22350,False,1,I-880 N/B,,,11/17/2023 10:53:13 AM,A,S,1994.0,7TH STREET,F,,D,11/17/2023 10:53:19 AM,11/17/2023 10:53:19 AM,False,True,4,,11/8/2023 6:00:00 PM,1800,False,,,True
2239034,9370-2023-03563,1,False,9370,11/12/2023 4:35:00 AM,435,055,14,109,Oakland,1,True,True,C,REAR END,,Sunday,NotApplicable,False,M,,False,True,True,ALAMEDA SUPERIOR COURT WILEY W. MANUEL COURTHOUSE,C,OTHER MOTOR VEHICLE,,0,0,CLEAR,,NO UNUSUAL CONDITIONS,,A,DAYLIGHT,37.810893,-122.249284,,,,,A,NO PEDESTRIANS INVOLVED,11/12/2023 4:35:00 AM,A,VC 22350,False,1,I-580 W/B,,,11/17/2023 10:17:27 AM,A,W,200.0,GRAND AVE,F,,D,11/17/2023 10:17:33 AM,11/17/2023 10:17:33 AM,False,True,4,,11/12/2023 4:40:00 AM,440,False,,,True
2239013,9370-2023-03559,1,False,9370,11/11/2023 4:00:00 PM,1600,052,14,109,Oakland,1,True,True,E,HIT OBJECT,,Saturday,NotApplicable,False,,,False,True,True,ALAMEDA SUPERIOR COURT WILEY W. MANUEL COURTHOUSE,I,FIXED OBJECT,CHAIN LINK FENCE,1,0,CLEAR,,NO UNUSUAL CONDITIONS,,A,DAYLIGHT,37.782786,-122.175791,,,,,A,NO PEDESTRIANS INVOLVED,11/11/2023 4:00:00 PM,A,VC 22107,False,1,I-580 W/B TO SR-13 N/B,,,11/17/2023 10:00:42 AM,A,E,500.0,MOUNTAIN BLVD TO I-580 E/B,F,,D,11/17/2023 10:00:45 AM,11/17/2023 10:00:45 AM,False,True,4,True,11/11/2023 4:02:00 PM,1602,False,,,True
2238997,9370-2023-03554,1,False,9370,11/11/2023 8:31:00 AM,831,052,14,109,Oakland,1,True,True,C,REAR END,,Saturday,NotApplicable,False,,,False,True,True,ALAMEDA SUPERIOR COURT WILEY W. MANUEL COURTHOUSE,C,OTHER MOTOR VEHICLE,,0,0,CLEAR,,NO UNUSUAL CONDITIONS,,A,DAYLIGHT,37.783985,-122.18199,,,,,A,NO PEDESTRIANS INVOLVED,11/11/2023 8:31:00 AM,A,VC 22350,False,1,I-580 E/B,,,11/17/2023 9:50:38 AM,A,W,1000.0,SEMINARY AVE,F,,D,11/17/2023 9:50:45 AM,11/17/2023 9:50:45 AM,False,True,4,,11/11/2023 8:35:00 AM,835,False,,,True
2238993,9370-2023-03586,1,False,9370,11/14/2023 11:36:00 AM,1136,024,14,109,Oakland,1,True,True,B,SIDE SWIPE,,Tuesday,NotApplicable,False,,,False,True,False,ALAMEDA SUPERIOR COURT WILEY W. MANUEL COURTHOUSE,C,OTHER MOTOR VEHICLE,,0,0,CLEAR,,NO UNUSUAL CONDITIONS,,A,DAYLIGHT,37.852412,-122.222261,,,,,A,NO PEDESTRIANS INVOLVED,11/14/2023 11:36:00 AM,A,VC 21658(A),False,1,SR-24 E/B,,,11/17/2023 9:47:23 AM,A,W,425.0,BROADWAY,F,,D,11/17/2023 9:47:27 AM,11/17/2023 9:47:27 AM,False,True,4,,11/14/2023 11:41:00 AM,1141,False,,,True
2238915,9370-2023-03529,1,False,9370,11/10/2023 7:40:00 AM,740,008,14,109,Oakland,1,True,True,C,REAR END,,Friday,NotApplicable,False,,,False,True,False,ALAMEDA SUPERIOR COURT WILEY W. MANUEL COURTHOUSE,C,OTHER MOTOR VEHICLE,,0,0,CLEAR,,HOLES- DEEPRUT*,,A,DAYLIGHT,37.837085,-122.296366,,,,,A,NO PEDESTRIANS INVOLVED,11/10/2023 7:40:00 AM,A,VC 22350,False,1,I-80 W/B,,,11/17/2023 8:49:19 AM,A,W,1815.0,POWELL ST,F,,D,11/17/2023 8:49:30 AM,11/17/2023 8:49:30 AM,False,True,4,,11/10/2023 7:45:00 AM,745,False,,,True
2238910,9370-2023-03535,1,False,9370,11/10/2023 4:30:00 PM,1630,024,14,109,Oakland,1,True,True,C,REAR END,,Friday,No,False,,,False,True,False,ALAMEDA SUPERIOR COURT WILEY W. MANUEL COURTHOUSE,C,OTHER MOTOR VEHICLE,,0,0,CLEAR,,NO UNUSUAL CONDITIONS,,C,DARK-STREET LIGHTS,37.848739,-122.226711,,,,,A,NO PEDESTRIANS INVOLVED,11/10/2023 4:30:00 PM,A,VC 22350,False,1,SR-24 W/B,,,11/17/2023 8:46:01 AM,A,E,439.0,SR-13,F,,D,11/17/2023 8:46:12 AM,11/17/2023 8:46:12 AM,False,True,4,,11/10/2023 4:45:00 PM,1645,False,,,True