collision-id,report-number,report-version,is-preliminary,ncic-code,crash-date-time,crash-time-description,beat,city-id,city-code,city-name,county-code,city-is-active,city-is-incorporated,collision-type-code,collision-type-description,collision-type-other-desc,day-of-week,dispatch-notified,has-photographs,hit-run,is-attachments-mailed,is-deleted,is-highway-related,is-tow-away,judicial-district,motor-vehicle-involved-with-code,motor-vehicle-involved-with-desc,motor-vehicle-involved-with-other-desc,number-injured,number-killed,weather-1,weather-2,road-condition-1,road-condition-2,special-condition-lighting-code,lighting-description,latitude,longitude,milepost-direction,milepost-distance,milepost-marker,milepost-unit-of-measure,pedestrian-action-code,pedestrian-action-desc,prepared-date,primary-collision-factor-code,primary-collision-factor-violation,primary-collision-factor-is-cited,primary-collision-party-number,primary-road,reporting-district,reporting-district-code,reviewed-date,roadway-surface-code,secondary-direction,secondary-distance,secondary-road,secondary-unit-of-measure,sketch-desc,traffic-control-device-code,created-date,modified-date,is-county-road,is-freeway,chp-555-version,is-additonal-object-struck,notification-date,notification-time-description,has-digital-media-files,evidence-number,is-location-refer-to-narrative,is-aoi-one-same-as-location
2238899,9370-2023-03541,1,False,9370,11/10/2023 3:50:00 PM,1550,055,14,109,Oakland,1,True,True,E,HIT OBJECT,,Friday,NotApplicable,False,,,False,True,False,ALAMEDA SUPERIOR COURT WILEY W. MANUEL COURTHOUSE,J,OTHER OBJECT,TIRE,0,0,CLEAR,,NO UNUSUAL CONDITIONS,,A,DAYLIGHT,37.825284,-122.272819,,,,,A,NO PEDESTRIANS INVOLVED,11/10/2023 3:50:00 PM,C,,,,I-580 E/B,,,11/17/2023 8:36:24 AM,A,W,245.0,WEST STREET,F,,D,11/17/2023 8:37:10 AM,11/17/2023 8:37:10 AM,False,True,4,,11/10/2023 3:51:00 PM,1551,False,,,True
2238891,9370-2023-03539,1,False,9370,11/10/2023 3:49:00 PM,1549,055,14,109,Oakland,1,True,True,E,HIT OBJECT,,Friday,NotApplicable,False,,,False,True,False,ALAMEDA SUPERIOR COURT WILEY W. MANUEL COURTHOUSE,J,OTHER OBJECT,TIRE,0,0,CLEAR,,NO UNUSUAL CONDITIONS,,A,DAYLIGHT,37.825374,-122.273456,,,,,A,NO PEDESTRIANS INVOLVED,11/10/2023 3:49:00 PM,C,,,,I-580 E/B,,,11/17/2023 8:31:33 AM,A,W,325.0,WEST STREET,F,,D,11/17/2023 8:31:40 AM,11/17/2023 8:31:40 AM,False,True,4,,11/10/2023 3:50:00 PM,1550,False,,,True
2238859,9370-2023-03513,1,False,9370,11/8/2023 11:15:00 PM,2315,176,14,109,Oakland,1,True,True,B,SIDE SWIPE,,Wednesday,NotApplicable,False,M,,False,True,False,ALAMEDA SUPERIOR COURT WILEY W. MANUEL COURTHOUSE,C,OTHER MOTOR VEHICLE,,0,0,CLEAR,,NO UNUSUAL CONDITIONS,,C,DARK-STREET LIGHTS,37.761585,-122.214763,,,,,A,NO PEDESTRIANS INVOLVED,11/8/2023 11:15:00 PM,A,VC 21658(A),False,1,I-880 N/B,,,11/17/2023 7:56:54 AM,A,S,3000.0,HIGH ST,F,,D,11/17/2023 7:56:57 AM,11/17/2023 7:56:57 AM,False,True,4,,11/8/2023 11:26:00 PM,2326,False,,,
2238857,9370-2023-03507,1,False,9370,11/8/2023 6:08:00 PM,1808,013,14,109,Oakland,1,True,True,C,REAR END,,Wednesday,NotApplicable,False,M,,False,True,False,ALAMEDA SUPERIOR COURT WILEY W. MANUEL COURTHOUSE,C,OTHER MOTOR VEHICLE,,0,0,CLEAR,,NO UNUSUAL CONDITIONS,,D,DARK-NO STREET LIGHTS,37.825071,-122.210236,,,,,A,NO PEDESTRIANS INVOLVED,11/8/2023 6:08:00 PM,A,VC 22350,False,1,SR-13 S/B,,,11/17/2023 7:52:15 AM,A,N,1478.0,PARK BLVD,F,,D,11/17/2023 7:52:18 AM,11/17/2023 7:52:18 AM,False,True,4,,11/8/2023 6:12:00 PM,1812,False,,,True
2238847,9370-2023-03621,1,False,9370,11/15/2023 5:30:00 PM,1730,052,14,109,Oakland,1,True,True,C,REAR END,,Wednesday,NotApplicable,False,,,False,True,False,ALAMEDA SUPERIOR COURT WILEY W. MANUEL COURTHOUSE,C,OTHER MOTOR VEHICLE,,0,0,RAINING,,NO UNUSUAL CONDITIONS,,D,DARK-NO STREET LIGHTS,37.777503,-122.166311,,,,,A,NO PEDESTRIANS INVOLVED,11/15/2023 5:30:00 PM,A,VC 22350,False,1,I-580 W/B,,,11/17/2023 7:44:03 AM,B,W,474.0,EDWARDS AVE,F,,D,11/17/2023 7:44:08 AM,11/17/2023 7:44:08 AM,False,True,4,,11/15/2023 5:39:00 PM,1739,False,,,
2238842,9370-2023-03568,1,False,9370,11/12/2023 12:00:00 PM,1200,176,14,109,Oakland,1,True,True,E,HIT OBJECT,,Sunday,NotApplicable,False,,,False,True,False,ALAMEDA SUPERIOR COURT WILEY W. MANUEL COURTHOUSE,J,OTHER OBJECT,METAL DEBRIS,0,0,CLEAR,,NO UNUSUAL CONDITIONS,,A,DAYLIGHT,37.752471,-122.206917,,,,,A,NO PEDESTRIANS INVOLVED,11/12/2023 12:00:00 PM,C,,,,I-880 SOUTHBOUND,,,11/17/2023 7:41:25 AM,A,S,604.0,66TH AVENUE,F,,D,11/17/2023 7:41:29 AM,11/17/2023 7:41:29 AM,False,True,4,,11/12/2023 12:07:00 PM,1207,False,,,True
2238841,9370-2023-03588,1,False,9370,11/14/2023 6:15:00 AM,615,008,14,109,Oakland,1,True,True,C,REAR END,,Tuesday,NotApplicable,False,,,False,True,False,ALAMEDA SUPERIOR COURT WILEY W. MANUEL COURTHOUSE,C,OTHER MOTOR VEHICLE,,0,0,CLOUDY,,NO UNUSUAL CONDITIONS,,A,DAYLIGHT,37.824989,-122.308596,,,,,A,NO PEDESTRIANS INVOLVED,11/14/2023 6:15:00 AM,A,VC 22350,False,1,INTERSTATE 80,,,11/17/2023 7:35:57 AM,B,E,1430.0,SAN FRANCISCO OAKLAND BAY BRIDGE TOLL PLAZA,F,,D,11/17/2023 7:36:01 AM,11/17/2023 7:36:01 AM,False,True,4,,11/14/2023 6:20:00 AM,620,False,,,True
2238831,9370-2023-03526,1,False,9370,11/10/2023 1:15:00 AM,115,024,14,109,Oakland,1,True,True,E,HIT OBJECT,,Friday,NotApplicable,False,,,False,True,False,ALAMEDA SUPERIOR COURT WILEY W. MANUEL COURTHOUSE,J,OTHER OBJECT,MATTRESS,0,0,CLEAR,,NO UNUSUAL CONDITIONS,,D,DARK-NO STREET LIGHTS,37.828161,-122.267873,,,,,A,NO PEDESTRIANS INVOLVED,11/10/2023 1:15:00 AM,C,,,,SR-24 W/B TO I-580,,,11/17/2023 7:16:30 AM,A,E,376.0,W MACARTHUR BLVD,F,,D,11/17/2023 7:18:09 AM,11/17/2023 7:18:09 AM,False,True,4,,11/10/2023 1:25:00 AM,125,False,,,True
2238826,9370-2023-03569,1,False,9370,11/12/2023 2:15:00 PM,1415,176,14,109,Oakland,1,True,True,C,REAR END,,Sunday,NotApplicable,False,,,False,True,False,ALAMEDA SUPERIOR COURT WILEY W. MANUEL COURTHOUSE,C,OTHER MOTOR VEHICLE,,0,0,CLEAR,,NO UNUSUAL CONDITIONS,,C,DARK-STREET LIGHTS,37.763716,-122.216453,,,,,A,NO PEDESTRIANS INVOLVED,11/12/2023 2:15:00 PM,A,VC 22350,False,1,I-880 NORTHBOUND,,,11/17/2023 7:09:39 AM,A,S,1965.0,HIGH STREET,F,,A,11/17/2023 7:09:58 AM,11/17/2023 7:09:58 AM,False,True,4,,11/12/2023 2:24:00 PM,1424,False,,,True
2238823,9370-2023-03574,1,False,9370,11/13/2023 12:30:00 PM,1230,176,14,109,Oakland,1,True,True,C,REAR END,,Monday,NotApplicable,False,,,False,True,False,ALAMEDA SUPERIOR COURT WILEY W. MANUEL COURTHOUSE,C,OTHER MOTOR VEHICLE,,0,0,CLEAR,,NO UNUSUAL CONDITIONS,,A,DAYLIGHT,37.739373,-122.19695,,,,,A,NO PEDESTRIANS INVOLVED,11/13/2023 12:30:00 PM,A,VC 22350,False,1,I-880 S/B TO HEGENBERGER ROAD,,,11/17/2023 7:06:49 AM,A,N,10.0,HEGENBERGER RD,F,,A,11/17/2023 7:06:53 AM,11/17/2023 7:06:53 AM,False,True,4,,11/13/2023 12:40:00 PM,1240,False,,,True
2238814,9370-2023-03517,1,False,9370,11/8/2023 11:15:00 PM,2315,055,14,109,Oakland,1,True,True,C,REAR END,,Wednesday,Yes,False,,,False,True,True,ALAMEDA SUPERIOR COURT WILEY W. MANUEL COURTHOUSE,C,OTHER MOTOR VEHICLE,,1,0,CLEAR,,CONSTRUCTION-REPAIR ZONE,,C,DARK-STREET LIGHTS,37.82698,-122.28002,,,,,A,NO PEDESTRIANS INVOLVED,11/8/2023 11:15:00 PM,A,VC 23152(a),True,1,I-580 E/B,,,11/17/2023 6:58:22 AM,A,W,20.0,ADELINE ST,F,,D,11/17/2023 6:58:28 AM,11/17/2023 6:58:28 AM,False,True,4,,11/8/2023 11:20:00 PM,2320,False,,,True
2238803,9370-2023-03489,1,False,9370,11/7/2023 2:20:00 PM,1420,178,14,109,Oakland,1,True,True,B,SIDE SWIPE,,Tuesday,NotApplicable,False,,,False,True,False,ALAMEDA SUPERIOR COURT WILEY W. MANUEL COURTHOUSE,C,OTHER MOTOR VEHICLE,,0,0,CLEAR,,NO UNUSUAL CONDITIONS,,A,DAYLIGHT,37.802354,-122.299802,,,,,A,NO PEDESTRIANS INVOLVED,11/7/2023 2:20:00 PM,A,VC 21658(A),False,,I-880 S/B,,,11/17/2023 6:51:08 AM,A,N,2100.0,7TH STREET,F,,D,11/17/2023 6:51:13 AM,11/17/2023 6:51:13 AM,False,True,4,,11/7/2023 2:25:00 PM,1425,False,,,True
2238790,9370-2023-03547,1,False,9370,11/10/2023 5:45:00 PM,1745,178,14,109,Oakland,1,True,True,C,REAR END,,Friday,NotApplicable,False,,,False,True,False,ALAMEDA SUPERIOR COURT WILEY W. MANUEL COURTHOUSE,C,OTHER MOTOR VEHICLE,,1,0,CLEAR,,NO UNUSUAL CONDITIONS,,B,DUSK-DAWN,37.827651,-122.291502,,,,,A,NO PEDESTRIANS INVOLVED,11/10/2023 5:45:00 PM,A,VC 22350,False,1,I-880 N/B,,,11/17/2023 6:39:52 AM,A,N,3176.0,W GRAND AVENUE,F,,D,11/17/2023 6:39:57 AM,11/17/2023 6:39:57 AM,False,True,4,,11/10/2023 5:47:00 PM,1747,False,,,True
2238789,9370-2023-03515,1,False,9370,11/7/2023 12:00:00 AM,1250,176,14,109,Oakland,1,True,True,B,SIDE SWIPE,,Tuesday,NotApplicable,False,,,False,True,False,ALAMEDA SUPERIOR COURT WILEY W. MANUEL COURTHOUSE,C,OTHER MOTOR VEHICLE,,0,0,CLEAR,,NO UNUSUAL CONDITIONS,,A,DAYLIGHT,37.751109,-122.205795,,,,,A,NO PEDESTRIANS INVOLVED,11/7/2023 12:00:00 AM,A,VC 21658(a),False,,I-880 S/B,,,11/17/2023 6:37:09 AM,A,S,1182.0,66TH AVE,F,,D,11/17/2023 6:37:15 AM,11/17/2023 6:37:15 AM,False,True,4,,11/7/2023 1:30:00 PM,1330,False,,,True
2238788,9370-2023-03537,1,False,9370,11/10/2023 7:18:00 PM,1918,176,14,109,Oakland,1,True,True,C,REAR END,,Friday,NotApplicable,False,,,False,True,False,,C,OTHER MOTOR VEHICLE,,0,0,CLEAR,,NO UNUSUAL CONDITIONS,,D,DARK-NO STREET LIGHTS,37.735167,-122.191832,,,,,A,NO PEDESTRIANS INVOLVED,11/10/2023 7:18:00 PM,A,VC 22350,False,1,I-880 S/B,,,11/17/2023 6:34:58 AM,A,N,1505.0,98TH AVENUE,F,,D,11/17/2023 6:35:03 AM,11/17/2023 6:35:03 AM,False,True,4,,11/10/2023 7:20:00 PM,1920,False,,,True
2238785,9370-2023-03605,1,False,9370,11/15/2023 8:10:00 PM,2010,176,14,109,Oakland,1,True,True,B,SIDE SWIPE,,Wednesday,NotApplicable,False,,,False,True,False,ALAMEDA SUPERIOR COURT WILEY W. MANUEL COURTHOUSE,C,OTHER MOTOR VEHICLE,,0,0,CLEAR,,NO UNUSUAL CONDITIONS,,C,DARK-STREET LIGHTS,37.771818,-122.223595,,,,,A,NO PEDESTRIANS INVOLVED,11/15/2023 8:10:00 PM,B,UNSAFE MERGE,,1,I-880 N/B,,,11/17/2023 6:31:14 AM,B,N,1050.0,HIGH STREET,F,,D,11/17/2023 6:31:21 AM,11/17/2023 6:31:21 AM,False,True,4,,11/15/2023 8:15:00 PM,2015,False,,,True
2238780,9370-2023-03481,1,False,9370,11/6/2023 1:27:00 PM,1327,176,14,109,Oakland,1,True,True,E,HIT OBJECT,,Monday,Yes,False,,,False,True,False,ALAMEDA SUPERIOR COURT WILEY W. MANUEL COURTHOUSE,I,FIXED OBJECT,CREEK,1,0,CLEAR,,NO UNUSUAL CONDITIONS,,A,DAYLIGHT,37.760647,-122.213628,,,,,A,NO PEDESTRIANS INVOLVED,11/6/2023 1:27:00 PM,A,VC 23152(a),True,1,I-880 N/B,,,11/17/2023 6:24:10 AM,A,N,2950.0,66TH AVE,F,,D,11/17/2023 6:24:13 AM,11/17/2023 6:24:13 AM,False,True,4,,11/6/2023 1:32:00 PM,1332,False,,,False
2238776,9370-2023-03437,1,False,9370,11/2/2023 2:40:00 PM,1440,177,14,109,Oakland,1,True,True,C,REAR END,,Thursday,NotApplicable,False,M,,False,True,False,ALAMEDA SUPERIOR COURT WILEY W. MANUEL COURTHOUSE,C,OTHER MOTOR VEHICLE,,0,0,CLEAR,,NO UNUSUAL CONDITIONS,,A,DAYLIGHT,37.783829,-122.240988,,,,,A,NO PEDESTRIANS INVOLVED,11/2/2023 2:40:00 PM,A,VC 22350,False,1,I-880 S/B,,,11/17/2023 6:21:30 AM,A,S,1192.0,16TH AVE,F,,D,11/17/2023 6:21:40 AM,11/17/2023 6:21:40 AM,False,True,4,,11/2/2023 2:45:00 PM,1445,False,,,True
2238774,9370-2023-03192,1,False,9370,10/13/2023 4:27:00 PM,1627,177,14,109,Oakland,1,True,True,B,SIDE SWIPE,,Friday,NotApplicable,False,,,False,True,False,ALAMEDA SUPERIOR COURT WILEY W. MANUEL COURTHOUSE,C,OTHER MOTOR VEHICLE,,0,0,CLEAR,,NO UNUSUAL CONDITIONS,,A,DAYLIGHT,37.78928,-122.254709,,,,,A,NO PEDESTRIANS INVOLVED,10/13/2023 4:27:00 PM,A,VC 21658(A),False,,I-880 S/B,,,11/17/2023 6:15:24 AM,A,S,1600.0,5TH AVE,F,,D,11/17/2023 6:15:28 AM,11/17/2023 6:15:28 AM,False,True,4,,10/13/2023 4:30:00 PM,1630,False,,,True
2238741,9370-2023-02614,1,False,9370,8/25/2023 5:00:00 PM,1700,054,14,109,Oakland,1,True,True,C,REAR END,,Friday,NotApplicable,False,M,,False,True,False,ALAMEDA SUPERIOR COURT WILEY W. MANUEL COURTHOUSE,C,OTHER MOTOR VEHICLE,,0,0,CLEAR,,NO UNUSUAL CONDITIONS,,A,DAYLIGHT,37.80963,-122.24626,,,,,A,NO PEDESTRIANS INVOLVED,8/25/2023 5:00:00 PM,A,VC 22350,False,1,I-580 E/B,,,11/17/2023 5:19:54 AM,A,E,700.0,GRAND AVE,F,,D,11/17/2023 5:19:54 AM,11/17/2023 5:19:54 AM,False,True,4,,8/25/2023 5:05:00 PM,1705,False,,,True
2258765,9370-2023-03899,1,False,9370,12/7/2023 8:50:00 PM,2050,054,14,109,Oakland,1,True,True,C,REAR END,,Thursday,No,False,,,False,True,False,ALAMEDA SUPERIOR COURT WILEY W. MANUEL COURTHOUSE,C,OTHER MOTOR VEHICLE,,0,0,CLEAR,,NO UNUSUAL CONDITIONS,,A,DAYLIGHT,37.821805,22.259226,,,,,A,NO PEDESTRIANS INVOLVED,12/7/2023 8:50:00 PM,A,VC 22350,False,1,I-580 E/B,,,12/11/2023 12:39:17 PM,A,W,1541.0,HARRISON ST,F,,D,12/11/2023 12:39:23 PM,12/11/2023 12:39:23 PM,False,True,4,,12/7/2023 8:55:00 PM,2055,False,,,True
2258761,9370-2023-03879,1,False,9370,12/6/2023 6:20:00 PM,1820,008,14,109,Oakland,1,True,True,B,SIDE SWIPE,,Wednesday,No,False,,,False,True,False,ALAMEDA SUPERIOR COURT WILEY W. MANUEL COURTHOUSE,C,OTHER MOTOR VEHICLE,,0,0,CLEAR,,NO UNUSUAL CONDITIONS,,A,DAYLIGHT,37.84482,-122.297754,,,,,A,NO PEDESTRIANS INVOLVED,12/6/2023 6:20:00 PM,A,VC 22107,False,1,I-80 E/B,,,12/11/2023 12:33:14 PM,A,W,854.0,ASHBY AVE,F,,D,12/11/2023 12:33:18 PM,12/11/2023 12:33:18 PM,False,True,4,,12/6/2023 6:30:00 PM,1830,False,,,
2258577,9370-2023-03797,1,False,9370,12/1/2023 12:41:00 AM,41,176,14,109,Oakland,1,True,True,B,SIDE SWIPE,,Friday,NotApplicable,False,M,,False,True,False,ALAMEDA SUPERIOR COURT WILEY W. MANUEL COURTHOUSE,C,OTHER MOTOR VEHICLE,,0,0,CLEAR,,NO UNUSUAL CONDITIONS,,D,DARK-NO STREET LIGHTS,37.764526,-122.217475,,,,,A,NO PEDESTRIANS INVOLVED,12/1/2023 12:41:00 AM,A,VC 21750,False,1,I-880 S/B,,,12/11/2023 10:14:22 AM,A,S,1533.0,HIGH ST,F,,D,12/11/2023 10:14:32 AM,12/11/2023 10:14:32 AM,False,True,4,,12/1/2023 12:43:00 AM,43,True,EMBEDDED,,True
2258543,9370-2023-03765,1,False,9370,11/29/2023 6:10:00 AM,610,177,14,109,Oakland,1,True,True,C,REAR END,,Wednesday,NotApplicable,False,,,False,True,False,ALAMEDA SUPERIOR COURT WILEY W. MANUEL COURTHOUSE,C,OTHER MOTOR VEHICLE,,0,0,RAINING,,NO UNUSUAL CONDITIONS,,C,DARK-STREET LIGHTS,37.800565,-122.280237,,,,,A,NO PEDESTRIANS INVOLVED,11/29/2023 6:10:00 AM,A,VC 22350,False,1,INTERSTATE  880,,,12/11/2023 9:51:51 AM,B,N,910.0,BROADWAY,F,,D,12/11/2023 9:52:04 AM,12/11/2023 9:52:04 AM,False,True,4,,11/29/2023 6:10:00 AM,610,False,,,True
2258533,9370-2023-03757,1,False,9370,11/28/2023 9:00:00 AM,900,177,14,109,Oakland,1,True,True,C,REAR END,,Tuesday,NotApplicable,False,M,,False,True,True,ALAMEDA SUPERIOR COURT WILEY W. MANUEL COURTHOUSE,C,OTHER MOTOR VEHICLE,,0,0,CLEAR,,NO UNUSUAL CONDITIONS,,A,DAYLIGHT,37.791222,-122.261069,,,,,A,NO PEDESTRIANS INVOLVED,11/28/2023 9:00:00 AM,D,,,,I-880 N/B,,,12/11/2023 9:46:55 AM,A,N,390.0,5TH AVENUE,F,,D,12/11/2023 9:46:59 AM,12/11/2023 9:46:59 AM,False,True,4,,11/28/2023 9:10:00 AM,910,False,,,True
2258526,9370-2023-03828,1,False,9370,12/2/2023 2:20:00 PM,1420,176,14,109,Oakland,1,True,True,B,SIDE SWIPE,,Saturday,NotApplicable,False,,,False,True,False,ALAMEDA SUPERIOR COURT WILEY W. MANUEL COURTHOUSE,C,OTHER MOTOR VEHICLE,,0,0,CLEAR,,NO UNUSUAL CONDITIONS,,A,DAYLIGHT,37.772047,-122.224687,,,,,A,NO PEDESTRIANS INVOLVED,12/2/2023 2:20:00 PM,A,VC 21658(A),False,,I-880 S/B,,,12/11/2023 9:38:55 AM,A,N,1320.0,HIGH ST.,F,,D,12/11/2023 9:39:01 AM,12/11/2023 9:39:01 AM,False,True,4,,12/2/2023 2:30:00 PM,1430,False,,,True
2258463,9370-2023-03844,1,False,9370,12/4/2023 6:50:00 AM,650,176,14,109,Oakland,1,True,True,B,SIDE SWIPE,,Monday,NotApplicable,False,,,False,True,False,ALAMEDA SUPERIOR COURT WILEY W. MANUEL COURTHOUSE,C,OTHER MOTOR VEHICLE,,0,0,CLEAR,,NO UNUSUAL CONDITIONS,,A,DAYLIGHT,37.790246,-122.258953,,,,,A,NO PEDESTRIANS INVOLVED,12/4/2023 6:50:00 AM,A,VC 21658(A),False,,I-880 N/B,,,12/11/2023 9:01:56 AM,A,S,155.0,5TH STREET UNDERCROSSING,F,,D,12/11/2023 9:02:00 AM,12/11/2023 9:02:00 AM,False,True,4,,12/4/2023 7:00:00 AM,700,False,,,True
2258421,9370-2023-03676,1,False,9370,11/19/2023 8:42:00 PM,2042,053,14,109,Oakland,1,True,True,B,SIDE SWIPE,,Sunday,NotApplicable,False,,,False,True,False,ALAMEDA SUPERIOR COURT WILEY W. MANUEL COURTHOUSE,C,OTHER MOTOR VEHICLE,,0,0,CLEAR,,NO UNUSUAL CONDITIONS,,D,DARK-NO STREET LIGHTS,37.79481,-122.207033,,,,,A,NO PEDESTRIANS INVOLVED,11/19/2023 8:42:00 PM,D,,,,I-580 E/B,,,12/11/2023 8:38:49 AM,A,W,1378.0,35TH AVE,F,,D,12/11/2023 8:39:36 AM,12/11/2023 8:39:36 AM,False,True,4,,11/19/2023 8:45:00 PM,2045,False,,,True
2258306,9370-2023-03801,1,False,9370,12/1/2023 9:10:00 AM,910,177,14,109,Oakland,1,True,True,B,SIDE SWIPE,,Friday,NotApplicable,False,,,False,True,False,ALAMEDA SUPERIOR COURT WILEY W. MANUEL COURTHOUSE,C,OTHER MOTOR VEHICLE,,0,0,CLEAR,,NO UNUSUAL CONDITIONS,,A,DAYLIGHT,37.781872,-122.238759,,,,,A,NO PEDESTRIANS INVOLVED,12/1/2023 9:10:00 AM,B,UNSAFE MERGE,,1,I-880 N/B,,,12/11/2023 6:58:49 AM,A,N,1375.0,23RD AVENUE OVERCROSSING,F,,D,12/11/2023 6:59:02 AM,12/11/2023 6:59:02 AM,False,True,4,,12/1/2023 9:20:00 AM,920,False,,,True
2258294,9370-2023-03872,1,False,9370,12/6/2023 7:20:00 AM,720,008,14,109,Oakland,1,True,True,B,SIDE SWIPE,,Wednesday,NotApplicable,False,,,False,True,False,ALAMEDA SUPERIOR COURT WILEY W. MANUEL COURTHOUSE,C,OTHER MOTOR VEHICLE,,0,0,CLOUDY,RAINING,NO UNUSUAL CONDITIONS,,A,DAYLIGHT,37.825168,-122.312743,,,,,A,NO PEDESTRIANS INVOLVED,12/6/2023 7:20:00 AM,A,VC 21658(A),False,1,I-80 W/B,,,12/11/2023 6:45:49 AM,B,E,545.0,SFOBB TOLL PLAZA,F,,D,12/11/2023 6:46:51 AM,12/11/2023 6:46:51 AM,False,True,4,,12/6/2023 7:37:00 AM,737,True,AREA PHOTO FILE,,True
2258285,9370-2023-03732,1,False,9370,11/26/2023 7:20:00 AM,720,055,14,109,Oakland,1,True,True,A,HEAD-ON,,Sunday,NotApplicable,False,,,False,True,False,ALAMEDA SUPERIOR COURT WILEY W. MANUEL COURTHOUSE,I,FIXED OBJECT,CONCRETE WALL,0,0,CLEAR,,NO UNUSUAL CONDITIONS,,A,DAYLIGHT,37.828014,-122.29465,,,,,A,NO PEDESTRIANS INVOLVED,11/26/2023 7:20:00 AM,A,VC 22107,False,1,I-580 WESTBOUND TO I-80 WESTBOUND,,,12/11/2023 6:28:24 AM,A,E,3395.0,WEST GRAND AVE,F,,D,12/11/2023 6:28:28 AM,12/11/2023 6:28:28 AM,False,True,4,,11/26/2023 7:30:00 AM,730,False,,,True
2258089,9370-2023-03790,1,False,9370,11/30/2023 6:40:00 PM,1840,053,14,109,Oakland,1,True,True,C,REAR END,,Thursday,NotApplicable,False,,,False,True,False,ALAMEDA SUPERIOR COURT WILEY W. MANUEL COURTHOUSE,C,OTHER MOTOR VEHICLE,,2,0,CLEAR,,NO UNUSUAL CONDITIONS,,C,DARK-STREET LIGHTS,37.797497,-122.214404,,,,,A,NO PEDESTRIANS INVOLVED,11/30/2023 6:40:00 PM,A,VC 22350,False,1,I-580 E/B WEST OF BOSTON AVE,,,12/10/2023 11:20:54 AM,A,W,198.0,BOSTON AVE,F,,D,12/10/2023 11:20:59 AM,12/10/2023 11:20:59 AM,False,True,4,,11/30/2023 6:45:00 PM,1845,False,,,True
2258087,9370-2023-03796,1,False,9370,12/1/2023 12:38:00 AM,38,176,14,109,Oakland,1,True,True,C,REAR END,,Friday,Yes,False,,,False,True,True,ALAMEDA SUPERIOR COURT WILEY W. MANUEL COURTHOUSE,C,OTHER MOTOR VEHICLE,,3,0,CLEAR,,NO UNUSUAL CONDITIONS,,D,DARK-NO STREET LIGHTS,37.764302,-122.217356,,,,,A,NO PEDESTRIANS INVOLVED,12/1/2023 12:38:00 AM,A,VC 22350,False,1,I-880 S/B,,,12/10/2023 11:13:13 AM,A,S,1611.0,HIGH ST,F,,D,12/10/2023 11:13:18 AM,12/10/2023 11:13:18 AM,False,True,4,True,12/1/2023 12:43:00 AM,43,True,EMBEDDED,,True
2258081,9370-2023-03787,1,False,9370,11/30/2023 4:20:00 PM,1620,176,14,109,Oakland,1,True,True,F,OVERTURNED,,Thursday,Yes,False,,,False,True,True,ALAMEDA SUPERIOR COURT WILEY W. MANUEL COURTHOUSE,C,OTHER MOTOR VEHICLE,,3,0,CLEAR,,NO UNUSUAL CONDITIONS,,B,DUSK-DAWN,37.761268,-122.214663,,,,,A,NO PEDESTRIANS INVOLVED,11/30/2023 4:20:00 PM,A,VC 21658(a),False,1,I-880 S/B,,,12/10/2023 10:44:42 AM,A,N,0.614,66TH AVE,M,,D,12/10/2023 10:44:50 AM,12/10/2023 10:44:50 AM,False,True,4,,11/30/2023 4:26:00 PM,1626,False,,,True
2258064,9370-2023-03869,1,False,9370,12/5/2023 4:00:00 PM,1600,054,14,109,Oakland,1,True,True,E,HIT OBJECT,,Tuesday,NotApplicable,False,,,False,True,False,ALAMEDA SUPERIOR COURT WILEY W. MANUEL COURTHOUSE,J,OTHER OBJECT,SHEET METAL,0,0,CLEAR,,NO UNUSUAL CONDITIONS,,A,DAYLIGHT,37.818352,-122.253418,,,,,A,NO PEDESTRIANS INVOLVED,12/5/2023 4:00:00 PM,C,,,,I-580 E/B FROM OAKLAND AVE,,,12/10/2023 8:30:00 AM,A,E,188.0,OAKLAND AVE,F,,D,12/10/2023 8:30:44 AM,12/10/2023 8:30:44 AM,False,True,4,,12/5/2023 4:15:00 PM,1615,False,,,True