collision-id,report-number,report-version,is-preliminary,ncic-code,crash-date-time,crash-time-description,beat,city-id,city-code,city-name,county-code,city-is-active,city-is-incorporated,collision-type-code,collision-type-description,collision-type-other-desc,day-of-week,dispatch-notified,has-photographs,hit-run,is-attachments-mailed,is-deleted,is-highway-related,is-tow-away,judicial-district,motor-vehicle-involved-with-code,motor-vehicle-involved-with-desc,motor-vehicle-involved-with-other-desc,number-injured,number-killed,weather-1,weather-2,road-condition-1,road-condition-2,special-condition-lighting-code,lighting-description,latitude,longitude,milepost-direction,milepost-distance,milepost-marker,milepost-unit-of-measure,pedestrian-action-code,pedestrian-action-desc,prepared-date,primary-collision-factor-code,primary-collision-factor-violation,primary-collision-factor-is-cited,primary-collision-party-number,primary-road,reporting-district,reporting-district-code,reviewed-date,roadway-surface-code,secondary-direction,secondary-distance,secondary-road,secondary-unit-of-measure,sketch-desc,traffic-control-device-code,created-date,modified-date,is-county-road,is-freeway,chp-555-version,is-additonal-object-struck,notification-date,notification-time-description,has-digital-media-files,evidence-number,is-location-refer-to-narrative,is-aoi-one-same-as-location
2481575,23-016904,2,False,0109,4/7/2023 5:47:00 PM,1747,31X,14,109,Oakland,1,True,True,D,BROADSIDE,,Friday,,,,,False,False,False,,C,OTHER MOTOR VEHICLE,,0,0,CLOUDY,,NO UNUSUAL CONDITIONS - NO UNUSUAL CONDITIONS,,A,DAYLIGHT,,,,,,,A,NO PEDESTRIANS INVOLVED,,A,21453A,,,66TH AV,2,,,A,,,COLISEUM WY,,,A,7/22/2024 4:58:57 PM,1/28/2025 1:21:47 PM,,,2,,,,,,,
2481521,23-065108,2,False,0109,12/10/2023 8:18:00 AM,818,25X,14,109,Oakland,1,True,True,C,REAR END,,Sunday,,,M,,False,False,False,,C,OTHER MOTOR VEHICLE,,0,0,CLEAR,,NO UNUSUAL CONDITIONS - NO UNUSUAL CONDITIONS,,A,DAYLIGHT,,,,,,,A,NO PEDESTRIANS INVOLVED,,A,22107,,1,HIGH ST,2,,,A,,,STEELE ST,,,D,7/22/2024 4:58:51 PM,1/28/2025 1:21:44 PM,,,2,,,,,,,
2481520,23-056203,2,False,0109,10/12/2023 4:15:00 PM,1615,04X,14,109,Oakland,1,True,True,C,REAR END,,Thursday,,,,,False,False,False,,C,OTHER MOTOR VEHICLE,,0,0,CLEAR,,NO UNUSUAL CONDITIONS - NO UNUSUAL CONDITIONS,,A,DAYLIGHT,,,,,,,A,NO PEDESTRIANS INVOLVED,,A,22350,,1,BROADWAY ST,1,,,A,N,50.0,27TH ST,F,,A,7/22/2024 4:58:51 PM,1/28/2025 1:21:44 PM,,,2,,,,,,,
2481518,23-053146,2,False,0109,10/7/2023 1:37:00 PM,1337,12X,14,109,Oakland,1,True,True,D,BROADSIDE,,Saturday,,,,,False,False,False,,J,OTHER OBJECT,,1,0,CLEAR,,NO UNUSUAL CONDITIONS - NO UNUSUAL CONDITIONS,,A,DAYLIGHT,,,,,,,A,NO PEDESTRIANS INVOLVED,,A,21650,,1,TELEGRAPH AV,1,,,A,N,174.0,49TH ST,F,,A,7/22/2024 4:58:51 PM,1/28/2025 1:21:44 PM,,,2,,,,,,,
2481486,23-025195,2,False,0109,5/19/2023 11:30:00 PM,2330,23X,14,109,Oakland,1,True,True,G,VEHICLE/PEDESTRAIN,,Friday,,,F,,False,False,False,,B,PEDESTRIAN,,0,1,CLEAR,,NO UNUSUAL CONDITIONS - NO UNUSUAL CONDITIONS,,C,DARK-STREET LIGHTS,,,,,,,B,CROSSING IN CROSS WALK AT INTERSECTION,,A,22350B,,1,35TH AV,2,,,A,S,12.0,E 16TH ST,F,,A,7/22/2024 4:58:48 PM,1/28/2025 1:21:42 PM,,,2,,,,,,,
2481480,23-003652,2,False,0109,1/22/2023 12:08:00 AM,8,19X,14,109,Oakland,1,True,True,G,VEHICLE/PEDESTRAIN,,Sunday,,,,,False,False,False,,B,PEDESTRIAN,,1,0,CLEAR,,NO UNUSUAL CONDITIONS - NO UNUSUAL CONDITIONS,,C,DARK-STREET LIGHTS,,,,,,,E,IN ROAD - INCLUDES SHOULDER,,A,21954A,,2,INTERNATIONAL BL,1,,,A,W,100.0,21ST AV,F,,A,7/22/2024 4:58:47 PM,1/28/2025 1:21:42 PM,,,2,,,,,,,
2481093,23-056974,2,False,0109,10/26/2023 7:17:00 PM,1917,22X,14,109,Oakland,1,True,True,D,BROADSIDE,,Thursday,,,M,,False,False,True,,C,OTHER MOTOR VEHICLE,,1,0,CLEAR,,NO UNUSUAL CONDITIONS - NO UNUSUAL CONDITIONS,,C,DARK-STREET LIGHTS,,,,,,,A,NO PEDESTRIANS INVOLVED,,A,21802A,,1,CALIFORNIA ST,2,,,A,,,MIDVALE AV,,,D,7/22/2024 1:18:39 PM,1/28/2025 3:29:15 PM,,,2,,,,,,,
2481063,23-054974,2,False,0109,10/16/2023 5:50:00 PM,1750,14X,14,109,Oakland,1,True,True,G,VEHICLE/PEDESTRAIN,,Monday,,,,,False,False,False,,B,PEDESTRIAN,,1,0,CLEAR,,NO UNUSUAL CONDITIONS - NO UNUSUAL CONDITIONS,,B,DUSK-DAWN,,,,,,,B,CROSSING IN CROSS WALK AT INTERSECTION,,A,21950A,,1,LAKESHORE AV,1,,,A,,,BEACHY ST,,,D,7/22/2024 1:08:39 PM,1/28/2025 3:29:15 PM,,,2,,,,,,,
2480984,23-058593,2,False,0109,11/4/2023 3:48:00 AM,348,07X,14,109,Oakland,1,True,True,G,VEHICLE/PEDESTRAIN,,Saturday,,,M,,False,False,False,,B,PEDESTRIAN,,1,0,,,NO UNUSUAL CONDITIONS - NO UNUSUAL CONDITIONS,,D,DARK-NO STREET LIGHTS,,,,,,,B,CROSSING IN CROSS WALK AT INTERSECTION,,A,22107,,1,ADELINE ST,1,,,A,W,50.0,23RD ST,F,,D,7/22/2024 12:38:38 PM,1/28/2025 3:29:15 PM,,,2,,,,,,,
2480974,23-063742,2,False,0109,12/2/2023 1:07:00 PM,1307,26X,14,109,Oakland,1,True,True,B,SIDE SWIPE,,Saturday,,,,,False,False,False,,C,OTHER MOTOR VEHICLE,,1,0,RAINING,,OTHER* - OTHER*,,A,DAYLIGHT,,,,,,,A,NO PEDESTRIANS INVOLVED,,D,,,,HIGH ST,2,,,B,,,INTERNATIONAL BL,,,A,7/22/2024 12:33:38 PM,1/28/2025 3:29:15 PM,,,2,,,,,,,
2437912,9370-2023-03671,2,False,9370,11/19/2023 10:45:00 PM,2245,013,14,109,Oakland,1,True,True,G,VEHICLE/PEDESTRAIN,,Sunday,Yes,False,F,,False,True,False,ALAMEDA SUPERIOR COURT WILEY W. MANUEL COURTHOUSE,B,PEDESTRIAN,,0,1,CLEAR,,NO UNUSUAL CONDITIONS,,FatalD,DARK-NO STREET LIGHTS,37.80904,-122.19582,,,,,E,IN ROAD - INCLUDES SHOULDER,11/19/2023 10:45:00 PM,A,VC 22350,False,1,SR-13 S/B  (WARREN FREEWAY),,,9/26/2024 5:39:12 AM,A,S,749.0,JOAQUIN MILLER ROAD OVER CROSSING,F,,D,7/12/2024 12:37:19 PM,9/26/2024 5:39:16 AM,False,True,4,,11/19/2023 10:51:00 PM,2251,True,E20240268,True,False
2407681,9370-2023-04210,1,False,9370,11/28/2023 10:30:00 AM,1030,024,14,109,Oakland,1,True,True,C,REAR END,,Tuesday,NotApplicable,False,M,,False,True,False,ALAMEDA SUPERIOR COURT WILEY W. MANUEL COURTHOUSE,C,OTHER MOTOR VEHICLE,,0,0,CLEAR,,NO UNUSUAL CONDITIONS,,Late-ReportedA,DAYLIGHT,37.855575,-122.215372,,,,,A,NO PEDESTRIANS INVOLVED,11/28/2023 10:30:00 AM,A,VC 22350,False,1,SR-24 W/B (CALDECOTT TUNNEL BORE #4),,,6/6/2024 8:54:10 AM,A,E,700.0,TUNNEL ROAD,F,,D,6/6/2024 8:54:13 AM,6/6/2024 8:54:13 AM,False,True,4,,1/22/2024 11:40:00 AM,1140,False,,,True
2405680,9370-2023-04133,1,False,9370,12/26/2023 9:37:00 PM,2137,176,14,109,Oakland,1,True,True,G,VEHICLE/PEDESTRAIN,,Tuesday,Yes,False,,,False,True,False,ALAMEDA SUPERIOR COURT WILEY W. MANUEL COURTHOUSE,B,PEDESTRIAN,,0,1,CLEAR,,NO UNUSUAL CONDITIONS,,FatalD,DARK-NO STREET LIGHTS,37.748985,-122.203727,,,,,E,IN ROAD - INCLUDES SHOULDER,12/26/2023 9:37:00 PM,A,VC 21954(a),False,1,I-880 N/B,,,6/4/2024 12:12:28 PM,A,S,1351.0,66TH AVE,F,,D,6/4/2024 12:12:31 PM,6/4/2024 12:12:31 PM,False,True,4,,12/26/2023 9:38:00 PM,2138,True,AREA PHOTO FILE,True,
2385238,9335-2023-02206,1,False,9335,11/6/2023 7:58:00 AM,758,081,14,109,Oakland,1,True,True,F,OVERTURNED,,Monday,NotApplicable,False,F,,False,True,False,ALAMEDA SUPERIOR COURT WILEY W. MANUEL COURTHOUSE,C,OTHER MOTOR VEHICLE,,1,0,CLOUDY,,NO UNUSUAL CONDITIONS,,A,DAYLIGHT,37.821713,-122.332478,,,,,A,NO PEDESTRIANS INVOLVED,11/6/2023 7:58:00 AM,A,VC 21658(A),False,1,I-80 W/B,,,5/8/2024 3:49:47 PM,A,W,4442.0,METERING LIGHTS,F,,D,5/8/2024 3:49:57 PM,5/8/2024 3:49:57 PM,False,True,4,False,11/6/2023 8:05:00 AM,805,False,,,True
2381633,9335-2023-02622,1,False,9335,12/23/2023 12:45:00 PM,1245,082,14,109,Oakland,1,True,True,E,HIT OBJECT,,Saturday,NotApplicable,False,,,False,True,True,ALAMEDA SUPERIOR COURT ALAMEDA,I,FIXED OBJECT,CONCRETE DIVIDER,1,0,CLEAR,,NO UNUSUAL CONDITIONS,,A,DAYLIGHT,37.824959,-122.313868,,,,,A,NO PEDESTRIANS INVOLVED,12/23/2023 12:45:00 PM,A,VC 23152(a),True,1,I-80 W/B,,,5/4/2024 2:08:36 AM,A,E,0.2,METERING LIGHTS,M,,A,5/4/2024 2:08:48 AM,5/4/2024 2:08:48 AM,False,True,4,,12/23/2023 12:50:00 PM,1250,False,,,True
2380495,9370-2023-04206,1,False,9370,12/9/2023 8:11:00 PM,2011,008,14,109,Oakland,1,True,True,C,REAR END,,Saturday,NotApplicable,False,M,,False,True,False,ALAMEDA SUPERIOR COURT WILEY W. MANUEL COURTHOUSE,C,OTHER MOTOR VEHICLE,,1,0,CLEAR,,NO UNUSUAL CONDITIONS,,Late-ReportedD,DARK-NO STREET LIGHTS,37.82549,-122.302928,,,,,A,NO PEDESTRIANS INVOLVED,12/9/2023 8:11:00 PM,A,VC 22350,False,,I-80 E/B TO I-580 E/B,,,5/2/2024 12:54:31 PM,A,E,3000.0,SAN FRANCISCO OAKLAND BAY BRIDGE TOLL PLAZA (SFOBB),F,,D,5/2/2024 12:54:33 PM,5/2/2024 12:54:33 PM,False,True,4,,4/11/2024 8:30:00 PM,2030,False,,,True
2373220,9370-2023-03660,1,False,9370,11/19/2023 12:31:00 AM,31,053,14,109,Oakland,1,True,True,E,HIT OBJECT,,Sunday,Yes,False,F,,False,True,False,ALAMEDA SUPERIOR COURT WILEY W. MANUEL COURTHOUSE,I,FIXED OBJECT,DIRT EMBANKMENT,2,1,CLOUDY,,NO UNUSUAL CONDITIONS,,FatalD,DARK-NO STREET LIGHTS,37.802095,-122.230257,,,,,A,NO PEDESTRIANS INVOLVED,11/19/2023 12:31:00 AM,A,VC 22107,False,1,I-580 W/B (MACARTHUR FREEWAY),,,4/23/2024 12:25:37 PM,A,E,530.0,13TH AVENUE,F,,D,4/23/2024 12:25:40 PM,4/23/2024 12:25:40 PM,False,True,4,,11/19/2023 12:36:00 AM,36,True,AREA PHOTO FILE,False,True
2358914,9370-2023-04205,1,False,9370,11/20/2023 8:00:00 PM,2000,053,14,109,Oakland,1,True,True,E,HIT OBJECT,,Monday,NotApplicable,False,,,False,True,False,ALAMEDA SUPERIOR COURT WILEY W. MANUEL COURTHOUSE,J,OTHER OBJECT,MATTRESS,0,0,CLEAR,,NO UNUSUAL CONDITIONS,,Late-ReportedD,DARK-NO STREET LIGHTS,37.797287,-122.213417,,,,,A,NO PEDESTRIANS INVOLVED,11/20/2023 8:00:00 PM,C,,,,I-580 EASTBOUND,,,4/8/2024 1:29:27 PM,A,E,60.0,BOSTON AVENUE,F,,D,4/8/2024 1:29:31 PM,4/8/2024 1:29:31 PM,False,True,4,,4/3/2024 3:00:00 PM,1500,False,,,True
2357377,9370-2023-04202,1,False,9370,11/3/2023 10:30:00 AM,1030,177,14,109,Oakland,1,True,True,B,SIDE SWIPE,,Friday,NotApplicable,False,M,,False,True,False,ALAMEDA SUPERIOR COURT WILEY W. MANUEL COURTHOUSE,C,OTHER MOTOR VEHICLE,,0,0,CLEAR,,NO UNUSUAL CONDITIONS,,Late-ReportedA,DAYLIGHT,37.781005,-122.238461,,,,,A,NO PEDESTRIANS INVOLVED,11/3/2023 10:30:00 AM,A,VC 21658(a)VC,False,1,INTERSTATE 880,,,4/5/2024 12:18:16 PM,A,S,0.5,16TH ST,M,,D,4/5/2024 12:18:20 PM,4/5/2024 12:18:20 PM,False,True,4,,12/5/2023 9:45:00 AM,945,False,,,False
2349798,9370-2023-04153,1,False,9370,12/28/2023 6:20:00 PM,1820,081,14,109,Oakland,1,True,True,B,SIDE SWIPE,,Thursday,NotApplicable,False,,,False,True,False,ALAMEDA SUPERIOR COURT WILEY W. MANUEL COURTHOUSE,C,OTHER MOTOR VEHICLE,,0,0,CLEAR,,NO UNUSUAL CONDITIONS,,C,DARK-STREET LIGHTS,37.872151,-122.305575,,,,,A,NO PEDESTRIANS INVOLVED,12/28/2023 6:20:00 PM,A,VC 21658(a),False,2,I-80 W/B,,,3/28/2024 2:36:35 PM,A,E,400.0,UNIVERSITY AVE,F,,D,3/28/2024 2:36:37 PM,3/28/2024 2:36:37 PM,False,True,4,,12/28/2023 8:20:00 PM,2020,False,,,True
2348952,9335-2023-02265,1,False,9335,11/13/2023 6:55:00 AM,655,082,14,109,Oakland,1,True,True,B,SIDE SWIPE,,Monday,NotApplicable,False,,,False,True,False,ALAMEDA SUPERIOR COURT WILEY W. MANUEL COURTHOUSE,C,OTHER MOTOR VEHICLE,,0,0,CLEAR,,NO UNUSUAL CONDITIONS,,A,DAYLIGHT,37.82405,-122.317535,,,,,A,NO PEDESTRIANS INVOLVED,11/13/2023 6:55:00 AM,B,UNSAFE MERGING,,1,I-80 W/B,,,3/28/2024 12:03:09 AM,A,W,54.0,METERING LIGHTS,F,,D,3/28/2024 12:03:17 AM,3/28/2024 12:03:17 AM,False,True,4,,11/13/2023 7:00:00 AM,700,False,,,True
2348950,9335-2023-02252,1,False,9335,11/10/2023 5:25:00 PM,1725,084,14,109,Oakland,1,True,True,C,REAR END,,Friday,Yes,False,,,False,True,True,ALAMEDA SUPERIOR COURT ALAMEDA,C,OTHER MOTOR VEHICLE,,1,0,CLEAR,,NO UNUSUAL CONDITIONS,,D,DARK-NO STREET LIGHTS,37.823251,-122.316956,,,,,A,NO PEDESTRIANS INVOLVED,11/10/2023 5:25:00 PM,A,VC 22350,False,2,I-80 E/B,,,3/27/2024 11:54:27 PM,A,W,1066.73,TOLL PLAZA,F,,D,3/27/2024 11:54:35 PM,3/27/2024 11:54:35 PM,False,True,4,,11/10/2023 5:33:00 PM,1733,False,,,True
2343305,9370-2023-03018,1,False,9370,9/28/2023 10:38:00 PM,2238,177,14,109,Oakland,1,True,True,B,SIDE SWIPE,,Thursday,NotApplicable,False,M,,False,True,False,ALAMEDA SUPERIOR COURT WILEY W. MANUEL COURTHOUSE,C,OTHER MOTOR VEHICLE,,0,0,CLEAR,,NO UNUSUAL CONDITIONS,,C,DARK-STREET LIGHTS,37.79999,-122.278329,,,,,A,NO PEDESTRIANS INVOLVED,9/28/2023 10:38:00 PM,A,VC 21658(A),False,1,I-880 N/B,,,3/20/2024 7:56:52 PM,A,S,300.0,JEFFERSON ST,F,,D,3/20/2024 7:56:58 PM,3/20/2024 7:56:58 PM,False,True,4,,9/28/2023 10:56:00 PM,2256,False,,,True
2342945,9335-2023-02615,1,False,9335,12/22/2023 7:16:00 AM,716,082,14,109,Oakland,1,True,True,E,HIT OBJECT,,Friday,NotApplicable,False,M,,False,True,False,ALAMEDA SUPERIOR COURT ALAMEDA,I,FIXED OBJECT,LIGHT CURTAIN,0,0,CLOUDY,,NO UNUSUAL CONDITIONS,,B,DUSK-DAWN,37.825073,-122.313827,,,,,A,NO PEDESTRIANS INVOLVED,12/22/2023 7:16:00 AM,A,VC 22350,False,1,I-80 W/B,,,3/20/2024 10:56:32 AM,A,E,41.0,THE WEST EDGE OF THE TOLL PLAZA,F,,A,3/20/2024 10:56:40 AM,3/20/2024 10:56:40 AM,False,True,4,,12/22/2023 10:11:00 AM,1011,True,EMBEDDED,,True
2334309,9335-2023-02260,1,False,9335,11/10/2023 10:30:00 PM,2230,082,14,109,Oakland,1,True,True,B,SIDE SWIPE,,Friday,NotApplicable,False,M,,False,True,False,ALAMEDA SUPERIOR COURT WILEY W. MANUEL COURTHOUSE,C,OTHER MOTOR VEHICLE,,0,0,CLEAR,,NO UNUSUAL CONDITIONS,,C,DARK-STREET LIGHTS,37.823947,-122.318142,,,,,A,NO PEDESTRIANS INVOLVED,11/10/2023 10:30:00 PM,A,VC 21658(A),False,1,I-80 W/B,,,3/10/2024 11:38:36 AM,A,W,230.0,SFOBB METERING LIGHTS,F,,D,3/10/2024 11:38:41 AM,3/10/2024 11:38:41 AM,False,True,4,,11/10/2023 11:30:00 PM,2330,False,,,True
2332654,9335-2023-02335,1,False,9335,10/30/2023 7:05:00 AM,705,082,14,109,Oakland,1,True,True,C,REAR END,,Monday,NotApplicable,False,,,False,True,False,ALAMEDA SUPERIOR COURT ALAMEDA,C,OTHER MOTOR VEHICLE,,0,0,CLEAR,,NO UNUSUAL CONDITIONS,,A,DAYLIGHT,37.823912,-122.317501,,,,,A,NO PEDESTRIANS INVOLVED,10/30/2023 7:05:00 AM,A,VC 22350,False,1,I-80 W/B,,,3/7/2024 1:18:09 PM,A,W,52.0,SFOBB METERING LIGHTS,F,,D,3/7/2024 1:18:24 PM,3/7/2024 1:18:24 PM,False,True,4,,10/30/2023 7:25:00 AM,725,True,EMBEDDED,,False
2330341,9370-2023-01802,1,False,9370,6/10/2023 1:30:00 PM,1330,013,14,109,Oakland,1,True,True,B,SIDE SWIPE,,Saturday,NotApplicable,False,,,False,True,False,ALAMEDA SUPERIOR COURT WILEY W. MANUEL COURTHOUSE,C,OTHER MOTOR VEHICLE,,0,0,CLEAR,,NO UNUSUAL CONDITIONS,,A,DAYLIGHT,37.840108,-122.223663,,,,,A,NO PEDESTRIANS INVOLVED,6/10/2023 1:30:00 PM,B,UNSAFE MERGE,,1,SR-13 S/B,,,3/5/2024 1:11:45 PM,A,S,430.0,BROADWAY TERRACE,F,,D,3/5/2024 1:11:50 PM,3/5/2024 1:11:50 PM,False,True,4,,6/11/2023 11:30:00 AM,1130,False,,,True
2328444,9370-2023-03204,1,False,9370,10/13/2023 6:10:00 PM,1810,055,14,109,Oakland,1,True,True,A,HEAD-ON,,Friday,NotApplicable,False,,,False,True,False,ALAMEDA SUPERIOR COURT WILEY W. MANUEL COURTHOUSE,I,FIXED OBJECT,CONCRETE BARRIER WALL,1,0,CLEAR,,NO UNUSUAL CONDITIONS,,A,DAYLIGHT,37.79472,-122.206631,,,,,A,NO PEDESTRIANS INVOLVED,10/13/2023 6:10:00 PM,A,VC 22350,False,1,I-580 W/B,,,3/3/2024 5:13:58 PM,A,E,1320.0,COOLIDGE AVE,F,,D,3/3/2024 5:14:00 PM,3/3/2024 5:14:00 PM,False,True,4,,10/13/2023 6:13:00 PM,1813,False,,,True
2328156,9335-2023-02099,1,False,9335,10/21/2023 4:55:00 AM,455,084,14,109,Oakland,1,True,True,E,HIT OBJECT,,Saturday,Yes,False,,,False,True,True,ALAMEDA SUPERIOR COURT WILEY W. MANUEL COURTHOUSE,I,FIXED OBJECT,CONCRETE BARRIER,1,0,CLEAR,,NO UNUSUAL CONDITIONS,,C,DARK-STREET LIGHTS,37.821368,-122.333109,,,,,A,NO PEDESTRIANS INVOLVED,10/21/2023 4:55:00 AM,A,VC 23152(a),True,1,I-80 E/B,,,3/2/2024 7:07:33 AM,A,W,4653.0,SFOBB METERING LIGHTS,F,,D,3/2/2024 7:07:39 AM,3/2/2024 7:07:39 AM,False,True,4,,10/21/2023 5:07:00 AM,507,True,AREA / EMBEDDED,,False
2326265,9335-2023-02224,1,False,9335,11/7/2023 5:24:00 PM,1724,082,14,109,Oakland,1,True,True,C,REAR END,,Tuesday,No,False,,,False,True,False,ALAMEDA SUPERIOR COURT ALAMEDA,C,OTHER MOTOR VEHICLE,,1,0,CLEAR,,NO UNUSUAL CONDITIONS,,C,DARK-STREET LIGHTS,37.824289,-122.316987,,,,,A,NO PEDESTRIANS INVOLVED,11/7/2023 5:24:00 PM,A,VC 22350,False,1,I-80 W/B,,,2/29/2024 8:30:38 AM,A,E,130.0,METERING LIGHTS,F,,A,2/29/2024 8:30:51 AM,2/29/2024 8:30:51 AM,False,True,4,,11/7/2023 5:30:00 PM,1730,False,,,True
2496865,23-010466,2,False,0109,3/2/2023 9:37:00 AM,937,27X,14,109,Oakland,1,True,True,C,REAR END,,Thursday,,,M,,False,False,False,,C,OTHER MOTOR VEHICLE,,2,0,CLEAR,,NO UNUSUAL CONDITIONS - NO UNUSUAL CONDITIONS,,A,DAYLIGHT,,,,,,,A,NO PEDESTRIANS INVOLVED,,A,21703,,1,BANCROFT AV,2,,,A,E,20.0,60TH,F,,D,7/22/2024 5:55:23 PM,1/28/2025 1:34:41 PM,,,2,,,,,,,
2496852,23011156,2,False,0109,3/3/2023 7:00:00 PM,1900,26Y,14,109,Oakland,1,True,True,C,REAR END,,Friday,,,M,,False,False,False,,E,PARKED MOTOR VEHICLE,,0,0,CLOUDY,RAINING,NO UNUSUAL CONDITIONS - NO UNUSUAL CONDITIONS,,C,DARK-STREET LIGHTS,,,,,,,A,NO PEDESTRIANS INVOLVED,,A,22107,,1,HAMILTON ST,2,,,B,E,10.0,76TH AV,F,,D,7/22/2024 5:55:19 PM,1/28/2025 1:34:40 PM,,,2,,,,,,,
2496850,23010391,2,False,0109,3/1/2023 8:47:00 PM,2047,07X,14,109,Oakland,1,True,True,D,BROADSIDE,,Wednesday,,,,,False,False,False,,C,OTHER MOTOR VEHICLE,,0,0,CLEAR,,NO UNUSUAL CONDITIONS - NO UNUSUAL CONDITIONS,,C,DARK-STREET LIGHTS,,,,,,,A,NO PEDESTRIANS INVOLVED,,A,22106,,1,36TH ST,1,,,A,,,ADELINE ST,,,A,7/22/2024 5:55:19 PM,1/28/2025 1:34:40 PM,,,2,,,,,,,
2496849,23010595,2,False,0109,3/3/2023 1:18:00 AM,118,35X,14,109,Oakland,1,True,True,C,REAR END,,Friday,,,,,False,False,True,,C,OTHER MOTOR VEHICLE,,0,0,CLEAR,,NO UNUSUAL CONDITIONS - NO UNUSUAL CONDITIONS,,C,DARK-STREET LIGHTS,,,,,,,A,NO PEDESTRIANS INVOLVED,,A,22350,,1,MACARTHUR BL,2,,,A,,,ALVINGROOM CT,,,A,7/22/2024 5:55:19 PM,1/28/2025 1:34:40 PM,,,2,,,,,,,
2496848,23010486,2,False,0109,3/2/2023 5:09:00 PM,1709,10X,14,109,Oakland,1,True,True,G,VEHICLE/PEDESTRAIN,,Thursday,,,M,,False,False,False,,B,PEDESTRIAN,,0,0,CLEAR,,NO UNUSUAL CONDITIONS - NO UNUSUAL CONDITIONS,,A,DAYLIGHT,,,,,,,B,CROSSING IN CROSS WALK AT INTERSECTION,,A,21950A,,1,54TH ST,1,,,A,,,ADELINE ST,,,A,7/22/2024 5:55:18 PM,1/28/2025 1:34:40 PM,,,2,,,,,,,
2496846,23010314,2,False,0109,3/1/2023 1:27:00 PM,1327,10X,14,109,Oakland,1,True,True,C,REAR END,,Wednesday,,,,,False,False,False,,C,OTHER MOTOR VEHICLE,,0,0,CLEAR,,NO UNUSUAL CONDITIONS - NO UNUSUAL CONDITIONS,,A,DAYLIGHT,,,,,,,A,NO PEDESTRIANS INVOLVED,,A,22107,,1,SAN PABLIC AV,1,,,A,N,30.0,59TH ST,F,,D,7/22/2024 5:55:18 PM,1/28/2025 1:34:40 PM,,,2,,,,,,,
2496831,23-001669,2,False,0109,1/10/2023 3:57:00 PM,1557,19X,14,109,Oakland,1,True,True,D,BROADSIDE,,Tuesday,,,,,False,False,False,,C,OTHER MOTOR VEHICLE,,0,0,CLOUDY,,NO UNUSUAL CONDITIONS - NO UNUSUAL CONDITIONS,,A,DAYLIGHT,,,,,,,A,NO PEDESTRIANS INVOLVED,,A,21802A,,1,EMBARCADERO,1,,,B,,,16TH AV,,,A,7/22/2024 5:55:13 PM,1/28/2025 1:34:40 PM,,,2,,,,,,,
2496830,23-005176,2,False,0109,1/30/2023 11:03:00 AM,1103,01X,14,109,Oakland,1,True,True,A,HEAD-ON,,Monday,,,M,,False,False,True,,I,FIXED OBJECT,,0,0,CLEAR,,NO UNUSUAL CONDITIONS - NO UNUSUAL CONDITIONS,,A,DAYLIGHT,,,,,,,A,NO PEDESTRIANS INVOLVED,,A,22107,,1,FALLON ST,1,,,A,S,174.0,4TH ST,F,,A,7/22/2024 5:55:13 PM,1/28/2025 1:34:39 PM,,,2,,,,,,,
2496828,23-003670,2,False,0109,1/22/2023 3:02:00 AM,302,04X,14,109,Oakland,1,True,True,E,HIT OBJECT,,Sunday,,,,,False,False,False,,I,FIXED OBJECT,,0,0,CLEAR,,NO UNUSUAL CONDITIONS - NO UNUSUAL CONDITIONS,,C,DARK-STREET LIGHTS,,,,,,,A,NO PEDESTRIANS INVOLVED,,A,22107,,1,W GRAND AV,2,,,A,E,12.0,TELEGRAPH,F,,A,7/22/2024 5:55:13 PM,1/28/2025 1:34:39 PM,,,2,,,,,,,
2496827,23-003466,2,False,0109,1/20/2023 9:24:00 PM,2124,19X,14,109,Oakland,1,True,True,C,REAR END,,Friday,,,,,False,False,False,,C,OTHER MOTOR VEHICLE,,0,0,CLEAR,,NO UNUSUAL CONDITIONS - NO UNUSUAL CONDITIONS,,C,DARK-STREET LIGHTS,,,,,,,A,NO PEDESTRIANS INVOLVED,,A,21703,,1,INTERNATIONAL BL,1,,,A,E,70.0,14TH AV,F,,D,7/22/2024 5:55:12 PM,1/28/2025 1:34:39 PM,,,2,,,,,,,
2496816,23-009230,2,False,0109,2/23/2023 6:42:00 PM,1842,27X,14,109,Oakland,1,True,True,A,HEAD-ON,,Thursday,,,M,,False,False,False,,E,PARKED MOTOR VEHICLE,,0,0,CLEAR,,NO UNUSUAL CONDITIONS - NO UNUSUAL CONDITIONS,,C,DARK-STREET LIGHTS,,,,,,,A,NO PEDESTRIANS INVOLVED,,A,22107,,1,50TH AV,2,,,A,N,405.0,MELROSE AV,F,,D,7/22/2024 5:55:09 PM,1/28/2025 1:34:39 PM,,,2,,,,,,,