collision-id,report-number,report-version,is-preliminary,ncic-code,crash-date-time,crash-time-description,beat,city-id,city-code,city-name,county-code,city-is-active,city-is-incorporated,collision-type-code,collision-type-description,collision-type-other-desc,day-of-week,dispatch-notified,has-photographs,hit-run,is-attachments-mailed,is-deleted,is-highway-related,is-tow-away,judicial-district,motor-vehicle-involved-with-code,motor-vehicle-involved-with-desc,motor-vehicle-involved-with-other-desc,number-injured,number-killed,weather-1,weather-2,road-condition-1,road-condition-2,special-condition-lighting-code,lighting-description,latitude,longitude,milepost-direction,milepost-distance,milepost-marker,milepost-unit-of-measure,pedestrian-action-code,pedestrian-action-desc,prepared-date,primary-collision-factor-code,primary-collision-factor-violation,primary-collision-factor-is-cited,primary-collision-party-number,primary-road,reporting-district,reporting-district-code,reviewed-date,roadway-surface-code,secondary-direction,secondary-distance,secondary-road,secondary-unit-of-measure,sketch-desc,traffic-control-device-code,created-date,modified-date,is-county-road,is-freeway,chp-555-version,is-additonal-object-struck,notification-date,notification-time-description,has-digital-media-files,evidence-number,is-location-refer-to-narrative,is-aoi-one-same-as-location
2495402,23-007704,2,False,0109,2/13/2023 1:23:00 PM,1323,14X,14,109,Oakland,1,True,True,B,SIDE SWIPE,,Monday,,,,,False,False,False,,E,PARKED MOTOR VEHICLE,,0,0,CLEAR,,NO UNUSUAL CONDITIONS - NO UNUSUAL CONDITIONS,,A,DAYLIGHT,,,,,,,A,NO PEDESTRIANS INVOLVED,,A,22107,,1,GRAND AV,1,,,A,W,169.0,PARK VIEW AV,F,,A,7/22/2024 5:47:34 PM,1/28/2025 1:33:21 PM,,,2,,,,,,,
2495400,23-004294,2,False,0109,1/25/2023 12:23:00 PM,1223,30Y,14,109,Oakland,1,True,True,B,SIDE SWIPE,,Wednesday,,,,,False,False,False,,C,OTHER MOTOR VEHICLE,,0,0,CLEAR,,NO UNUSUAL CONDITIONS - NO UNUSUAL CONDITIONS,,A,DAYLIGHT,,,,,,,A,NO PEDESTRIANS INVOLVED,,B,,,,DASHWOOD AV,2,,,A,S,130.0,KRAUSE AV,F,,D,7/22/2024 5:47:34 PM,1/28/2025 1:33:21 PM,,,2,,,,,,,
2495399,23-003228,2,False,0109,1/19/2023 1:56:00 PM,1356,23X,14,109,Oakland,1,True,True,B,SIDE SWIPE,,Thursday,,,,,False,False,False,,C,OTHER MOTOR VEHICLE,,0,0,CLEAR,,NO UNUSUAL CONDITIONS - NO UNUSUAL CONDITIONS,,A,DAYLIGHT,,,,,,,,,,A,22107,,1,INTERNATIONAL BL,2,,,A,W,20.0,34TH AV,F,,A,7/22/2024 5:47:33 PM,1/28/2025 1:33:21 PM,,,2,,,,,,,
2495181,23-005147,2,False,0109,1/30/2023 10:09:00 AM,1009,20X,14,109,Oakland,1,True,True,C,REAR END,,Monday,,,,,False,False,False,,C,OTHER MOTOR VEHICLE,,0,0,CLEAR,,NO UNUSUAL CONDITIONS - NO UNUSUAL CONDITIONS,,A,DAYLIGHT,,,,,,,A,NO PEDESTRIANS INVOLVED,,A,22107,,1,ELMWOOD AVE,2,,,A,,,LANCASTER ST,,,D,7/22/2024 5:46:27 PM,1/28/2025 1:33:10 PM,,,2,,,,,,,
2493213,23-004578,2,False,0109,1/27/2023 5:06:00 AM,506,31X,14,109,Oakland,1,True,True,F,OVERTURNED,,Friday,,,M,,False,False,True,,,,,0,0,CLEAR,,NO UNUSUAL CONDITIONS - NO UNUSUAL CONDITIONS,,C,DARK-STREET LIGHTS,,,,,,,A,NO PEDESTRIANS INVOLVED,,A,22107,,1,WORTH ST,2,,,A,E,250.0,EDES AV,F,,D,7/22/2024 5:36:15 PM,1/28/2025 1:31:32 PM,,,2,,,,,,,
2493210,23-000118,2,False,0109,1/2/2023 8:17:00 PM,2017,33X,14,109,Oakland,1,True,True,D,BROADSIDE,,Monday,,,M,,False,False,False,,C,OTHER MOTOR VEHICLE,,0,0,CLEAR,,NO UNUSUAL CONDITIONS - NO UNUSUAL CONDITIONS,,C,DARK-STREET LIGHTS,,,,,,,A,NO PEDESTRIANS INVOLVED,,A,21453A,,1,INTERNATIONAL BL,2,,,B,,,85TH AV,,,A,7/22/2024 5:36:14 PM,1/28/2025 1:31:31 PM,,,2,,,,,,,
2493209,23-000174,2,False,0109,1/1/2023 10:30:00 PM,2230,32X,14,109,Oakland,1,True,True,B,SIDE SWIPE,,Sunday,,,M,,False,False,True,,E,PARKED MOTOR VEHICLE,,0,0,,,NO UNUSUAL CONDITIONS - NO UNUSUAL CONDITIONS,,C,DARK-STREET LIGHTS,,,,,,,A,NO PEDESTRIANS INVOLVED,,A,22107,,1,BEVERLY AV,2,,,A,,,105TH AV,,,D,7/22/2024 5:36:13 PM,1/28/2025 1:31:31 PM,,,2,,,,,,,
2493208,23003276,2,False,0109,1/19/2023 2:30:00 AM,230,21X,14,109,Oakland,1,True,True,B,SIDE SWIPE,,Thursday,,,M,,False,False,False,,E,PARKED MOTOR VEHICLE,,0,0,CLEAR,,NO UNUSUAL CONDITIONS - NO UNUSUAL CONDITIONS,,C,DARK-STREET LIGHTS,,,,,,,A,NO PEDESTRIANS INVOLVED,,A,22107,,1,25TH AV,2,,,A,N,1000.0,FOOTHILL BL,F,,D,7/22/2024 5:36:13 PM,1/28/2025 1:31:31 PM,,,2,,,,,,,
2493206,23-004365,2,False,0109,1/25/2023 2:00:00 PM,1400,21X,14,109,Oakland,1,True,True,C,REAR END,,Wednesday,,,M,,False,False,False,,E,PARKED MOTOR VEHICLE,,0,0,CLEAR,,NO UNUSUAL CONDITIONS - NO UNUSUAL CONDITIONS,,A,DAYLIGHT,,,,,,,A,NO PEDESTRIANS INVOLVED,,A,22107,,1,PLEITNER AV,2,,,A,N,130.0,WARD LN,F,,C,7/22/2024 5:36:13 PM,1/28/2025 1:31:31 PM,,,2,,,,,,,
2493203,23-003204,2,False,0109,1/19/2023 11:49:00 AM,1149,04X,14,109,Oakland,1,True,True,B,SIDE SWIPE,,Thursday,,,,,False,False,False,,C,OTHER MOTOR VEHICLE,,0,0,CLEAR,,NO UNUSUAL CONDITIONS - NO UNUSUAL CONDITIONS,,A,DAYLIGHT,,,,,,,A,NO PEDESTRIANS INVOLVED,,A,21801A,,1,14TH ST,1,,,A,,,BROADWAY,,,A,7/22/2024 5:36:12 PM,1/28/2025 1:31:31 PM,,,2,,,,,,,
2493199,23-005660,2,False,0109,2/1/2023 9:59:00 PM,2159,32X,14,109,Oakland,1,True,True,C,REAR END,,Wednesday,,,M,,False,False,False,,E,PARKED MOTOR VEHICLE,,0,0,CLEAR,,NO UNUSUAL CONDITIONS - NO UNUSUAL CONDITIONS,,C,DARK-STREET LIGHTS,,,,,,,A,NO PEDESTRIANS INVOLVED,,A,22350,,1,E ST,2,,,A,W,20.0,105TH AV,F,,A,7/22/2024 5:36:11 PM,1/28/2025 1:31:31 PM,,,2,,,,,,,
2493198,23-005859,2,False,0109,2/2/2023 5:43:00 PM,1743,32X,14,109,Oakland,1,True,True,E,HIT OBJECT,,Thursday,,,M,,False,False,False,,I,FIXED OBJECT,,0,0,CLEAR,,NO UNUSUAL CONDITIONS - NO UNUSUAL CONDITIONS,,B,DUSK-DAWN,,,,,,,A,NO PEDESTRIANS INVOLVED,,A,22107,,1,105TH AV,2,,,A,S,50.0,PEARMAIN ST,F,,D,7/22/2024 5:36:10 PM,1/28/2025 1:31:31 PM,,,2,,,,,,,
2493197,23-005996,2,False,0109,2/3/2023 10:49:00 AM,1049,32X,14,109,Oakland,1,True,True,A,HEAD-ON,,Friday,,,M,,False,False,True,,E,PARKED MOTOR VEHICLE,,0,0,CLOUDY,,NO UNUSUAL CONDITIONS - NO UNUSUAL CONDITIONS,,A,DAYLIGHT,,,,,,,A,NO PEDESTRIANS INVOLVED,,A,22107,,1,MACARTHUR BL,2,,,B,E,30.0,FISHER AV,F,,D,7/22/2024 5:36:10 PM,1/28/2025 1:31:31 PM,,,2,,,,,,,
2493196,23-005523,2,False,0109,2/1/2023 7:39:00 AM,739,21X,14,109,Oakland,1,True,True,A,HEAD-ON,,Wednesday,,,M,,False,False,True,,E,PARKED MOTOR VEHICLE,,0,0,CLEAR,,NO UNUSUAL CONDITIONS - NO UNUSUAL CONDITIONS,,A,DAYLIGHT,,,,,,,A,NO PEDESTRIANS INVOLVED,,A,22107,,1,E 26TH ST,2,,,A,W,50.0,24TH AV,F,,D,7/22/2024 5:36:10 PM,1/28/2025 1:31:31 PM,,,2,,,,,,,
2493187,23-000720,2,False,0109,1/5/2023 6:45:00 AM,645,19X,14,109,Oakland,1,True,True,F,OVERTURNED,,Thursday,,,,,False,False,True,,I,FIXED OBJECT,,1,0,CLOUDY,,NO UNUSUAL CONDITIONS - NO UNUSUAL CONDITIONS,,B,DUSK-DAWN,,,,,,,A,NO PEDESTRIANS INVOLVED,,A,21461A,,1,29TH AV,1,,,B,S,225.0,GLASCOCK ST,F,,A,7/22/2024 5:36:08 PM,1/28/2025 1:31:30 PM,,,2,,,,,,,
2493186,23-004970,2,False,0109,1/29/2023 9:45:00 AM,945,23X,14,109,Oakland,1,True,True,D,BROADSIDE,,Sunday,,,,,False,False,False,,C,OTHER MOTOR VEHICLE,,1,0,CLOUDY,,NO UNUSUAL CONDITIONS - NO UNUSUAL CONDITIONS,,A,DAYLIGHT,,,,,,,B,CROSSING IN CROSS WALK AT INTERSECTION,,A,21460A,,1,35TH AV,2,,,A,N,100.0,INTERNATIONAL BL,F,,A,7/22/2024 5:36:07 PM,1/28/2025 1:31:30 PM,,,2,,,,,,,
2493185,23-001807,2,False,0109,1/11/2023 1:41:00 PM,1341,23X,14,109,Oakland,1,True,True,G,VEHICLE/PEDESTRAIN,,Wednesday,,,M,,False,False,False,,B,PEDESTRIAN,,1,0,RAINING,,,,A,DAYLIGHT,,,,,,,B,CROSSING IN CROSS WALK AT INTERSECTION,,A,21950A,,1,INTERNATIONAL BL,2,,,B,,,33RD AV,,,A,7/22/2024 5:36:07 PM,1/28/2025 1:31:30 PM,,,2,,,,,,,
2493184,23-002072,2,False,0109,1/12/2023 7:18:00 PM,1918,33X,14,109,Oakland,1,True,True,D,BROADSIDE,,Thursday,,,F,,False,False,False,,C,OTHER MOTOR VEHICLE,,1,0,,,NO UNUSUAL CONDITIONS - NO UNUSUAL CONDITIONS,,C,DARK-STREET LIGHTS,,,,,,,A,NO PEDESTRIANS INVOLVED,,A,21453A,,1,85TH AV,2,,,A,,,SAN LEANDRO ST,,,A,7/22/2024 5:36:06 PM,1/28/2025 1:31:30 PM,,,2,,,,,,,
2493183,23-002858,2,False,0109,1/17/2023 3:14:00 PM,1514,06X,14,109,Oakland,1,True,True,C,REAR END,,Tuesday,,,,,False,False,False,,C,OTHER MOTOR VEHICLE,,1,0,CLEAR,,NO UNUSUAL CONDITIONS - NO UNUSUAL CONDITIONS,,A,DAYLIGHT,,,,,,,A,NO PEDESTRIANS INVOLVED,,A,22350,,1,SAN PABLO AV,1,,,A,,,25TH ST,,,A,7/22/2024 5:36:06 PM,1/28/2025 1:31:30 PM,,,2,,,,,,,
2493182,23-000841,2,False,0109,1/5/2023 7:25:00 PM,1925,12X,14,109,Oakland,1,True,True,G,VEHICLE/PEDESTRAIN,,Thursday,,,,,False,False,False,,B,PEDESTRIAN,,1,0,CLOUDY,,,,C,DARK-STREET LIGHTS,,,,,,,B,CROSSING IN CROSS WALK AT INTERSECTION,,A,21950A,,1,COLLEGE AV,1,,,B,,,MILES AV,,,A,7/22/2024 5:36:06 PM,1/28/2025 1:31:30 PM,,,2,,,,,,,
2493179,23-002967,2,False,0109,1/18/2023 8:25:00 AM,825,18X,14,109,Oakland,1,True,True,D,BROADSIDE,,Wednesday,,,,,False,False,False,,C,OTHER MOTOR VEHICLE,,1,0,CLEAR,,NO UNUSUAL CONDITIONS - NO UNUSUAL CONDITIONS,,A,DAYLIGHT,,,,,,,A,NO PEDESTRIANS INVOLVED,,A,21802A,,1,22ND AV,1,,,A,,,E 20TH ST,,,A,7/22/2024 5:36:05 PM,1/28/2025 1:31:30 PM,,,2,,,,,,,
2492683,23-000497,2,False,0109,1/3/2023 5:50:00 PM,1750,01X,14,109,Oakland,1,True,True,D,BROADSIDE,,Tuesday,,,,,False,False,False,,C,OTHER MOTOR VEHICLE,,1,0,CLOUDY,,NO UNUSUAL CONDITIONS - NO UNUSUAL CONDITIONS,,C,DARK-STREET LIGHTS,,,,,,,A,NO PEDESTRIANS INVOLVED,,A,21453A,,,7TH ST,1,,,A,,,MANDELA PKWY,,,A,7/22/2024 5:33:32 PM,1/28/2025 1:31:05 PM,,,2,,,,,,,
2489812,23-000551,2,False,0109,1/4/2023 2:44:00 AM,244,11X,14,109,Oakland,1,True,True,A,HEAD-ON,,Wednesday,,,,,False,False,False,,E,PARKED MOTOR VEHICLE,,0,0,CLEAR,,NO UNUSUAL CONDITIONS - NO UNUSUAL CONDITIONS,,C,DARK-STREET LIGHTS,,,,,,,A,NO PEDESTRIANS INVOLVED,,A,22107,,1,ALCATRAZ AV,1,,,A,E,100.0,SHATTUCK AV,F,,D,7/22/2024 5:19:14 PM,1/28/2025 1:28:42 PM,,,2,,,,,,,
2489783,23-000861,2,False,0109,1/5/2023 10:05:00 PM,2205,23X,14,109,Oakland,1,True,True,D,BROADSIDE,,Thursday,,,,,False,False,False,,C,OTHER MOTOR VEHICLE,,0,0,CLEAR,,NO UNUSUAL CONDITIONS - NO UNUSUAL CONDITIONS,,C,DARK-STREET LIGHTS,,,,,,,A,NO PEDESTRIANS INVOLVED,,A,21453A,,1,INTERNATIONAL BL,2,,,A,,,35TH AV,,,A,7/22/2024 5:19:07 PM,1/28/2025 1:28:41 PM,,,2,,,,,,,
2489782,23-001226,2,False,0109,1/7/2023 11:10:00 AM,1110,35X,14,109,Oakland,1,True,True,C,REAR END,,Saturday,,,M,,False,False,True,,E,PARKED MOTOR VEHICLE,,0,0,RAINING,,NO UNUSUAL CONDITIONS - NO UNUSUAL CONDITIONS,,C,DARK-STREET LIGHTS,,,,,,,A,NO PEDESTRIANS INVOLVED,,A,22107,,1,98TH AV,2,,,B,S,10.0,ELMVIEW DR,F,,D,7/22/2024 5:19:06 PM,1/28/2025 1:28:41 PM,,,2,,,,,,,
2489781,23-000635,2,False,0109,1/4/2023 2:43:00 PM,1443,34X,14,109,Oakland,1,True,True,D,BROADSIDE,,Wednesday,,,,,False,False,False,,C,OTHER MOTOR VEHICLE,,0,0,CLOUDY,,NO UNUSUAL CONDITIONS - NO UNUSUAL CONDITIONS,,A,DAYLIGHT,,,,,,,A,NO PEDESTRIANS INVOLVED,,A,22350,,1,CHERRY AV,2,,,B,E,50.0,94TH AV,F,,D,7/22/2024 5:19:06 PM,1/28/2025 1:28:41 PM,,,2,,,,,,,
2489780,23-000965,2,False,0109,1/6/2023 1:59:00 PM,1359,32X,14,109,Oakland,1,True,True,B,SIDE SWIPE,,Friday,,,M,,False,False,False,,C,OTHER MOTOR VEHICLE,,0,0,CLOUDY,,NO UNUSUAL CONDITIONS - NO UNUSUAL CONDITIONS,,A,DAYLIGHT,,,,,,,A,NO PEDESTRIANS INVOLVED,,A,22107,,1,104TH AV,2,,,A,N,50.0,INTERNATIONAL BL,F,,D,7/22/2024 5:19:06 PM,1/28/2025 1:28:41 PM,,,2,,,,,,,
2489779,23-000239,2,False,0109,1/2/2023 12:35:00 PM,1235,34X,14,109,Oakland,1,True,True,B,SIDE SWIPE,,Monday,,,M,,False,False,False,,E,PARKED MOTOR VEHICLE,,0,0,RAINING,,FLOODED* - FLOODED*,,A,DAYLIGHT,,,,,,,A,NO PEDESTRIANS INVOLVED,,A,22107,,1,71ST AV,2,,,A,N,100.0,SNELL ST,F,,A,7/22/2024 5:19:06 PM,1/28/2025 1:28:41 PM,,,2,,,,,,,
2489778,23-000475,2,False,0109,1/3/2023 3:54:00 PM,1554,26Y,14,109,Oakland,1,True,True,A,HEAD-ON,,Tuesday,,,M,,False,False,False,,C,OTHER MOTOR VEHICLE,,0,0,CLOUDY,,NO UNUSUAL CONDITIONS - NO UNUSUAL CONDITIONS,,A,DAYLIGHT,,,,,,,A,NO PEDESTRIANS INVOLVED,,A,21453A,,1,81ST AV,2,,,A,,,INTERNATIONAL BL,,,A,7/22/2024 5:19:05 PM,1/28/2025 1:28:41 PM,,,2,,,,,,,
2489777,23-001038,2,False,0109,1/6/2023 10:00:00 PM,2200,03X,14,109,Oakland,1,True,True,A,HEAD-ON,,Friday,,,M,,False,False,False,,A,NON-COLLISION,,0,0,CLEAR,,NO UNUSUAL CONDITIONS - NO UNUSUAL CONDITIONS,,C,DARK-STREET LIGHTS,,,,,,,A,NO PEDESTRIANS INVOLVED,,A,21651A,,1,6TH ST,1,,,A,,,JACKSON ST,,,A,7/22/2024 5:19:05 PM,1/28/2025 1:28:41 PM,,,2,,,,,,,
2489776,23-001218,2,False,0109,1/8/2023 1:52:00 AM,152,05X,14,109,Oakland,1,True,True,C,REAR END,,Sunday,,,,,False,False,False,,C,OTHER MOTOR VEHICLE,,0,0,RAINING,,NO UNUSUAL CONDITIONS - NO UNUSUAL CONDITIONS,,C,DARK-STREET LIGHTS,,,,,,,A,NO PEDESTRIANS INVOLVED,,A,22350,,1,W GRAND AV,1,,,B,E,5.0,MARKET ST,F,,A,7/22/2024 5:19:05 PM,1/28/2025 1:28:41 PM,,,2,,,,,,,
2489775,23-000854,2,False,0109,1/5/2023 9:37:00 PM,2137,32X,14,109,Oakland,1,True,True,B,SIDE SWIPE,,Thursday,,,,,False,False,False,,C,OTHER MOTOR VEHICLE,,0,0,CLEAR,,NO UNUSUAL CONDITIONS - NO UNUSUAL CONDITIONS,,C,DARK-STREET LIGHTS,,,,,,,A,NO PEDESTRIANS INVOLVED,,A,22107,,1,BIRCH ST,2,,,B,E,40.0,102ND AV,F,,D,7/22/2024 5:19:05 PM,1/28/2025 1:28:40 PM,,,2,,,,,,,
2489773,23-000996,2,False,0109,1/6/2023 3:53:00 PM,1553,17X,14,109,Oakland,1,True,True,C,REAR END,,Friday,,,M,,False,False,True,,E,PARKED MOTOR VEHICLE,,0,0,CLEAR,,NO UNUSUAL CONDITIONS - NO UNUSUAL CONDITIONS,,A,DAYLIGHT,,,,,,,A,NO PEDESTRIANS INVOLVED,,A,22107,,1,4TH AV,1,,,A,S,8.0,E 17TH ST,F,,D,7/22/2024 5:19:04 PM,1/28/2025 1:28:40 PM,,,2,,,,,,,
2489772,23-000919,2,False,0109,1/6/2023 10:03:00 AM,1003,33X,14,109,Oakland,1,True,True,C,REAR END,,Friday,,,M,,False,False,False,,E,PARKED MOTOR VEHICLE,,0,0,CLEAR,,NO UNUSUAL CONDITIONS - NO UNUSUAL CONDITIONS,,C,DARK-STREET LIGHTS,,,,,,,A,NO PEDESTRIANS INVOLVED,,A,22107,,1,A ST,2,,,A,E,5.0,97TH AV,F,,D,7/22/2024 5:19:04 PM,1/28/2025 1:28:40 PM,,,2,,,,,,,
2489771,23-000662,2,False,0109,1/4/2023 3:05:00 PM,1505,25X,14,109,Oakland,1,True,True,C,REAR END,,Wednesday,,,M,,False,False,False,,E,PARKED MOTOR VEHICLE,,0,0,RAINING,,NO UNUSUAL CONDITIONS - NO UNUSUAL CONDITIONS,,C,DARK-STREET LIGHTS,,,,,,,A,NO PEDESTRIANS INVOLVED,,A,22107,,1,38TH AV,2,,,B,S,30.0,REDDING ST,F,,D,7/22/2024 5:19:04 PM,1/28/2025 1:28:40 PM,,,2,,,,,,,
2489770,23-000728,2,False,0109,1/5/2023 3:03:00 AM,303,28X,14,109,Oakland,1,True,True,B,SIDE SWIPE,,Thursday,,,M,,False,False,False,,I,FIXED OBJECT,,0,0,RAINING,,NO UNUSUAL CONDITIONS - NO UNUSUAL CONDITIONS,,C,DARK-STREET LIGHTS,,,,,,,A,NO PEDESTRIANS INVOLVED,,A,22107,,1,MACARTHUR BL,2,,,B,W,200.0,55TH AV,F,,D,7/22/2024 5:19:03 PM,1/28/2025 1:28:40 PM,,,2,,,,,,,
2489769,23-000325,2,False,0109,1/2/2023 10:07:00 PM,2207,19X,14,109,Oakland,1,True,True,A,HEAD-ON,,Monday,,,,,False,False,False,,I,FIXED OBJECT,,0,0,CLOUDY,RAINING,NO UNUSUAL CONDITIONS - NO UNUSUAL CONDITIONS,,B,DUSK-DAWN,,,,,,,A,NO PEDESTRIANS INVOLVED,,A,22350,,1,EMBARCADERO,1,,,B,W,200.0,7TH AV,F,,D,7/22/2024 5:19:03 PM,1/28/2025 1:28:40 PM,,,2,,,,,,,
2489766,23000293,2,False,0109,1/2/2023 5:16:00 PM,1716,32X,14,109,Oakland,1,True,True,B,SIDE SWIPE,,Monday,,,M,,False,False,False,,E,PARKED MOTOR VEHICLE,,0,0,RAINING,,,,C,DARK-STREET LIGHTS,,,,,,,A,NO PEDESTRIANS INVOLVED,,A,22350,,1,99TH AV,2,,,B,S,10.0,BIRCH ST,F,,A,7/22/2024 5:19:03 PM,1/28/2025 1:28:40 PM,,,2,,,,,,,
2489765,23000192,2,False,0109,1/2/2023 6:00:00 AM,600,18X,14,109,Oakland,1,True,True,C,REAR END,,Monday,,,,,False,False,False,,E,PARKED MOTOR VEHICLE,,0,0,CLEAR,,NO UNUSUAL CONDITIONS - NO UNUSUAL CONDITIONS,,C,DARK-STREET LIGHTS,,,,,,,A,NO PEDESTRIANS INVOLVED,,A,22107,,1,E 24TH ST,1,,,A,E,100.0,19TH AV,F,,D,7/22/2024 5:19:02 PM,1/28/2025 1:28:40 PM,,,2,,,,,,,
2488238,23-004951,2,False,0109,1/29/2023 8:14:00 AM,814,34X,14,109,Oakland,1,True,True,B,SIDE SWIPE,,Sunday,,,M,,False,False,False,,C,OTHER MOTOR VEHICLE,,0,0,CLEAR,,,,A,DAYLIGHT,,,,,,,A,NO PEDESTRIANS INVOLVED,,A,22106,,1,INTERNATIONAL BL,2,,,A,W,40.0,90TH AV,F,,D,7/22/2024 5:11:53 PM,1/28/2025 1:27:27 PM,,,2,,,,,,,
2488235,23-003340,2,False,0109,1/20/2023 6:25:00 AM,625,34X,14,109,Oakland,1,True,True,D,BROADSIDE,,Friday,,,M,,False,False,False,,C,OTHER MOTOR VEHICLE,,0,0,CLEAR,,NO UNUSUAL CONDITIONS - NO UNUSUAL CONDITIONS,,C,DARK-STREET LIGHTS,,,,,,,A,NO PEDESTRIANS INVOLVED,,A,21453A,,1,94TH AV,2,,,A,,,BANCROFT AV,,,A,7/22/2024 5:11:52 PM,1/28/2025 1:27:27 PM,,,2,,,,,,,
2488233,23-003889,2,False,0109,1/23/2023 11:45:00 AM,1145,06X,14,109,Oakland,1,True,True,D,BROADSIDE,,Monday,,,,,False,False,True,,C,OTHER MOTOR VEHICLE,,1,0,CLEAR,,NO UNUSUAL CONDITIONS - NO UNUSUAL CONDITIONS,,A,DAYLIGHT,,,,,,,A,NO PEDESTRIANS INVOLVED,,A,22107,,1,36TH ST,1,,,A,,,MARKET ST,,,A,7/22/2024 5:11:52 PM,1/28/2025 1:27:27 PM,,,2,,,,,,,
2488223,23-001588,2,False,0109,1/10/2023 8:32:00 AM,832,33X,14,109,Oakland,1,True,True,B,SIDE SWIPE,,Tuesday,,,,,False,False,False,,I,FIXED OBJECT,,0,0,CLOUDY,,NO UNUSUAL CONDITIONS - NO UNUSUAL CONDITIONS,,A,DAYLIGHT,,,,,,,A,NO PEDESTRIANS INVOLVED,,A,22107,,1,92ND AV,1,,,A,N,20.0,F ST,F,,D,7/22/2024 5:11:49 PM,1/28/2025 1:27:27 PM,,,2,,,,,,,
2507562,2023-00012847,2,False,0109,4/11/2023 12:35:00 PM,1235,,14,109,Oakland,1,True,True,B,SIDE SWIPE,,Tuesday,,,M,,False,False,False,,E,PARKED MOTOR VEHICLE,,1,0,CLEAR,,NO UNUSUAL CONDITIONS - NO UNUSUAL CONDITIONS,,A,DAYLIGHT,,,,,,,A,NO PEDESTRIANS INVOLVED,,A,23152A,,1,E ST,,,,A,,,106TH AV,,,D,7/22/2024 7:25:57 PM,1/28/2025 1:43:16 PM,,,2,,,,,,,
2507557,2023-00008478,2,False,0109,2/20/2023 9:58:00 PM,2158,,14,109,Oakland,1,True,True,B,SIDE SWIPE,,Monday,,,,,False,False,True,,E,PARKED MOTOR VEHICLE,,0,0,CLEAR,,NO UNUSUAL CONDITIONS - NO UNUSUAL CONDITIONS,,C,DARK-STREET LIGHTS,37.85249,122.270866,,,,,A,NO PEDESTRIANS INVOLVED,,A,21658A,,1,MARKET,,,,A,N,157.0,60TH ST,F,,A,7/22/2024 7:25:55 PM,1/28/2025 1:43:15 PM,,,2,,,,,,,
2507294,23-013379,2,False,0109,3/18/2023 2:07:00 AM,207,34X,14,109,Oakland,1,True,True,C,REAR END,,Saturday,,,M,,False,False,True,,E,PARKED MOTOR VEHICLE,,0,0,CLEAR,,NO UNUSUAL CONDITIONS - NO UNUSUAL CONDITIONS,,C,DARK-STREET LIGHTS,,,,,,,A,NO PEDESTRIANS INVOLVED,,A,22107,,1,BIRCH ST,2,,,A,W,60.0,88TH AV,F,,A,7/22/2024 7:24:16 PM,1/28/2025 1:42:59 PM,,,2,,,,,,,
2507293,23-013639,2,False,0109,3/19/2023 4:35:00 PM,1635,17Y,14,109,Oakland,1,True,True,A,HEAD-ON,,Sunday,,,,,False,False,False,,C,OTHER MOTOR VEHICLE,,0,0,CLEAR,,NO UNUSUAL CONDITIONS - NO UNUSUAL CONDITIONS,,A,DAYLIGHT,,,,,,,A,NO PEDESTRIANS INVOLVED,,A,21802A,,1,14TH AV,1,,,A,,,E 26TH ST,,,A,7/22/2024 7:24:16 PM,1/28/2025 1:42:59 PM,,,2,,,,,,,
2507292,23-014648,2,False,0109,3/25/2023 3:17:00 PM,1517,03Y,14,109,Oakland,1,True,True,D,BROADSIDE,,Saturday,,,,,False,False,False,,C,OTHER MOTOR VEHICLE,,0,0,CLEAR,,NO UNUSUAL CONDITIONS - NO UNUSUAL CONDITIONS,,A,DAYLIGHT,,,,,,,A,NO PEDESTRIANS INVOLVED,,A,21453A,,,HARRISON ST,1,,,A,,,13TH ST,,,A,7/22/2024 7:24:16 PM,1/28/2025 1:42:59 PM,,,2,,,,,,,
2507280,23-010517,2,False,0109,3/20/2023 3:31:00 PM,1531,04X,14,109,Oakland,1,True,True,A,HEAD-ON,,Monday,,,M,,False,False,False,,C,OTHER MOTOR VEHICLE,,0,0,CLEAR,,NO UNUSUAL CONDITIONS - NO UNUSUAL CONDITIONS,,A,DAYLIGHT,,,,,,,A,NO PEDESTRIANS INVOLVED,,A,21657,,1,19TH ST,1,,,A,E,200.0,ALICE ST,F,,D,7/22/2024 7:24:12 PM,1/28/2025 1:42:59 PM,,,2,,,,,,,
2507279,23-010967,2,False,0109,3/5/2023 12:54:00 AM,54,01X,14,109,Oakland,1,True,True,A,HEAD-ON,,Sunday,,,M,,False,False,True,,I,FIXED OBJECT,,0,0,RAINING,,NO UNUSUAL CONDITIONS - NO UNUSUAL CONDITIONS,,C,DARK-STREET LIGHTS,,,,,,,A,NO PEDESTRIANS INVOLVED,,A,22350,,1,BROADWAY,1,,,B,S,200.0,EMBARCADERO W,F,,D,7/22/2024 7:24:11 PM,1/28/2025 1:42:59 PM,,,2,,,,,,,
2507278,23-010806,2,False,0109,3/4/2023 3:33:00 AM,333,19X,14,109,Oakland,1,True,True,D,BROADSIDE,,Saturday,,,F,,False,False,False,,C,OTHER MOTOR VEHICLE,,0,0,CLEAR,,NO UNUSUAL CONDITIONS - NO UNUSUAL CONDITIONS,,C,DARK-STREET LIGHTS,,,,,,,A,NO PEDESTRIANS INVOLVED,,A,22450A,,1,14TH AV,1,,,A,,,INTERNATIONAL BL,,,A,7/22/2024 7:24:11 PM,1/28/2025 1:42:59 PM,,,2,,,,,,,
2507277,23-011443,2,False,0109,3/7/2023 2:44:00 PM,1444,30X,14,109,Oakland,1,True,True,B,SIDE SWIPE,,Tuesday,,,,,False,False,False,,C,OTHER MOTOR VEHICLE,,0,0,CLEAR,,NO UNUSUAL CONDITIONS - NO UNUSUAL CONDITIONS,,A,DAYLIGHT,,,,,,,A,NO PEDESTRIANS INVOLVED,,D,,,,INTERNATIONAL BL,2,,,A,,,73RD AV,,,A,7/22/2024 7:24:11 PM,1/28/2025 1:42:59 PM,,,2,,,,,,,