collision-id,report-number,report-version,is-preliminary,ncic-code,crash-date-time,crash-time-description,beat,city-id,city-code,city-name,county-code,city-is-active,city-is-incorporated,collision-type-code,collision-type-description,collision-type-other-desc,day-of-week,dispatch-notified,has-photographs,hit-run,is-attachments-mailed,is-deleted,is-highway-related,is-tow-away,judicial-district,motor-vehicle-involved-with-code,motor-vehicle-involved-with-desc,motor-vehicle-involved-with-other-desc,number-injured,number-killed,weather-1,weather-2,road-condition-1,road-condition-2,special-condition-lighting-code,lighting-description,latitude,longitude,milepost-direction,milepost-distance,milepost-marker,milepost-unit-of-measure,pedestrian-action-code,pedestrian-action-desc,prepared-date,primary-collision-factor-code,primary-collision-factor-violation,primary-collision-factor-is-cited,primary-collision-party-number,primary-road,reporting-district,reporting-district-code,reviewed-date,roadway-surface-code,secondary-direction,secondary-distance,secondary-road,secondary-unit-of-measure,sketch-desc,traffic-control-device-code,created-date,modified-date,is-county-road,is-freeway,chp-555-version,is-additonal-object-struck,notification-date,notification-time-description,has-digital-media-files,evidence-number,is-location-refer-to-narrative,is-aoi-one-same-as-location
2521279,23-022680,2,False,0109,5/7/2023 5:20:00 PM,1720,31Y,14,109,Oakland,1,True,True,B,SIDE SWIPE,,Sunday,,,M,,False,False,False,,C,OTHER MOTOR VEHICLE,,0,0,CLEAR,,NO UNUSUAL CONDITIONS - NO UNUSUAL CONDITIONS,,A,DAYLIGHT,,,,,,,A,NO PEDESTRIANS INVOLVED,,A,22107,,1,98TH AV,2,,,A,,,AIRPORT ACCESS RD,,,D,7/23/2024 9:11:48 AM,1/28/2025 1:54:35 PM,,,2,,,,,,,
2521276,23-024814,2,False,0109,5/18/2023 8:04:00 AM,804,30X,14,109,Oakland,1,True,True,B,SIDE SWIPE,,Thursday,,,,,False,False,False,,C,OTHER MOTOR VEHICLE,,0,0,CLOUDY,,NO UNUSUAL CONDITIONS - NO UNUSUAL CONDITIONS,,A,DAYLIGHT,,,,,,,A,NO PEDESTRIANS INVOLVED,,A,21658A,,1,78TH AV,2,,,A,N,20.0,HOLLY ST,F,,D,7/23/2024 9:11:47 AM,1/28/2025 1:54:35 PM,,,2,,,,,,,
2521275,23-0005714,2,False,0109,4/13/2023 7:51:00 AM,751,19X,14,109,Oakland,1,True,True,B,SIDE SWIPE,,Thursday,,,,,False,False,False,,C,OTHER MOTOR VEHICLE,,0,0,CLEAR,,NO UNUSUAL CONDITIONS - NO UNUSUAL CONDITIONS,,A,DAYLIGHT,,,,,,,A,NO PEDESTRIANS INVOLVED,,D,,,,21ST AV,3,,,A,N,50.0,E 12TH ST,F,,D,7/23/2024 9:11:47 AM,1/28/2025 1:54:35 PM,,,2,,,,,,,
2521269,23-022211,2,False,0109,5/9/2023 5:36:00 PM,1736,05Y,14,109,Oakland,1,True,True,C,REAR END,,Tuesday,,,,,False,False,False,,C,OTHER MOTOR VEHICLE,,1,0,RAINING,,NO UNUSUAL CONDITIONS - NO UNUSUAL CONDITIONS,,A,DAYLIGHT,,,,,,,A,NO PEDESTRIANS INVOLVED,,A,23152A,,1,W GRAND AV,1,,,B,W,20.0,FRONTAGE RD,F,,A,7/23/2024 9:11:47 AM,1/28/2025 1:54:34 PM,,,2,,,,,,,
2521259,22-023146,2,False,0109,5/19/2023 9:00:00 PM,2100,35X,14,109,Oakland,1,True,True,A,HEAD-ON,,Friday,,,M,,False,False,False,,E,PARKED MOTOR VEHICLE,,0,0,CLEAR,,NO UNUSUAL CONDITIONS - NO UNUSUAL CONDITIONS,,E,DARK-STREET LIGHTS NOT FUNCTIONING*,,,,,,,A,NO PEDESTRIANS INVOLVED,,A,22107,,1,84TH AV,5,,,A,N,50.0,BANCROFT AV,F,,A,7/23/2024 9:11:47 AM,1/28/2025 1:54:34 PM,,,2,,,,,,,
2521255,23-022261,2,False,0109,5/5/2023 11:50:00 PM,2350,21X,14,109,Oakland,1,True,True,E,HIT OBJECT,,Friday,,,,,False,False,False,,I,FIXED OBJECT,,0,0,CLEAR,,NO UNUSUAL CONDITIONS - NO UNUSUAL CONDITIONS,,C,DARK-STREET LIGHTS,,,,,,,A,NO PEDESTRIANS INVOLVED,,A,22106,,1,E 29TH ST,2,,,A,E,20.0,25TH ST,F,,D,7/23/2024 9:11:46 AM,1/28/2025 1:54:34 PM,,,2,,,,,,,
2521252,23-022051,2,False,0109,5/6/2023 8:23:00 PM,2023,26X,14,109,Oakland,1,True,True,C,REAR END,,Saturday,,,M,,False,False,False,,E,PARKED MOTOR VEHICLE,,0,0,CLEAR,,,,C,DARK-STREET LIGHTS,,,,,,,A,NO PEDESTRIANS INVOLVED,,A,22107,,1,50TH AV,2,,,A,,,E 8TH ST,,,D,7/23/2024 9:11:46 AM,1/28/2025 1:54:33 PM,,,2,,,,,,,
2521248,23-022637,2,False,0109,5/7/2023 12:46:00 PM,1246,14Y,14,109,Oakland,1,True,True,D,BROADSIDE,,Sunday,,,,,False,False,False,,G,BICYCLE,,1,0,CLEAR,,NO UNUSUAL CONDITIONS - NO UNUSUAL CONDITIONS,,A,DAYLIGHT,,,,,,,E,IN ROAD - INCLUDES SHOULDER,,D,,,,SANTA CLARA AV,1,,,A,,,JEAN ST,,,D,7/23/2024 9:11:46 AM,1/28/2025 1:54:33 PM,,,2,,,,,,,
2521230,23-025341,2,False,0109,5/21/2023 12:05:00 AM,5,08X,14,109,Oakland,1,True,True,A,HEAD-ON,,Sunday,,,,,False,False,False,,E,PARKED MOTOR VEHICLE,,0,0,CLEAR,,NO UNUSUAL CONDITIONS - NO UNUSUAL CONDITIONS,,C,DARK-STREET LIGHTS,,,,,,,A,NO PEDESTRIANS INVOLVED,,A,21658A,,1,MANILA AV,1,,,A,N,100.0,W MACARTHUR,F,,D,7/23/2024 9:11:45 AM,1/28/2025 1:54:32 PM,,,2,,,,,,,
2521226,23-015205,2,False,0109,3/29/2023 10:38:00 AM,1038,30Y,14,109,Oakland,1,True,True,H,OTHER,,Wednesday,,,,,False,False,False,,C,OTHER MOTOR VEHICLE,,2,0,CLOUDY,RAINING,NO UNUSUAL CONDITIONS - NO UNUSUAL CONDITIONS,,A,DAYLIGHT,,,,,,,A,NO PEDESTRIANS INVOLVED,,A,22107,,1,OUTLOOK AV,2,,,B,E,15.0,76TH AV,F,,D,7/23/2024 9:11:45 AM,1/28/2025 1:54:32 PM,,,2,,,,,,,
2521222,23-015441,2,False,0109,3/30/2023 10:07:00 AM,1007,05Y,14,109,Oakland,1,True,True,B,SIDE SWIPE,,Thursday,,,,,False,False,False,,,,,0,0,CLEAR,,NO UNUSUAL CONDITIONS - NO UNUSUAL CONDITIONS,,A,DAYLIGHT,,,,,,,A,NO PEDESTRIANS INVOLVED,,D,,,,MIDDLE HARBOR RD,1,,,A,N,500.0,MARITIME,F,,D,7/23/2024 9:11:45 AM,1/28/2025 1:54:32 PM,,,2,,,,,,,
2521221,23-013492,2,False,0109,3/18/2023 6:39:00 PM,1839,06X,14,109,Oakland,1,True,True,B,SIDE SWIPE,,Saturday,,,M,,False,False,False,,C,OTHER MOTOR VEHICLE,,1,0,CLEAR,,NO UNUSUAL CONDITIONS - NO UNUSUAL CONDITIONS,,A,DAYLIGHT,,,,,,,A,NO PEDESTRIANS INVOLVED,,A,22350,,1,MARKET ST,1,,,A,,,36TH ST,,,A,7/23/2024 9:11:45 AM,1/28/2025 1:54:32 PM,,,2,,,,,,,
2521217,23-007667,2,False,0109,2/13/2023 12:15:00 AM,15,31Z,14,109,Oakland,1,True,True,H,OTHER,,Monday,,,M,,False,False,True,,E,PARKED MOTOR VEHICLE,,0,0,CLEAR,,NO UNUSUAL CONDITIONS - NO UNUSUAL CONDITIONS,,C,DARK-STREET LIGHTS,,,,,,,A,NO PEDESTRIANS INVOLVED,,A,22106,,1,BERNHARDT DR,2,,,A,E,100.0,MALTA CT,F,,D,7/23/2024 9:11:44 AM,1/28/2025 1:54:32 PM,,,2,,,,,,,
2521215,23-013768,2,False,0109,3/20/2023 5:05:00 PM,1705,34X,14,109,Oakland,1,True,True,B,SIDE SWIPE,,Monday,,,,,False,False,False,,C,OTHER MOTOR VEHICLE,,1,0,CLEAR,,NO UNUSUAL CONDITIONS - NO UNUSUAL CONDITIONS,,A,DAYLIGHT,,,,,,,A,NO PEDESTRIANS INVOLVED,,A,22450A,,1,84TH AV,2,,,A,,,BIRCH ST,,,A,7/23/2024 9:11:44 AM,1/28/2025 1:54:31 PM,,,2,,,,,,,
2521210,23-013388,2,False,0109,3/18/2023 2:46:00 AM,246,32Y,14,109,Oakland,1,True,True,H,OTHER,,Saturday,,,M,,False,False,True,,E,PARKED MOTOR VEHICLE,,0,0,RAINING,,NO UNUSUAL CONDITIONS - NO UNUSUAL CONDITIONS,,C,DARK-STREET LIGHTS,,,,,,,A,NO PEDESTRIANS INVOLVED,,A,22107,,1,FOOTHILL BL,2,,,B,,,FRAZIER AV,,,D,7/23/2024 9:11:44 AM,1/28/2025 1:54:31 PM,,,2,,,,,,,
2521196,23-015969,2,False,0109,4/2/2023 5:41:00 PM,1741,23X,14,109,Oakland,1,True,True,B,SIDE SWIPE,,Sunday,,,,,False,False,False,,C,OTHER MOTOR VEHICLE,,1,0,CLEAR,,NO UNUSUAL CONDITIONS - NO UNUSUAL CONDITIONS,,A,DAYLIGHT,,,,,,,A,NO PEDESTRIANS INVOLVED,,A,216551,,1,INTERNATIONAL BL,2,,,A,W,90.0,35TH AV,F,,A,7/23/2024 9:11:43 AM,1/28/2025 1:54:30 PM,,,2,,,,,,,
2521194,23-015947,2,False,0109,4/2/2023 2:23:00 PM,1423,26X,14,109,Oakland,1,True,True,A,HEAD-ON,,Sunday,,,,,False,False,False,,G,BICYCLE,,1,0,CLEAR,,NO UNUSUAL CONDITIONS - NO UNUSUAL CONDITIONS,,A,DAYLIGHT,,,,,,,C,CROSSING IN CROSS WALK - NOT AT INTERSECTION,,A,21802A,,1,SAN LEANDRO AV,2,,,A,,,66TH AV,,,A,7/23/2024 9:11:43 AM,1/28/2025 1:54:30 PM,,,2,,,,,,,
2521193,23-015931,2,False,0109,4/2/2023 12:39:00 PM,1239,23X,14,109,Oakland,1,True,True,D,BROADSIDE,,Sunday,,,M,,False,False,False,,C,OTHER MOTOR VEHICLE,,1,0,CLEAR,,NO UNUSUAL CONDITIONS - NO UNUSUAL CONDITIONS,,A,DAYLIGHT,,,,,,,A,NO PEDESTRIANS INVOLVED,,A,22450A,,1,39TH AV,2,,,A,,,E 12TH ST,,,D,7/23/2024 9:11:43 AM,1/28/2025 1:54:30 PM,,,2,,,,,,,
2521190,23-015408,2,False,0109,3/30/2023 12:50:00 PM,1250,34X,14,109,Oakland,1,True,True,C,REAR END,,Thursday,,,F,,False,False,False,,G,BICYCLE,,1,0,CLEAR,,NO UNUSUAL CONDITIONS - NO UNUSUAL CONDITIONS,,A,DAYLIGHT,,,,,,,A,NO PEDESTRIANS INVOLVED,,A,21209A,,1,BANCROFT AV,2,,,A,W,60.0,96TH AV,F,,A,7/23/2024 9:11:43 AM,1/28/2025 1:54:30 PM,,,2,,,,,,,
2521149,23-016403,2,False,0109,4/4/2023 10:07:00 PM,2207,19X,14,109,Oakland,1,True,True,D,BROADSIDE,,Tuesday,,,,,False,False,False,,C,OTHER MOTOR VEHICLE,,0,0,CLEAR,,NO UNUSUAL CONDITIONS - NO UNUSUAL CONDITIONS,,C,DARK-STREET LIGHTS,,,,,,,A,NO PEDESTRIANS INVOLVED,,A,21453A,,,E 12TH ST,1,,,A,,,14TH AV,,,A,7/23/2024 9:11:40 AM,1/28/2025 1:54:28 PM,,,2,,,,,,,
2521148,23-016069,2,False,0109,4/3/2023 4:58:00 AM,458,20X,14,109,Oakland,1,True,True,A,HEAD-ON,,Monday,,,,,False,False,False,,J,OTHER OBJECT,,0,0,CLEAR,,NO UNUSUAL CONDITIONS - NO UNUSUAL CONDITIONS,,A,DAYLIGHT,,,,,,,A,NO PEDESTRIANS INVOLVED,,A,22107,,1,E 15TH ST,2,,,A,,,26TH AV,,,D,7/23/2024 9:11:40 AM,1/28/2025 1:54:28 PM,,,2,,,,,,,
2521147,23-016556,2,False,0109,4/5/2023 7:45:00 PM,1945,31X,14,109,Oakland,1,True,True,C,REAR END,,Wednesday,,,,,False,False,False,,C,OTHER MOTOR VEHICLE,,0,0,CLEAR,,NO UNUSUAL CONDITIONS - NO UNUSUAL CONDITIONS,,B,DUSK-DAWN,,,,,,,A,NO PEDESTRIANS INVOLVED,,A,22350,,1,HEGENBERGER RD,2,,,A,S,2700.0,HAMILTON ST,F,,D,7/23/2024 9:11:40 AM,1/28/2025 1:54:28 PM,,,2,,,,,,,
2521146,23-016025,2,False,0109,4/3/2023 3:42:00 AM,342,21X,14,109,Oakland,1,True,True,A,HEAD-ON,,Monday,,,M,,False,False,False,,I,FIXED OBJECT,,0,0,CLEAR,,NO UNUSUAL CONDITIONS - NO UNUSUAL CONDITIONS,,C,DARK-STREET LIGHTS,,,,,,,A,NO PEDESTRIANS INVOLVED,,A,22107,,1,SUNSET AV,2,,,A,,,E 27TH ST,,,D,7/23/2024 9:11:40 AM,1/28/2025 1:54:28 PM,,,2,,,,,,,
2521145,23-016024,2,False,0109,4/3/2023 5:25:00 AM,525,30X,14,109,Oakland,1,True,True,A,HEAD-ON,,Monday,,,M,,False,False,False,,E,PARKED MOTOR VEHICLE,,0,0,CLEAR,,NO UNUSUAL CONDITIONS - NO UNUSUAL CONDITIONS,,C,DARK-STREET LIGHTS,,,,,,,A,NO PEDESTRIANS INVOLVED,,A,22107,,1,67TH AV,2,,,A,N,420.0,AVENAL AV,F,,D,7/23/2024 9:11:40 AM,1/28/2025 1:54:28 PM,,,2,,,,,,,
2521140,23-021108,2,False,0109,4/29/2023 11:53:00 PM,2353,27X,14,109,Oakland,1,True,True,A,HEAD-ON,,Saturday,,,,,False,False,False,,E,PARKED MOTOR VEHICLE,,0,0,CLEAR,,,,B,DUSK-DAWN,,,,,,,A,NO PEDESTRIANS INVOLVED,,A,23152A,,1,HIGH ST,2,,,A,S,150.0,SAN CARLOS AV,F,,D,7/23/2024 9:11:40 AM,1/28/2025 1:54:28 PM,,,2,,,,,,,
2521022,23-025147,2,False,0109,5/19/2023 7:00:00 PM,1900,27X,14,109,Oakland,1,True,True,A,HEAD-ON,,Friday,,,,,False,False,False,,C,OTHER MOTOR VEHICLE,,1,0,CLEAR,,NO UNUSUAL CONDITIONS - NO UNUSUAL CONDITIONS,,A,DAYLIGHT,,,,,,,A,NO PEDESTRIANS INVOLVED,,A,22101D,,1,INTERNATIONAL BL,2,,,A,,,60TH AV,,,D,7/23/2024 9:11:32 AM,1/28/2025 1:54:21 PM,,,2,,,,,,,
2521021,23-025092,2,False,0109,5/19/2023 12:44:00 PM,1244,27X,14,109,Oakland,1,True,True,D,BROADSIDE,,Friday,,,M,,False,False,False,,C,OTHER MOTOR VEHICLE,,1,0,CLEAR,,NO UNUSUAL CONDITIONS - NO UNUSUAL CONDITIONS,,A,DAYLIGHT,,,,,,,A,NO PEDESTRIANS INVOLVED,,A,22107,,1,FOOTHILL BL,2,,,A,,,HIGH ST,,,A,7/23/2024 9:11:32 AM,1/28/2025 1:54:21 PM,,,2,,,,,,,
2521020,23-024537,2,False,0109,5/16/2023 7:35:00 PM,1935,19X,14,109,Oakland,1,True,True,D,BROADSIDE,,Tuesday,,,M,,False,False,True,,C,OTHER MOTOR VEHICLE,,1,0,CLEAR,,NO UNUSUAL CONDITIONS - NO UNUSUAL CONDITIONS,,A,DAYLIGHT,,,,,,,A,NO PEDESTRIANS INVOLVED,,A,21453A,,1,INTERNATIONAL BL,1,,,A,,,20TH AV,,,A,7/23/2024 9:11:32 AM,1/28/2025 1:54:21 PM,,,2,,,,,,,
2521019,23-024959,2,False,0109,5/18/2023 6:16:00 PM,1816,23X,14,109,Oakland,1,True,True,H,OTHER,,Thursday,,,M,,False,False,False,,G,BICYCLE,,1,0,CLEAR,,NO UNUSUAL CONDITIONS - NO UNUSUAL CONDITIONS,,A,DAYLIGHT,,,,,,,A,NO PEDESTRIANS INVOLVED,,A,22450A,,1,E 12TH ST,2,,,A,,,39TH AV,,,A,7/23/2024 9:11:32 AM,1/28/2025 1:54:21 PM,,,2,,,,,,,
2521018,23-023943,2,False,0109,5/13/2023 6:48:00 PM,1848,27X,14,109,Oakland,1,True,True,D,BROADSIDE,,Saturday,,,M,,False,False,False,,C,OTHER MOTOR VEHICLE,,1,0,CLEAR,,NO UNUSUAL CONDITIONS - NO UNUSUAL CONDITIONS,,A,DAYLIGHT,,,,,,,A,NO PEDESTRIANS INVOLVED,,A,21453A,,1,FOOTHILL BL,2,,,A,,,VICKSBURG AV,,,A,7/23/2024 9:11:32 AM,1/28/2025 1:54:21 PM,,,2,,,,,,,
2521017,23-024521,2,False,0109,5/16/2023 6:01:00 PM,1801,14X,14,109,Oakland,1,True,True,H,OTHER,,Tuesday,,,M,,False,False,False,,G,BICYCLE,,1,0,CLEAR,,NO UNUSUAL CONDITIONS - NO UNUSUAL CONDITIONS,,A,DAYLIGHT,,,,,,,A,NO PEDESTRIANS INVOLVED,,A,22517,,1,GRAND AV,1,,,A,E,10.0,PARK VIEW TER,F,,A,7/23/2024 9:11:32 AM,1/28/2025 1:54:21 PM,,,2,,,,,,,
2521016,23-023203,2,False,0109,5/10/2023 9:30:00 AM,930,23X,14,109,Oakland,1,True,True,D,BROADSIDE,,Wednesday,,,,,False,False,False,,C,OTHER MOTOR VEHICLE,,1,0,CLOUDY,,NO UNUSUAL CONDITIONS - NO UNUSUAL CONDITIONS,,A,DAYLIGHT,,,,,,,A,NO PEDESTRIANS INVOLVED,,A,21801A,,1,INTERNATIONAL BL,2,,,A,,,38TH AV,,,A,7/23/2024 9:11:32 AM,1/28/2025 1:54:21 PM,,,2,,,,,,,
2521014,23-023098,2,False,0109,5/9/2023 4:43:00 PM,1643,13Y,14,109,Oakland,1,True,True,H,OTHER,,Tuesday,,,,,False,False,False,,G,BICYCLE,,1,0,CLEAR,,NO UNUSUAL CONDITIONS - NO UNUSUAL CONDITIONS,,A,DAYLIGHT,,,,,,,E,IN ROAD - INCLUDES SHOULDER,,A,22350,,1,THORNHILL DR,1,,,A,S,50.0,MORAGA AV,F,,A,7/23/2024 9:11:32 AM,1/28/2025 1:54:21 PM,,,2,,,,,,,
2521013,23-023095,2,False,0109,5/9/2023 4:30:00 PM,1630,,14,109,Oakland,1,True,True,D,BROADSIDE,,Tuesday,,,,,False,False,True,,C,OTHER MOTOR VEHICLE,,2,0,CLEAR,,NO UNUSUAL CONDITIONS - NO UNUSUAL CONDITIONS,,A,DAYLIGHT,,,,,,,A,NO PEDESTRIANS INVOLVED,,A,21453A,,,14TH ST,1,,,A,,,FRANKLIN ST,,,A,7/23/2024 9:11:32 AM,1/28/2025 1:54:21 PM,,,2,,,,,,,
2521012,23-023769,2,False,0109,5/12/2023 9:48:00 PM,2148,31Z,14,109,Oakland,1,True,True,D,BROADSIDE,,Friday,,,M,,False,False,False,,C,OTHER MOTOR VEHICLE,,1,0,CLEAR,,,,C,DARK-STREET LIGHTS,,,,,,,A,NO PEDESTRIANS INVOLVED,,A,22107,,1,SAN LEANDRO ST,2,,,A,W,200.0,100TH AV,F,,D,7/23/2024 9:11:32 AM,1/28/2025 1:54:21 PM,,,2,,,,,,,
2521011,23-022254,2,False,0109,5/5/2023 10:08:00 PM,2208,33X,14,109,Oakland,1,True,True,A,HEAD-ON,,Friday,,,M,,False,False,True,,C,OTHER MOTOR VEHICLE,,2,0,RAINING,,NO UNUSUAL CONDITIONS - NO UNUSUAL CONDITIONS,,C,DARK-STREET LIGHTS,,,,,,,A,NO PEDESTRIANS INVOLVED,,A,22107,,1,B ST,2,,,B,W,8.0,ELMHURST AV,F,,A,7/23/2024 9:11:32 AM,1/28/2025 1:54:21 PM,,,2,,,,,,,
2521010,23-025136,2,False,0109,5/19/2023 5:55:00 PM,1755,23X,14,109,Oakland,1,True,True,B,SIDE SWIPE,,Friday,,,M,,False,False,False,,B,PEDESTRIAN,,1,0,CLEAR,,NO UNUSUAL CONDITIONS - NO UNUSUAL CONDITIONS,,A,DAYLIGHT,,,,,,,C,CROSSING IN CROSS WALK - NOT AT INTERSECTION,,A,21950A,,1,INTERNATIONAL BL,2,,,A,E,30.0,34TH AV,F,,A,7/23/2024 9:11:32 AM,1/28/2025 1:54:21 PM,,,2,,,,,,,
2521009,23-026083,2,False,0109,5/24/2023 10:06:00 PM,2206,27X,14,109,Oakland,1,True,True,D,BROADSIDE,,Wednesday,,,M,,False,False,False,,C,OTHER MOTOR VEHICLE,,1,0,CLEAR,,NO UNUSUAL CONDITIONS - NO UNUSUAL CONDITIONS,,C,DARK-STREET LIGHTS,,,,,,,A,NO PEDESTRIANS INVOLVED,,A,21453A,,1,INTERNATIONAL BL,2,,,A,,,52ND AV,,,A,7/23/2024 9:11:32 AM,1/28/2025 1:54:21 PM,,,2,,,,,,,
2521008,23-025464,2,False,0109,5/21/2023 10:40:00 PM,2240,10X,14,109,Oakland,1,True,True,D,BROADSIDE,,Sunday,,,,,False,False,False,,C,OTHER MOTOR VEHICLE,,1,0,CLEAR,,NO UNUSUAL CONDITIONS - NO UNUSUAL CONDITIONS,,C,DARK-STREET LIGHTS,,,,,,,A,NO PEDESTRIANS INVOLVED,,A,21802A,,1,SAN PABLO AV,1,,,A,,,61ST ST,,,A,7/23/2024 9:11:32 AM,1/28/2025 1:54:21 PM,,,2,,,,,,,
2521007,23-024864,2,False,0109,5/18/2023 11:12:00 AM,1112,02Y,14,109,Oakland,1,True,True,D,BROADSIDE,,Thursday,,,M,,False,False,False,,C,OTHER MOTOR VEHICLE,,1,0,CLEAR,,NO UNUSUAL CONDITIONS - NO UNUSUAL CONDITIONS,,A,DAYLIGHT,,,,,,,A,NO PEDESTRIANS INVOLVED,,A,21453A,,1,8TH ST,1,,,A,,,CENTER ST,,,D,7/23/2024 9:11:31 AM,1/28/2025 1:54:21 PM,,,2,,,,,,,
2520898,23-014229,2,False,0109,3/23/2023 12:04:00 PM,1204,,14,109,Oakland,1,True,True,G,VEHICLE/PEDESTRAIN,,Thursday,,,F,,False,False,False,,B,PEDESTRIAN,,1,0,CLEAR,,NO UNUSUAL CONDITIONS - NO UNUSUAL CONDITIONS,,A,DAYLIGHT,,,,,,,D,CROSSING - NOT IN CROSSWALK,,A,22350,,2,BROADWAY,1,,,A,S,100.0,42ND ST,F,,A,7/23/2024 9:11:25 AM,1/28/2025 1:54:15 PM,,,2,,,,,,,
2520897,23-014341,2,False,0109,3/24/2023 5:17:00 AM,517,31X,14,109,Oakland,1,True,True,D,BROADSIDE,,Friday,,,,,False,False,False,,C,OTHER MOTOR VEHICLE,,1,0,CLEAR,,NO UNUSUAL CONDITIONS - NO UNUSUAL CONDITIONS,,C,DARK-STREET LIGHTS,,,,,,,A,NO PEDESTRIANS INVOLVED,,A,21802A,,1,EDGEWATER DR,2,,,A,,,ROLAND WY,,,D,7/23/2024 9:11:25 AM,1/28/2025 1:54:15 PM,,,2,,,,,,,
2520896,23-013527,2,False,0109,3/19/2023 10:37:00 PM,2237,24Y,14,109,Oakland,1,True,True,G,VEHICLE/PEDESTRAIN,,Sunday,,,,,False,False,False,,B,PEDESTRIAN,,1,0,CLEAR,,NO UNUSUAL CONDITIONS - NO UNUSUAL CONDITIONS,,C,DARK-STREET LIGHTS,,,,,,,B,CROSSING IN CROSS WALK AT INTERSECTION,,A,21950A,,1,35TH AV,2,,,A,,,MANGELS AV,,,A,7/23/2024 9:11:25 AM,1/28/2025 1:54:15 PM,,,2,,,,,,,
2520895,23-014129,2,False,0109,3/22/2023 6:32:00 PM,1832,19X,14,109,Oakland,1,True,True,D,BROADSIDE,,Wednesday,,,M,,False,False,True,,C,OTHER MOTOR VEHICLE,,1,0,CLEAR,,NO UNUSUAL CONDITIONS - NO UNUSUAL CONDITIONS,,A,DAYLIGHT,,,,,,,A,NO PEDESTRIANS INVOLVED,,A,21752,,1,E 10TH ST,1,,,A,,,4TH AV,,,A,7/23/2024 9:11:25 AM,1/28/2025 1:54:15 PM,,,2,,,,,,,
2520894,23-012200,2,False,0109,3/11/2023 4:20:00 PM,1620,23X,14,109,Oakland,1,True,True,A,HEAD-ON,,Saturday,,,M,,False,False,False,,I,FIXED OBJECT,,1,0,CLEAR,,NO UNUSUAL CONDITIONS - NO UNUSUAL CONDITIONS,,A,DAYLIGHT,,,,,,,A,NO PEDESTRIANS INVOLVED,,A,22350,,1,42ND AV,2,,,B,,,OAKPORT ST,,,A,7/23/2024 9:11:25 AM,1/28/2025 1:54:14 PM,,,2,,,,,,,
2520893,23-012136,2,False,0109,3/11/2023 9:50:00 AM,950,12X,14,109,Oakland,1,True,True,C,REAR END,,Saturday,,,,,False,False,False,,C,OTHER MOTOR VEHICLE,,1,0,CLOUDY,,NO UNUSUAL CONDITIONS - NO UNUSUAL CONDITIONS,,A,DAYLIGHT,,,,,,,A,NO PEDESTRIANS INVOLVED,,A,22350,,1,CLAREMONT AV,1,,,A,,,CHABOT RD,,,D,7/23/2024 9:11:25 AM,1/28/2025 1:54:14 PM,,,2,,,,,,,
2520892,23-013461,2,False,0109,3/18/2023 3:26:00 PM,1526,30X,14,109,Oakland,1,True,True,C,REAR END,,Saturday,,,,,False,False,False,,C,OTHER MOTOR VEHICLE,,1,0,CLOUDY,,NO UNUSUAL CONDITIONS - NO UNUSUAL CONDITIONS,,A,DAYLIGHT,,,,,,,A,NO PEDESTRIANS INVOLVED,,A,22350,,1,INTERNATIONAL BL,2,,,A,W,20.0,73RD AV,F,,A,7/23/2024 9:11:25 AM,1/28/2025 1:54:14 PM,,,2,,,,,,,
2520891,23-010989,2,False,0109,3/5/2023 7:53:00 AM,753,26Y,14,109,Oakland,1,True,True,E,HIT OBJECT,,Sunday,,,,,False,False,False,,I,FIXED OBJECT,,1,0,CLEAR,RAINING,NO UNUSUAL CONDITIONS - NO UNUSUAL CONDITIONS,,A,DAYLIGHT,,,,,,,A,NO PEDESTRIANS INVOLVED,,A,22107,,1,HAWLEY ST,2,,,B,W,50.0,69TH AV,F,,B,7/23/2024 9:11:25 AM,1/28/2025 1:54:14 PM,,,2,,,,,,,
2520890,23-014103,2,False,0109,3/22/2023 4:30:00 PM,1630,23X,14,109,Oakland,1,True,True,H,OTHER,,Wednesday,,,F,,False,False,False,,G,BICYCLE,,1,0,CLOUDY,,NO UNUSUAL CONDITIONS - NO UNUSUAL CONDITIONS,,A,DAYLIGHT,,,,,,,A,NO PEDESTRIANS INVOLVED,,D,,,,FRUITVALE AV,2,,,A,,,FOOTHILL BL,,,D,7/23/2024 9:11:25 AM,1/28/2025 1:54:14 PM,,,2,,,,,,,
2520889,23-010753,2,False,0109,3/3/2023 8:55:00 PM,2055,11X,14,109,Oakland,1,True,True,B,SIDE SWIPE,,Friday,,,,,False,False,False,,B,PEDESTRIAN,,1,0,CLEAR,,,,C,DARK-STREET LIGHTS,,,,,,,B,CROSSING IN CROSS WALK AT INTERSECTION,,A,21950A,,1,TELEGRAPH AV,1,,,A,,,ALCATRAZ AV,,,A,7/23/2024 9:11:25 AM,1/28/2025 1:54:14 PM,,,2,,,,,,,
2520887,23-011573,2,False,0109,3/8/2023 12:25:00 AM,25,30X,14,109,Oakland,1,True,True,A,HEAD-ON,,Wednesday,,,M,,False,False,False,,C,OTHER MOTOR VEHICLE,,1,0,CLOUDY,,NO UNUSUAL CONDITIONS - NO UNUSUAL CONDITIONS,,A,DAYLIGHT,,,,,,,A,NO PEDESTRIANS INVOLVED,,A,22450A,,1,78TH AV,2,,,A,,,WELD ST,,,A,7/23/2024 9:11:25 AM,1/28/2025 1:54:14 PM,,,2,,,,,,,
2520874,23-019404,2,False,0109,4/20/2023 4:45:00 PM,1645,23X,14,109,Oakland,1,True,True,B,SIDE SWIPE,,Thursday,,,,,False,False,False,,C,OTHER MOTOR VEHICLE,,1,0,CLEAR,,NO UNUSUAL CONDITIONS - NO UNUSUAL CONDITIONS,,A,DAYLIGHT,,,,,,,A,NO PEDESTRIANS INVOLVED,,A,21802A,,1,HIGH ST,2,,,A,,,E 12TH ST,,,A,7/23/2024 9:11:24 AM,1/28/2025 1:54:13 PM,,,2,,,,,,,
2520873,23-019065,2,False,0109,4/18/2023 7:57:00 PM,1957,34X,14,109,Oakland,1,True,True,D,BROADSIDE,,Tuesday,,,M,,False,False,False,,C,OTHER MOTOR VEHICLE,,1,0,CLEAR,,NO UNUSUAL CONDITIONS - NO UNUSUAL CONDITIONS,,C,DARK-STREET LIGHTS,,,,,,,A,NO PEDESTRIANS INVOLVED,,A,21801A,,1,96TH AV,2,,,A,,,INTERNATIONAL BL,,,A,7/23/2024 9:11:24 AM,1/28/2025 1:54:13 PM,,,2,,,,,,,