collision-id,report-number,report-version,is-preliminary,ncic-code,crash-date-time,crash-time-description,beat,city-id,city-code,city-name,county-code,city-is-active,city-is-incorporated,collision-type-code,collision-type-description,collision-type-other-desc,day-of-week,dispatch-notified,has-photographs,hit-run,is-attachments-mailed,is-deleted,is-highway-related,is-tow-away,judicial-district,motor-vehicle-involved-with-code,motor-vehicle-involved-with-desc,motor-vehicle-involved-with-other-desc,number-injured,number-killed,weather-1,weather-2,road-condition-1,road-condition-2,special-condition-lighting-code,lighting-description,latitude,longitude,milepost-direction,milepost-distance,milepost-marker,milepost-unit-of-measure,pedestrian-action-code,pedestrian-action-desc,prepared-date,primary-collision-factor-code,primary-collision-factor-violation,primary-collision-factor-is-cited,primary-collision-party-number,primary-road,reporting-district,reporting-district-code,reviewed-date,roadway-surface-code,secondary-direction,secondary-distance,secondary-road,secondary-unit-of-measure,sketch-desc,traffic-control-device-code,created-date,modified-date,is-county-road,is-freeway,chp-555-version,is-additonal-object-struck,notification-date,notification-time-description,has-digital-media-files,evidence-number,is-location-refer-to-narrative,is-aoi-one-same-as-location
2520872,23-020124,2,False,0109,4/24/2023 4:56:00 PM,1656,14X,14,109,Oakland,1,True,True,H,OTHER,,Monday,,,,,False,False,False,,A,NON-COLLISION,,1,0,CLEAR,,NO UNUSUAL CONDITIONS - NO UNUSUAL CONDITIONS,,A,DAYLIGHT,,,,,,,A,NO PEDESTRIANS INVOLVED,,A,22350,,1,GRAND AV,1,,,A,S,200.0,PERKINS ST,F,,A,7/23/2024 9:11:24 AM,1/28/2025 1:54:13 PM,,,2,,,,,,,
2520871,23-020205,2,False,0109,4/25/2023 8:18:00 AM,818,17X,14,109,Oakland,1,True,True,D,BROADSIDE,,Tuesday,,,,,False,False,False,,C,OTHER MOTOR VEHICLE,,2,0,CLEAR,,NO UNUSUAL CONDITIONS - NO UNUSUAL CONDITIONS,,A,DAYLIGHT,,,,,,,A,NO PEDESTRIANS INVOLVED,,A,21804A,,1,PARK BL,1,,,A,N,100.0,CLEVELAND,F,,D,7/23/2024 9:11:24 AM,1/28/2025 1:54:13 PM,,,2,,,,,,,
2520870,23-017435,2,False,0109,4/11/2023 6:19:00 PM,1819,19X,14,109,Oakland,1,True,True,H,OTHER,,Tuesday,,,,,False,False,False,,G,BICYCLE,,1,0,CLEAR,,NO UNUSUAL CONDITIONS - NO UNUSUAL CONDITIONS,,A,DAYLIGHT,,,,,,,A,NO PEDESTRIANS INVOLVED,,A,22106,,1,LAKESHORE AV,1,,,A,N,100.0,INTERNATIONAL BL,F,,D,7/23/2024 9:11:24 AM,1/28/2025 1:54:13 PM,,,2,,,,,,,
2520869,23-017104,2,False,0109,4/8/2023 9:36:00 PM,2136,19X,14,109,Oakland,1,True,True,H,OTHER,,Saturday,,,,,False,False,False,,I,FIXED OBJECT,,1,0,CLEAR,,NO UNUSUAL CONDITIONS - NO UNUSUAL CONDITIONS,,C,DARK-STREET LIGHTS,,,,,,,A,NO PEDESTRIANS INVOLVED,,A,22350,,1,EMBARCADERO,1,,,A,W,50.0,16TH AV,F,,D,7/23/2024 9:11:24 AM,1/28/2025 1:54:13 PM,,,2,,,,,,,
2520867,23-020367,2,False,0109,4/26/2023 1:18:00 AM,118,32X,14,109,Oakland,1,True,True,D,BROADSIDE,,Wednesday,,,,,False,False,True,,C,OTHER MOTOR VEHICLE,,2,0,CLEAR,,NO UNUSUAL CONDITIONS - NO UNUSUAL CONDITIONS,,C,DARK-STREET LIGHTS,,,,,,,A,NO PEDESTRIANS INVOLVED,,A,22450A,,1,104TH AV,2,,,A,,,GRAFFIAN ST,,,A,7/23/2024 9:11:24 AM,1/28/2025 1:54:13 PM,,,2,,,,,,,
2520854,23-023221,2,False,0109,5/10/2023 10:38:00 AM,1038,01X,14,109,Oakland,1,True,True,D,BROADSIDE,,Wednesday,,,M,,False,False,True,,C,OTHER MOTOR VEHICLE,,2,0,CLEAR,,NO UNUSUAL CONDITIONS - NO UNUSUAL CONDITIONS,,A,DAYLIGHT,,,,,,,A,NO PEDESTRIANS INVOLVED,,A,22450A,,1,WASHINGTON ST,1,,,A,,,4TH ST,,,A,7/23/2024 9:11:23 AM,1/28/2025 1:54:13 PM,,,2,,,,,,,
2520853,23-023070,2,False,0109,5/9/2023 9:15:00 AM,915,03X,14,109,Oakland,1,True,True,D,BROADSIDE,,Tuesday,,,,,False,False,False,,C,OTHER MOTOR VEHICLE,,3,0,CLEAR,,NO UNUSUAL CONDITIONS - NO UNUSUAL CONDITIONS,,A,DAYLIGHT,,,,,,,A,NO PEDESTRIANS INVOLVED,,A,21453A,,1,HARRISON ST,1,,,A,,,12TH ST,,,A,7/23/2024 9:11:23 AM,1/28/2025 1:54:12 PM,,,2,,,,,,,
2520844,23-016028,2,False,0109,4/2/2023 4:20:00 PM,1620,25X,14,109,Oakland,1,True,True,B,SIDE SWIPE,,Sunday,,,,,False,False,False,,E,PARKED MOTOR VEHICLE,,0,0,CLEAR,,NO UNUSUAL CONDITIONS - NO UNUSUAL CONDITIONS,,A,DAYLIGHT,,,,,,,A,NO PEDESTRIANS INVOLVED,,B,,,1,39TH AV,2,,,A,S,90.0,REDDING ST,F,,A,7/23/2024 9:11:22 AM,1/28/2025 1:54:12 PM,,,2,,,,,,,
2520843,23-020261,2,False,0109,4/23/2023 1:34:00 AM,134,24Y,14,109,Oakland,1,True,True,A,HEAD-ON,,Sunday,,,M,,False,False,True,,E,PARKED MOTOR VEHICLE,,0,0,CLEAR,,NO UNUSUAL CONDITIONS - NO UNUSUAL CONDITIONS,,C,DARK-STREET LIGHTS,,,,,,,A,NO PEDESTRIANS INVOLVED,,A,22107,,1,HUMBOLDT AV,2,,,A,S,329.0,BROOKDALE AV,F,,A,7/23/2024 9:11:22 AM,1/28/2025 1:54:12 PM,,,2,,,,,,,
2520842,23-017389,2,False,0109,4/10/2023 12:32:00 PM,1232,29X,14,109,Oakland,1,True,True,C,REAR END,,Monday,,,,,False,False,False,,C,OTHER MOTOR VEHICLE,,0,0,CLEAR,,NO UNUSUAL CONDITIONS - NO UNUSUAL CONDITIONS,,A,DAYLIGHT,,,,,,,A,NO PEDESTRIANS INVOLVED,,A,22350,,1,CAMDEN ST,2,,,A,W,25.0,62ND AV,F,,D,7/23/2024 9:11:22 AM,1/28/2025 1:54:12 PM,,,2,,,,,,,
2520841,23-017153,2,False,0109,4/9/2023 3:05:00 AM,305,08X,14,109,Oakland,1,True,True,E,HIT OBJECT,,Sunday,,,,,False,False,True,,I,FIXED OBJECT,,0,0,CLEAR,,NO UNUSUAL CONDITIONS - NO UNUSUAL CONDITIONS,,C,DARK-STREET LIGHTS,,,,,,,A,NO PEDESTRIANS INVOLVED,,A,22107,,1,SANTA CLARA AV,1,,,A,W,10.0,MACARTHUR BL,F,,A,7/23/2024 9:11:22 AM,1/28/2025 1:54:12 PM,,,2,,,,,,,
2520833,23-003490,2,False,0109,1/21/2023 2:39:00 AM,239,17X,14,109,Oakland,1,True,True,D,BROADSIDE,,Saturday,,,F,,False,False,True,,C,OTHER MOTOR VEHICLE,,1,0,CLEAR,,NO UNUSUAL CONDITIONS - NO UNUSUAL CONDITIONS,,C,DARK-STREET LIGHTS,,,,,,,A,NO PEDESTRIANS INVOLVED,,A,21801A,,1,14TH AV,1,,,A,S,10.0,E 31ST ST,F,,A,7/23/2024 9:11:22 AM,1/28/2025 1:54:11 PM,,,2,,,,,,,
2520828,23-000800,2,False,0109,1/5/2023 2:55:00 PM,1455,30X,14,109,Oakland,1,True,True,B,SIDE SWIPE,,Thursday,,,M,,False,False,False,,C,OTHER MOTOR VEHICLE,,0,0,CLEAR,,NO UNUSUAL CONDITIONS - NO UNUSUAL CONDITIONS,,A,DAYLIGHT,,,,,,,A,NO PEDESTRIANS INVOLVED,,A,22107,,2,INTERNATIONAL BL,2,,,A,N,30.0,80TH AV,F,,D,7/23/2024 9:11:22 AM,1/28/2025 1:54:11 PM,,,2,,,,,,,
2520827,23-002396,2,False,0109,1/14/2023 8:21:00 PM,2021,23X,14,109,Oakland,1,True,True,B,SIDE SWIPE,,Saturday,,,M,,False,False,False,,C,OTHER MOTOR VEHICLE,,0,0,CLOUDY,,NO UNUSUAL CONDITIONS - NO UNUSUAL CONDITIONS,,C,DARK-STREET LIGHTS,,,,,,,A,NO PEDESTRIANS INVOLVED,,A,21453A,,1,FRUITVALE AV,2,,,B,,,E 15TH ST,,,A,7/23/2024 9:11:21 AM,1/28/2025 1:54:11 PM,,,2,,,,,,,
2520822,23-022085,2,False,0109,5/5/2023 8:30:00 AM,830,19X,14,109,Oakland,1,True,True,D,BROADSIDE,,Friday,,,,,False,False,False,,C,OTHER MOTOR VEHICLE,,0,0,CLEAR,,NO UNUSUAL CONDITIONS - NO UNUSUAL CONDITIONS,,A,DAYLIGHT,,,,,,,A,NO PEDESTRIANS INVOLVED,,A,21802A,,1,E 15TH ST,1,,,A,,,13TH AV,,,A,7/23/2024 9:11:21 AM,1/28/2025 1:54:11 PM,,,2,,,,,,,
2520820,23-022938,2,False,0109,5/8/2023 10:08:00 PM,2208,18X,14,109,Oakland,1,True,True,D,BROADSIDE,,Monday,,,F,,False,False,False,,E,PARKED MOTOR VEHICLE,,0,0,CLEAR,,HOLES- DEEPRUT* - HOLES- DEEPRUT*,OBSTRUCTION ON ROADWAY* - OBSTRUCTION ON ROADWAY*,C,DARK-STREET LIGHTS,,,,,,,A,NO PEDESTRIANS INVOLVED,,A,22350,,1,19TH AV,1,,,A,,,E 28TH ST,,,A,7/23/2024 9:11:21 AM,1/28/2025 1:54:11 PM,,,2,,,,,,,
2520818,23-022121,2,False,0109,5/5/2023 11:07:00 AM,1107,03X,14,109,Oakland,1,True,True,B,SIDE SWIPE,,Friday,,,,,False,False,False,,C,OTHER MOTOR VEHICLE,,0,0,CLEAR,,NO UNUSUAL CONDITIONS - NO UNUSUAL CONDITIONS,,A,DAYLIGHT,,,,,,,A,NO PEDESTRIANS INVOLVED,,A,21453A,,1,HARRISON ST,1,,,A,,,10TH ST,,,A,7/23/2024 9:11:21 AM,1/28/2025 1:54:10 PM,,,2,,,,,,,
2520814,23-023715,2,False,0109,5/12/2023 2:36:00 PM,1436,10X,14,109,Oakland,1,True,True,D,BROADSIDE,,Friday,,,M,,False,False,False,,,,,0,0,CLEAR,,HOLES- DEEPRUT* - HOLES- DEEPRUT*,,A,DAYLIGHT,,,,,,,A,NO PEDESTRIANS INVOLVED,,A,21453A,,1,BRUSH ST,1,,,A,,,18TH ST,,,A,7/23/2024 9:11:21 AM,1/28/2025 1:54:10 PM,,,2,,,,,,,
2520813,23-023921,2,False,0109,5/13/2023 4:29:00 PM,1629,16Y,14,109,Oakland,1,True,True,C,REAR END,,Saturday,,,,,False,False,False,,I,FIXED OBJECT,,0,0,CLEAR,,NO UNUSUAL CONDITIONS - NO UNUSUAL CONDITIONS,,A,DAYLIGHT,,,,,,,A,NO PEDESTRIANS INVOLVED,,A,22106,,1,ARDLEY AV,1,,,A,,,E 38TH ST,,,D,7/23/2024 9:11:21 AM,1/28/2025 1:54:10 PM,,,2,,,,,,,
2520812,23-022034,2,False,0109,5/4/2023 10:30:00 PM,2230,35Y,14,109,Oakland,1,True,True,D,BROADSIDE,,Thursday,,,M,,False,False,False,,C,OTHER MOTOR VEHICLE,,0,0,CLEAR,,NO UNUSUAL CONDITIONS - NO UNUSUAL CONDITIONS,,C,DARK-STREET LIGHTS,,,,,,,A,NO PEDESTRIANS INVOLVED,,A,22107,,1,LAWLOR ST,2,,,A,,,98TH AV,,,A,7/23/2024 9:11:21 AM,1/28/2025 1:54:10 PM,,,2,,,,,,,
2520782,23-021693,2,False,0109,5/3/2023 12:21:00 AM,21,19X,14,109,Oakland,1,True,True,D,BROADSIDE,,Wednesday,,,M,,False,False,True,,D,MOTOR VEHICLE ON OTHER ROADWAY,,0,0,RAINING,,OTHER* - OTHER*,,C,DARK-STREET LIGHTS,,,,,,,A,NO PEDESTRIANS INVOLVED,,A,21657,,1,11TH AV,1,,,B,,,E 15TH ST,,,A,7/23/2024 9:11:19 AM,1/28/2025 1:54:09 PM,,,2,,,,,,,
2520780,23-022717,2,False,0109,5/7/2023 11:01:00 PM,2301,23X,14,109,Oakland,1,True,True,A,HEAD-ON,,Sunday,,,M,,False,False,True,,E,PARKED MOTOR VEHICLE,,0,0,CLEAR,,NO UNUSUAL CONDITIONS - NO UNUSUAL CONDITIONS,,C,DARK-STREET LIGHTS,,,,,,,A,NO PEDESTRIANS INVOLVED,,A,22107,,1,INTERNATIONAL BL,2,,,A,E,50.0,42ND AV,F,,A,7/23/2024 9:11:19 AM,1/28/2025 1:54:09 PM,,,2,,,,,,,
2520779,23-023550,2,False,0109,5/11/2023 6:25:00 PM,1825,03X,14,109,Oakland,1,True,True,B,SIDE SWIPE,,Thursday,,,M,,False,False,False,,C,OTHER MOTOR VEHICLE,,0,0,CLEAR,,NO UNUSUAL CONDITIONS - NO UNUSUAL CONDITIONS,,A,DAYLIGHT,,,,,,,A,NO PEDESTRIANS INVOLVED,,A,21804A,,1,5TH AV,1,,,A,S,200.0,E 8TH ST,F,,A,7/23/2024 9:11:19 AM,1/28/2025 1:54:09 PM,,,2,,,,,,,
2520778,23-022895,2,False,0109,5/8/2023 6:00:00 PM,1800,27Y,14,109,Oakland,1,True,True,B,SIDE SWIPE,,Monday,,,M,,False,False,False,,E,PARKED MOTOR VEHICLE,,0,0,CLEAR,,NO UNUSUAL CONDITIONS - NO UNUSUAL CONDITIONS,,A,DAYLIGHT,,,,,,,A,NO PEDESTRIANS INVOLVED,,A,22107,,1,HARMON AV,2,,,A,E,25.0,62ND AV,F,,D,7/23/2024 9:11:19 AM,1/28/2025 1:54:08 PM,,,2,,,,,,,
2520777,23-021345,2,False,0109,5/1/2023 10:01:00 AM,1001,32X,14,109,Oakland,1,True,True,D,BROADSIDE,,Monday,,,M,,False,False,False,,C,OTHER MOTOR VEHICLE,,0,0,RAINING,,NO UNUSUAL CONDITIONS - NO UNUSUAL CONDITIONS,,A,DAYLIGHT,,,,,,,A,NO PEDESTRIANS INVOLVED,,A,21453A,,1,106TH AV,2,,,B,,,BANCROFT AV,,,A,7/23/2024 9:11:19 AM,1/28/2025 1:54:08 PM,,,2,,,,,,,
2520760,23-023257,2,False,0109,5/10/2023 1:20:00 PM,1320,26X,14,109,Oakland,1,True,True,D,BROADSIDE,,Wednesday,,,M,,False,False,False,,C,OTHER MOTOR VEHICLE,,1,0,CLOUDY,,NO UNUSUAL CONDITIONS - NO UNUSUAL CONDITIONS,,A,DAYLIGHT,,,,,,,A,NO PEDESTRIANS INVOLVED,,A,21460A,,1,SAN LEANDRO ST,2,,,A,,,SEMINARY AV,,,A,7/23/2024 9:11:18 AM,1/28/2025 1:54:07 PM,,,2,,,,,,,
2520758,23-015198,2,False,0109,3/28/2023 4:00:00 PM,1600,20X,14,109,Oakland,1,True,True,B,SIDE SWIPE,,Tuesday,,,M,,False,False,False,,E,PARKED MOTOR VEHICLE,,0,0,RAINING,,NO UNUSUAL CONDITIONS - NO UNUSUAL CONDITIONS,,A,DAYLIGHT,,,,,,,A,NO PEDESTRIANS INVOLVED,,A,22107,,1,FORD ST,2,,,B,W,60.0,LANCASTER,F,,D,7/23/2024 9:11:18 AM,1/28/2025 1:54:07 PM,,,2,,,,,,,
2520647,23-019523,2,False,0109,4/21/2023 9:24:00 AM,924,21X,14,109,Oakland,1,True,True,B,SIDE SWIPE,,Friday,,,,,False,False,False,,I,FIXED OBJECT,,0,0,CLEAR,,NO UNUSUAL CONDITIONS - NO UNUSUAL CONDITIONS,,A,DAYLIGHT,,,,,,,A,NO PEDESTRIANS INVOLVED,,A,22107,,1,FRUITVALE AV,2,,,A,N,5.0,BIENATI WY,F,,D,7/23/2024 9:11:12 AM,1/28/2025 1:54:01 PM,,,2,,,,,,,
2520642,23-013269,2,False,0109,3/17/2023 11:57:00 AM,1157,21X,14,109,Oakland,1,True,True,B,SIDE SWIPE,,Friday,,,,,False,False,False,,C,OTHER MOTOR VEHICLE,,0,0,CLEAR,,NO UNUSUAL CONDITIONS - NO UNUSUAL CONDITIONS,,A,DAYLIGHT,,,,,,,A,NO PEDESTRIANS INVOLVED,,D,,,,24TH ST,2,,,A,W,50.0,24TH AV,F,,D,7/23/2024 9:11:11 AM,1/28/2025 1:54:01 PM,,,2,,,,,,,
2520636,23-005734,2,False,0109,2/2/2023 7:12:00 AM,712,21X,14,109,Oakland,1,True,True,B,SIDE SWIPE,,Thursday,,,M,,False,False,False,,E,PARKED MOTOR VEHICLE,,0,0,CLOUDY,,NO UNUSUAL CONDITIONS - NO UNUSUAL CONDITIONS,,A,DAYLIGHT,,,,,,,A,NO PEDESTRIANS INVOLVED,,A,22107,,1,E 20TH ST,2,,,A,E,150.0,23RD AV,F,,D,7/23/2024 9:11:11 AM,1/28/2025 1:54:01 PM,,,2,,,,,,,
2520616,23-024154,2,False,0109,5/15/2023 3:16:00 AM,316,19X,14,109,Oakland,1,True,True,A,HEAD-ON,,Monday,,,M,,False,False,False,,I,FIXED OBJECT,,0,0,CLOUDY,,NO UNUSUAL CONDITIONS - NO UNUSUAL CONDITIONS,,C,DARK-STREET LIGHTS,,,,,,,A,NO PEDESTRIANS INVOLVED,,A,22107,,1,E 12TH ST,1,,,A,,,13TH AV,,,D,7/23/2024 9:11:10 AM,1/28/2025 1:54:00 PM,,,2,,,,,,,
2520612,23-003832,2,False,0109,1/23/2023 4:53:00 AM,453,19X,14,109,Oakland,1,True,True,D,BROADSIDE,,Monday,,,F,,False,False,False,,C,OTHER MOTOR VEHICLE,,0,0,CLEAR,,NO UNUSUAL CONDITIONS - NO UNUSUAL CONDITIONS,,C,DARK-STREET LIGHTS,,,,,,,A,NO PEDESTRIANS INVOLVED,,A,21453A,,1,INTERNATIONAL BL,1,,,A,,,22ND AV,,,A,7/23/2024 9:11:10 AM,1/28/2025 1:53:59 PM,,,2,,,,,,,
2520610,23-023362,2,False,0109,5/11/2023 2:50:00 AM,250,02Y,14,109,Oakland,1,True,True,B,SIDE SWIPE,,Thursday,,,,,False,False,True,,E,PARKED MOTOR VEHICLE,,0,0,CLEAR,,NO UNUSUAL CONDITIONS - NO UNUSUAL CONDITIONS,,C,DARK-STREET LIGHTS,,,,,,,A,NO PEDESTRIANS INVOLVED,,A,22107,,1,8TH ST,1,,,A,E,273.0,WILLOW ST,F,,D,7/23/2024 9:11:10 AM,1/28/2025 1:53:59 PM,,,2,,,,,,,
2520606,23-021333,2,False,0109,5/1/2023 8:48:00 AM,848,29X,14,109,Oakland,1,True,True,C,REAR END,,Monday,,,,,False,False,False,,C,OTHER MOTOR VEHICLE,,1,0,CLOUDY,,NO UNUSUAL CONDITIONS - NO UNUSUAL CONDITIONS,,A,DAYLIGHT,,,,,,,A,NO PEDESTRIANS INVOLVED,,A,22350,,1,MACARTHUR BL,2,,,A,W,6.0,66TH AV,F,,D,7/23/2024 9:11:09 AM,1/28/2025 1:53:59 PM,,,2,,,,,,,
2520552,23-014890,2,False,0109,3/27/2023 9:21:00 AM,921,13Y,14,109,Oakland,1,True,True,F,OVERTURNED,,Monday,,,,,False,False,False,,A,NON-COLLISION,,2,0,CLEAR,,NO UNUSUAL CONDITIONS - NO UNUSUAL CONDITIONS,,A,DAYLIGHT,,,,,,,A,NO PEDESTRIANS INVOLVED,,A,22350,,1,GRIZZLY PEAK BL,1,,,A,E,1000.0,LOMAS CONTADAS RD,F,,D,7/23/2024 9:11:06 AM,1/28/2025 1:53:56 PM,,,2,,,,,,,
2520531,23-018505,2,False,0109,4/15/2023 10:54:00 PM,2254,31Y,14,109,Oakland,1,True,True,A,HEAD-ON,,Saturday,,,M,,False,False,False,,C,OTHER MOTOR VEHICLE,,1,0,CLEAR,,NO UNUSUAL CONDITIONS - NO UNUSUAL CONDITIONS,,C,DARK-STREET LIGHTS,,,,,,,A,NO PEDESTRIANS INVOLVED,,A,22107,,1,SAN LEANDRO ST,2,,,A,E,100.0,STONE ST,F,,D,7/23/2024 9:11:05 AM,1/28/2025 1:53:55 PM,,,2,,,,,,,
2520530,23-019321,2,False,0109,4/20/2023 8:09:00 AM,809,29X,14,109,Oakland,1,True,True,G,VEHICLE/PEDESTRAIN,,Thursday,,,F,,False,False,False,,B,PEDESTRIAN,,1,0,CLEAR,,NO UNUSUAL CONDITIONS - NO UNUSUAL CONDITIONS,,C,DARK-STREET LIGHTS,,,,,,,E,IN ROAD - INCLUDES SHOULDER,,A,22107,,1,MOKELUMNE AV,2,,,A,E,50.0,SIMSON ST,F,,D,7/23/2024 9:11:05 AM,1/28/2025 1:53:55 PM,,,2,,,,,,,
2520529,23-015974,2,False,0109,4/2/2023 6:49:00 PM,1849,34X,14,109,Oakland,1,True,True,D,BROADSIDE,,Sunday,,,M,,False,False,False,,C,OTHER MOTOR VEHICLE,,1,0,CLOUDY,,NO UNUSUAL CONDITIONS - NO UNUSUAL CONDITIONS,,A,DAYLIGHT,,,,,,,A,NO PEDESTRIANS INVOLVED,,A,22450A,,1,BANCROFT AV,2,,,A,,,88TH AV,,,A,7/23/2024 9:11:05 AM,1/28/2025 1:53:55 PM,,,2,,,,,,,
2520528,23-018348,2,False,0109,4/14/2023 11:03:00 PM,2303,26Y,14,109,Oakland,1,True,True,G,VEHICLE/PEDESTRAIN,,Friday,,,M,,False,False,False,,B,PEDESTRIAN,,1,0,CLEAR,,NO UNUSUAL CONDITIONS - NO UNUSUAL CONDITIONS,,C,DARK-STREET LIGHTS,,,,,,,B,CROSSING IN CROSS WALK AT INTERSECTION,,A,21950A,,1,73RD AV,2,,,A,,,INTERNATIONAL BL,,,A,7/23/2024 9:11:05 AM,1/28/2025 1:53:55 PM,,,2,,,,,,,
2520527,23-019832,2,False,0109,4/23/2023 1:11:00 AM,111,19X,14,109,Oakland,1,True,True,E,HIT OBJECT,,Sunday,,,M,,False,False,True,,C,OTHER MOTOR VEHICLE,,2,0,CLEAR,,NO UNUSUAL CONDITIONS - NO UNUSUAL CONDITIONS,,C,DARK-STREET LIGHTS,,,,,,,A,NO PEDESTRIANS INVOLVED,,A,21453A,,1,14TH AV,1,,,A,,,E 12TH ST,,,A,7/23/2024 9:11:05 AM,1/28/2025 1:53:55 PM,,,2,,,,,,,
2520526,23-019831,2,False,0109,4/23/2023 1:13:00 AM,113,34X,14,109,Oakland,1,True,True,A,HEAD-ON,,Sunday,,,M,,False,False,False,,C,OTHER MOTOR VEHICLE,,2,0,CLEAR,,NO UNUSUAL CONDITIONS - NO UNUSUAL CONDITIONS,,C,DARK-STREET LIGHTS,,,,,,,A,NO PEDESTRIANS INVOLVED,,A,22450A,,1,90TH AV,2,,,A,,,PLYMOUTH ST,,,A,7/23/2024 9:11:05 AM,1/28/2025 1:53:55 PM,,,2,,,,,,,
2520525,23-018931,2,False,0109,4/18/2023 8:09:00 AM,809,26Y,14,109,Oakland,1,True,True,D,BROADSIDE,,Tuesday,,,,,False,False,False,,C,OTHER MOTOR VEHICLE,,1,0,CLEAR,,NO UNUSUAL CONDITIONS - NO UNUSUAL CONDITIONS,,A,DAYLIGHT,,,,,,,A,NO PEDESTRIANS INVOLVED,,A,21802A,,1,66TH AV,2,,,A,,,LEONA CREEK DR,,,A,7/23/2024 9:11:05 AM,1/28/2025 1:53:55 PM,,,2,,,,,,,
2520524,23-018488,2,False,0109,4/15/2023 7:48:00 PM,1948,27X,14,109,Oakland,1,True,True,D,BROADSIDE,,Saturday,,,,,False,False,False,,C,OTHER MOTOR VEHICLE,,1,0,CLEAR,,NO UNUSUAL CONDITIONS - NO UNUSUAL CONDITIONS,,A,DAYLIGHT,,,,,,,A,NO PEDESTRIANS INVOLVED,,A,21802A,,1,45TH AV,2,,,A,,,BANCROFT AV,,,A,7/23/2024 9:11:05 AM,1/28/2025 1:53:55 PM,,,2,,,,,,,
2520523,23-016266,2,False,0109,4/4/2023 10:41:00 AM,1041,31X,14,109,Oakland,1,True,True,D,BROADSIDE,,Tuesday,,,,,False,False,False,,C,OTHER MOTOR VEHICLE,,1,0,CLEAR,,NO UNUSUAL CONDITIONS - NO UNUSUAL CONDITIONS,,A,DAYLIGHT,,,,,,,A,NO PEDESTRIANS INVOLVED,,A,21453A,,,8TH AV,2,,,A,,,SAN LEANDRO ST,,,A,7/23/2024 9:11:05 AM,1/28/2025 1:53:54 PM,,,2,,,,,,,
2520522,23-016263,2,False,0109,4/4/2023 11:20:00 AM,1120,06X,14,109,Oakland,1,True,True,D,BROADSIDE,,Tuesday,,,,,False,False,False,,C,OTHER MOTOR VEHICLE,,1,0,CLEAR,,NO UNUSUAL CONDITIONS - NO UNUSUAL CONDITIONS,,A,DAYLIGHT,,,,,,,A,NO PEDESTRIANS INVOLVED,,A,21453A,,1,MARTIN LUTHER KING BL,1,,,A,,,27TH ST,,,B,7/23/2024 9:11:04 AM,1/28/2025 1:53:54 PM,,,2,,,,,,,
2520520,23-016283,2,False,0109,4/4/2023 12:36:00 PM,1236,06X,14,109,Oakland,1,True,True,D,BROADSIDE,,Tuesday,,,,,False,False,False,,C,OTHER MOTOR VEHICLE,,1,0,CLEAR,,NO UNUSUAL CONDITIONS - NO UNUSUAL CONDITIONS,,A,DAYLIGHT,,,,,,,A,NO PEDESTRIANS INVOLVED,,A,21801A,,1,SAN PABLO AV,2,,,A,,,36TH ST,,,A,7/23/2024 9:11:04 AM,1/28/2025 1:53:54 PM,,,2,,,,,,,
2520510,23-016468,2,False,0109,4/5/2023 10:11:00 AM,1011,06X,14,109,Oakland,1,True,True,G,VEHICLE/PEDESTRAIN,,Wednesday,,,,,False,False,False,,B,PEDESTRIAN,,1,0,CLEAR,,NO UNUSUAL CONDITIONS - NO UNUSUAL CONDITIONS,,A,DAYLIGHT,,,,,,,D,CROSSING - NOT IN CROSSWALK,,A,21954A,,1,MARKET ST,1,,,A,S,20.0,W MACARTHUR BL,F,,A,7/23/2024 9:11:04 AM,1/28/2025 1:53:54 PM,,,2,,,,,,,
2520428,23-014704,2,False,0109,3/26/2023 12:49:00 AM,49,27X,14,109,Oakland,1,True,True,D,BROADSIDE,,Sunday,,,M,,False,False,False,,C,OTHER MOTOR VEHICLE,,0,0,CLEAR,,NO UNUSUAL CONDITIONS - NO UNUSUAL CONDITIONS,,C,DARK-STREET LIGHTS,,,,,,,A,NO PEDESTRIANS INVOLVED,,A,21453A,,1,INTERNATIONAL BL,2,,,A,,,SEMINARY AV,,,A,7/23/2024 9:10:59 AM,1/28/2025 1:53:49 PM,,,2,,,,,,,
2520427,23-014796,2,False,0109,3/26/2023 5:09:00 PM,1709,34X,14,109,Oakland,1,True,True,D,BROADSIDE,,Sunday,,,M,,False,False,False,,C,OTHER MOTOR VEHICLE,,0,0,CLEAR,,NO UNUSUAL CONDITIONS - NO UNUSUAL CONDITIONS,,,,,,,,,,A,NO PEDESTRIANS INVOLVED,,A,22450A,,1,84TH AV,2,,,A,,,PLYMOUTH ST,,,A,7/23/2024 9:10:59 AM,1/28/2025 1:53:49 PM,,,2,,,,,,,
2520426,23-014482,2,False,0109,3/24/2023 1:42:00 PM,1342,22X,14,109,Oakland,1,True,True,A,HEAD-ON,,Friday,,,,,False,False,False,,C,OTHER MOTOR VEHICLE,,0,0,CLEAR,,NO UNUSUAL CONDITIONS - NO UNUSUAL CONDITIONS,,A,DAYLIGHT,,,,,,,A,NO PEDESTRIANS INVOLVED,,A,22450A,,1,MACARTHUR BL,2,,,A,,,HOPKINS AV,,,D,7/23/2024 9:10:59 AM,1/28/2025 1:53:49 PM,,,2,,,,,,,
2520425,23-014949,2,False,0109,3/27/2023 2:05:00 PM,1405,04X,14,109,Oakland,1,True,True,D,BROADSIDE,,Monday,,,M,,False,False,False,,C,OTHER MOTOR VEHICLE,,0,0,CLEAR,,NO UNUSUAL CONDITIONS - NO UNUSUAL CONDITIONS,,A,DAYLIGHT,,,,,,,A,NO PEDESTRIANS INVOLVED,,A,21453A,,1,BROADWAY,1,,,A,,,20TH ST,,,A,7/23/2024 9:10:59 AM,1/28/2025 1:53:49 PM,,,2,,,,,,,
2520424,23-017090,2,False,0109,4/8/2023 8:07:00 PM,2007,27X,14,109,Oakland,1,True,True,D,BROADSIDE,,Saturday,,,,,False,False,False,,C,OTHER MOTOR VEHICLE,,0,0,CLEAR,,NO UNUSUAL CONDITIONS - NO UNUSUAL CONDITIONS,,C,DARK-STREET LIGHTS,,,,,,,A,NO PEDESTRIANS INVOLVED,,A,21453A,,1,HIGH ST,2,,,A,,,BANCROFT AV,,,A,7/23/2024 9:10:59 AM,1/28/2025 1:53:49 PM,,,2,,,,,,,