collision-id,report-number,report-version,is-preliminary,ncic-code,crash-date-time,crash-time-description,beat,city-id,city-code,city-name,county-code,city-is-active,city-is-incorporated,collision-type-code,collision-type-description,collision-type-other-desc,day-of-week,dispatch-notified,has-photographs,hit-run,is-attachments-mailed,is-deleted,is-highway-related,is-tow-away,judicial-district,motor-vehicle-involved-with-code,motor-vehicle-involved-with-desc,motor-vehicle-involved-with-other-desc,number-injured,number-killed,weather-1,weather-2,road-condition-1,road-condition-2,special-condition-lighting-code,lighting-description,latitude,longitude,milepost-direction,milepost-distance,milepost-marker,milepost-unit-of-measure,pedestrian-action-code,pedestrian-action-desc,prepared-date,primary-collision-factor-code,primary-collision-factor-violation,primary-collision-factor-is-cited,primary-collision-party-number,primary-road,reporting-district,reporting-district-code,reviewed-date,roadway-surface-code,secondary-direction,secondary-distance,secondary-road,secondary-unit-of-measure,sketch-desc,traffic-control-device-code,created-date,modified-date,is-county-road,is-freeway,chp-555-version,is-additonal-object-struck,notification-date,notification-time-description,has-digital-media-files,evidence-number,is-location-refer-to-narrative,is-aoi-one-same-as-location
2536431,23-020031,2,False,0109,4/24/2023 9:00:00 AM,900,26X,14,109,Oakland,1,True,True,B,SIDE SWIPE,,Monday,,,,,False,False,False,,C,OTHER MOTOR VEHICLE,,0,0,CLEAR,,NO UNUSUAL CONDITIONS - NO UNUSUAL CONDITIONS,,A,DAYLIGHT,,,,,,,A,NO PEDESTRIANS INVOLVED,,A,22107,,1,HIGH ST,2,,,A,S,200.0,SAN LEANDRO ST,F,,D,7/23/2024 9:28:46 AM,1/28/2025 2:08:39 PM,,,2,,,,,,,
2536428,23-026722,2,False,0109,5/28/2023 10:32:00 PM,2232,27X,14,109,Oakland,1,True,True,D,BROADSIDE,,Sunday,,,,,False,False,True,,C,OTHER MOTOR VEHICLE,,2,0,CLEAR,,NO UNUSUAL CONDITIONS - NO UNUSUAL CONDITIONS,,C,DARK-STREET LIGHTS,,,,,,,A,NO PEDESTRIANS INVOLVED,,A,21801A,,1,HIGH ST,2,,,A,,,FOOTHILL BL,,,A,7/23/2024 9:28:46 AM,1/28/2025 2:08:39 PM,,,2,,,,,,,
2536412,23-028107,2,False,0109,6/5/2023 3:30:00 AM,330,34X,14,109,Oakland,1,True,True,B,SIDE SWIPE,,Monday,,,M,,False,False,False,,E,PARKED MOTOR VEHICLE,,0,0,CLEAR,,NO UNUSUAL CONDITIONS - NO UNUSUAL CONDITIONS,,C,DARK-STREET LIGHTS,,,,,,,A,NO PEDESTRIANS INVOLVED,,A,22107,,1,BANCROFT AV,2,,,A,E,12.0,88TH AV,F,,A,7/23/2024 9:28:45 AM,1/28/2025 2:08:38 PM,,,2,,,,,,,
2535359,23-050457,2,False,0109,9/23/2023 6:55:00 PM,1855,26X,14,109,Oakland,1,True,True,C,REAR END,,Saturday,,,,,False,False,False,,C,OTHER MOTOR VEHICLE,,1,0,CLEAR,,NO UNUSUAL CONDITIONS - NO UNUSUAL CONDITIONS,,A,DAYLIGHT,,,,,,,A,NO PEDESTRIANS INVOLVED,,A,22107,,1,COLISEUM WY,2,,,A,E,100.0,HIGH ST,F,,D,7/23/2024 9:27:22 AM,1/28/2025 2:07:37 PM,,,2,,,,,,,
2535358,23-050203,2,False,0109,9/22/2023 12:55:00 PM,1255,27X,14,109,Oakland,1,True,True,A,HEAD-ON,,Friday,,,,,False,False,False,,C,OTHER MOTOR VEHICLE,,2,0,CLEAR,,NO UNUSUAL CONDITIONS - NO UNUSUAL CONDITIONS,,A,DAYLIGHT,,,,,,,A,NO PEDESTRIANS INVOLVED,,A,22350,,1,SEMINARY AVE,2,,,A,E,5.0,HOLWAY ST,F,,D,7/23/2024 9:27:22 AM,1/28/2025 2:07:37 PM,,,2,,,,,,,
2535357,23-045915,2,False,0109,9/2/2023 11:18:00 AM,1118,11X,14,109,Oakland,1,True,True,D,BROADSIDE,,Saturday,,,,,False,False,False,,G,BICYCLE,,1,0,CLEAR,,NO UNUSUAL CONDITIONS - NO UNUSUAL CONDITIONS,,A,DAYLIGHT,,,,,,,A,NO PEDESTRIANS INVOLVED,,A,21801A,,1,51ST ST,1,,,A,,,TELEGRAPH AV,,,A,7/23/2024 9:27:22 AM,1/28/2025 2:07:37 PM,,,2,,,,,,,
2535356,23-051909,2,False,0109,9/30/2023 5:30:00 PM,1730,21X,14,109,Oakland,1,True,True,D,BROADSIDE,,Saturday,,,,,False,False,False,,C,OTHER MOTOR VEHICLE,,1,0,CLEAR,,NO UNUSUAL CONDITIONS - NO UNUSUAL CONDITIONS,,B,DUSK-DAWN,,,,,,,A,NO PEDESTRIANS INVOLVED,,A,22450A,,1,23RD ST,2,,,A,,,27TH AV,,,A,7/23/2024 9:27:22 AM,1/28/2025 2:07:37 PM,,,2,,,,,,,
2535354,23-049821,2,False,0109,9/20/2023 2:05:00 PM,1405,20X,14,109,Oakland,1,True,True,B,SIDE SWIPE,,Wednesday,,,,,False,False,False,,C,OTHER MOTOR VEHICLE,,1,0,CLEAR,,NO UNUSUAL CONDITIONS - NO UNUSUAL CONDITIONS,,A,DAYLIGHT,,,,,,,A,NO PEDESTRIANS INVOLVED,,A,21801A,,1,12TH ST,2,,,A,N,5.0,25TH ST,F,,D,7/23/2024 9:27:22 AM,1/28/2025 2:07:37 PM,,,2,,,,,,,
2535353,23-046467,2,False,0109,9/5/2023 11:57:00 AM,1157,20X,14,109,Oakland,1,True,True,G,VEHICLE/PEDESTRAIN,,Tuesday,,,,,False,False,False,,B,PEDESTRIAN,,1,0,CLEAR,,NO UNUSUAL CONDITIONS - NO UNUSUAL CONDITIONS,,A,DAYLIGHT,,,,,,,B,CROSSING IN CROSS WALK AT INTERSECTION,,D,,,,FRUITVALE AVE,2,,,A,,,10TH ST,,,A,7/23/2024 9:27:21 AM,1/28/2025 2:07:37 PM,,,2,,,,,,,
2535033,23-030387,2,False,0109,6/16/2023 12:35:00 PM,1235,34X,14,109,Oakland,1,True,True,C,REAR END,,Friday,,,,,False,False,False,,E,PARKED MOTOR VEHICLE,,0,0,CLEAR,,NO UNUSUAL CONDITIONS - NO UNUSUAL CONDITIONS,,A,DAYLIGHT,,,,,,,F,NOT IN ROAD,,A,22106,,1,89TH AV,2,,,A,N,264.0,BIRCH ST,F,,D,7/23/2024 9:26:57 AM,1/28/2025 2:07:19 PM,,,2,,,,,,,
2535031,23-028040,2,False,0109,6/4/2023 6:27:00 PM,1827,23X,14,109,Oakland,1,True,True,B,SIDE SWIPE,,Sunday,,,,,False,False,False,,C,OTHER MOTOR VEHICLE,,0,0,CLEAR,,NO UNUSUAL CONDITIONS - NO UNUSUAL CONDITIONS,,A,DAYLIGHT,,,,,,,A,NO PEDESTRIANS INVOLVED,,A,21453A,,1,38TH AV,2,,,A,,,INTERNATIONAL BL,,,A,7/23/2024 9:26:57 AM,1/28/2025 2:07:19 PM,,,2,,,,,,,
2535030,23-028033,2,False,0109,6/4/2023 3:13:00 PM,1513,32X,14,109,Oakland,1,True,True,A,HEAD-ON,,Sunday,,,M,,False,False,False,,C,OTHER MOTOR VEHICLE,,0,0,CLEAR,,NO UNUSUAL CONDITIONS - NO UNUSUAL CONDITIONS,,A,DAYLIGHT,,,,,,,A,NO PEDESTRIANS INVOLVED,,A,22107,,1,COOLIDGE AV,2,,,A,E,170.0,BROOKDALE AV,F,,A,7/23/2024 9:26:57 AM,1/28/2025 2:07:19 PM,,,2,,,,,,,
2535029,23-027891,2,False,0109,6/3/2023 9:06:00 PM,2106,30X,14,109,Oakland,1,True,True,G,VEHICLE/PEDESTRAIN,,Saturday,,,F,,False,False,False,,B,PEDESTRIAN,,1,0,CLEAR,,NO UNUSUAL CONDITIONS - NO UNUSUAL CONDITIONS,,C,DARK-STREET LIGHTS,,,,,,,D,CROSSING - NOT IN CROSSWALK,,D,,,,MACARTHUR BL,2,,,A,E,250.0,PARKER AV,F,,D,7/23/2024 9:26:57 AM,1/28/2025 2:07:19 PM,,,2,,,,,,,
2535028,23-027686,2,False,0109,6/2/2023 4:42:00 PM,1642,30X,14,109,Oakland,1,True,True,B,SIDE SWIPE,,Friday,,,F,,False,False,True,,C,OTHER MOTOR VEHICLE,,0,0,CLEAR,,NO UNUSUAL CONDITIONS - NO UNUSUAL CONDITIONS,,A,DAYLIGHT,,,,,,,A,NO PEDESTRIANS INVOLVED,,A,21453A,,2,73RD AV,2,,,A,,,WELD,,,A,7/23/2024 9:26:57 AM,1/28/2025 2:07:19 PM,,,2,,,,,,,
2535018,23-033252,2,False,0109,6/30/2023 11:39:00 AM,1139,03X,14,109,Oakland,1,True,True,C,REAR END,,Friday,,,,,False,False,False,,C,OTHER MOTOR VEHICLE,,0,0,CLEAR,,NO UNUSUAL CONDITIONS - NO UNUSUAL CONDITIONS,,A,DAYLIGHT,,,,,,,A,NO PEDESTRIANS INVOLVED,,A,22350,,1,11TH ST,1,,,A,W,15.0,BROADWAY,F,,A,7/23/2024 9:26:56 AM,1/28/2025 2:07:18 PM,,,2,,,,,,,
2535017,23-032692,2,False,0109,6/27/2023 5:18:00 PM,1718,32Y,14,109,Oakland,1,True,True,B,SIDE SWIPE,,Tuesday,,,,,False,False,False,,C,OTHER MOTOR VEHICLE,,0,0,CLEAR,,NO UNUSUAL CONDITIONS - NO UNUSUAL CONDITIONS,,A,DAYLIGHT,,,,,,,A,NO PEDESTRIANS INVOLVED,,A,22107,,1,104TH AV,2,,,A,S,150.0,SUNNYSIDE ST,F,,D,7/23/2024 9:26:56 AM,1/28/2025 2:07:18 PM,,,2,,,,,,,
2535015,23-032977,2,False,0109,6/29/2023 4:44:00 AM,444,21X,14,109,Oakland,1,True,True,B,SIDE SWIPE,,Thursday,,,M,,False,False,True,,E,PARKED MOTOR VEHICLE,,0,0,CLEAR,,NO UNUSUAL CONDITIONS - NO UNUSUAL CONDITIONS,,C,DARK-STREET LIGHTS,,,,,,,A,NO PEDESTRIANS INVOLVED,,A,22107,,1,E 23RD ST,2,,,A,E,50.0,MITCHELL ST,F,,D,7/23/2024 9:26:56 AM,1/28/2025 2:07:18 PM,,,2,,,,,,,
2535014,23-022713,2,False,0109,5/7/2023 9:48:00 PM,2148,30X,14,109,Oakland,1,True,True,B,SIDE SWIPE,,Sunday,,,,,False,False,False,,C,OTHER MOTOR VEHICLE,,0,0,CLEAR,,NO UNUSUAL CONDITIONS - NO UNUSUAL CONDITIONS,,C,DARK-STREET LIGHTS,,,,,,,A,NO PEDESTRIANS INVOLVED,,A,22106,,1,HAVENSCOURT BL,2,,,A,N,500.0,INTERNATIONAL BL,F,,D,7/23/2024 9:26:56 AM,1/28/2025 2:07:18 PM,,,2,,,,,,,
2535013,23-027443,2,False,0109,6/1/2023 11:09:00 AM,1109,23X,14,109,Oakland,1,True,True,H,OTHER,,Thursday,,,M,,False,False,False,,E,PARKED MOTOR VEHICLE,,0,0,CLEAR,,NO UNUSUAL CONDITIONS - NO UNUSUAL CONDITIONS,,A,DAYLIGHT,,,,,,,A,NO PEDESTRIANS INVOLVED,,A,22106,,1,INTERNATIONAL BL,2,,,A,E,50.0,40TH AV,F,,D,7/23/2024 9:26:56 AM,1/28/2025 2:07:18 PM,,,2,,,,,,,
2535011,23-026084,2,False,0109,5/24/2023 10:03:00 PM,2203,18X,14,109,Oakland,1,True,True,A,HEAD-ON,,Wednesday,,,M,,False,False,False,,C,OTHER MOTOR VEHICLE,,0,0,CLEAR,,NO UNUSUAL CONDITIONS - NO UNUSUAL CONDITIONS,,C,DARK-STREET LIGHTS,,,,,,,A,NO PEDESTRIANS INVOLVED,,A,22107,,1,FOOTHILL BL,1,,,A,W,5.0,19TH AV,F,,A,7/23/2024 9:26:56 AM,1/28/2025 2:07:18 PM,,,2,,,,,,,
2535010,23-025386,2,False,0109,5/21/2023 10:40:00 AM,1040,26X,14,109,Oakland,1,True,True,B,SIDE SWIPE,,Sunday,,,,,False,False,False,,E,PARKED MOTOR VEHICLE,,0,0,CLEAR,,NO UNUSUAL CONDITIONS - NO UNUSUAL CONDITIONS,,A,DAYLIGHT,,,,,,,A,NO PEDESTRIANS INVOLVED,,A,22107,,1,66TH AV,2,,,A,N,100.0,LEONA CREEK DR,F,,D,7/23/2024 9:26:56 AM,1/28/2025 2:07:18 PM,,,2,,,,,,,
2535009,23-024831,2,False,0109,5/18/2023 8:58:00 AM,858,26X,14,109,Oakland,1,True,True,H,OTHER,,Thursday,,,,,False,False,False,,C,OTHER MOTOR VEHICLE,,0,0,CLEAR,,NO UNUSUAL CONDITIONS - NO UNUSUAL CONDITIONS,,A,DAYLIGHT,,,,,,,A,NO PEDESTRIANS INVOLVED,,A,22106,,1,44TH AV,2,,,A,S,100.0,INTERNATIONAL BL,F,,D,7/23/2024 9:26:55 AM,1/28/2025 2:07:18 PM,,,2,,,,,,,
2535007,23-021686,2,False,0109,5/2/2023 11:10:00 PM,2310,31Y,14,109,Oakland,1,True,True,C,REAR END,,Tuesday,,,,,False,False,False,,E,PARKED MOTOR VEHICLE,,0,0,RAINING,,NO UNUSUAL CONDITIONS - NO UNUSUAL CONDITIONS,,D,DARK-NO STREET LIGHTS,,,,,,,A,NO PEDESTRIANS INVOLVED,,A,23152A,,1,CORAL RD,1,,,B,W,50.0,FITZPATRICK RD,F,,D,7/23/2024 9:26:55 AM,1/28/2025 2:07:18 PM,,,2,,,,,,,
2535006,23-027229,2,False,0109,5/31/2023 10:40:00 AM,1040,14X,14,109,Oakland,1,True,True,A,HEAD-ON,,Wednesday,,,,,False,False,False,,C,OTHER MOTOR VEHICLE,,0,0,CLEAR,,NO UNUSUAL CONDITIONS - NO UNUSUAL CONDITIONS,,A,DAYLIGHT,,,,,,,A,NO PEDESTRIANS INVOLVED,,A,22106,,1,BELLEVUE AV,1,,,A,E,1000.0,GRAND AV,F,,D,7/23/2024 9:26:55 AM,1/28/2025 2:07:18 PM,,,2,,,,,,,
2535005,23-027323,2,False,0109,5/31/2023 5:44:00 PM,1744,21X,14,109,Oakland,1,True,True,D,BROADSIDE,,Wednesday,,,,,False,False,False,,C,OTHER MOTOR VEHICLE,,0,0,CLEAR,,NO UNUSUAL CONDITIONS - NO UNUSUAL CONDITIONS,,A,DAYLIGHT,,,,,,,A,NO PEDESTRIANS INVOLVED,,A,22450,,,COOLIDGE AV,2,,,A,,,HAROLD ST,,,A,7/23/2024 9:26:55 AM,1/28/2025 2:07:18 PM,,,2,,,,,,,
2535004,23-025672,2,False,0109,5/26/2023 2:15:00 AM,215,24Y,14,109,Oakland,1,True,True,B,SIDE SWIPE,,Friday,,,,,False,False,True,,E,PARKED MOTOR VEHICLE,,0,0,CLEAR,,NO UNUSUAL CONDITIONS - NO UNUSUAL CONDITIONS,,C,DARK-STREET LIGHTS,,,,,,,A,NO PEDESTRIANS INVOLVED,,A,22107,,1,HUMBOLDT AV,2,,,A,N,100.0,DAVIS ST,F,,A,7/23/2024 9:26:55 AM,1/28/2025 2:07:17 PM,,,2,,,,,,,
2535003,23-026423,2,False,0109,5/26/2023 7:11:00 PM,1911,06X,14,109,Oakland,1,True,True,D,BROADSIDE,,Friday,,,,,False,False,False,,C,OTHER MOTOR VEHICLE,,0,0,CLEAR,,NO UNUSUAL CONDITIONS - NO UNUSUAL CONDITIONS,,A,DAYLIGHT,,,,,,,A,NO PEDESTRIANS INVOLVED,,A,22450,,1,MARKET ST,1,,,A,,,31ST ST,,,A,7/23/2024 9:26:55 AM,1/28/2025 2:07:17 PM,,,2,,,,,,,
2535002,23-026136,2,False,0109,5/25/2023 8:57:00 AM,857,26Y,14,109,Oakland,1,True,True,B,SIDE SWIPE,,Thursday,,,,,False,False,False,,C,OTHER MOTOR VEHICLE,,0,0,CLOUDY,,NO UNUSUAL CONDITIONS - NO UNUSUAL CONDITIONS,,A,DAYLIGHT,,,,,,,A,NO PEDESTRIANS INVOLVED,,A,22107,,1,INTERNATIONAL BL,2,,,A,,,82ND AV,,,A,7/23/2024 9:26:55 AM,1/28/2025 2:07:17 PM,,,2,,,,,,,
2535001,23-025348,2,False,0109,5/21/2023 3:30:00 AM,330,04X,14,109,Oakland,1,True,True,A,HEAD-ON,,Sunday,,,,,False,False,False,,C,OTHER MOTOR VEHICLE,,0,0,CLEAR,,NO UNUSUAL CONDITIONS - NO UNUSUAL CONDITIONS,,C,DARK-STREET LIGHTS,,,,,,,A,NO PEDESTRIANS INVOLVED,,A,21657,,1,WEBSTER ST,1,,,A,N,15.0,14TH ST,F,,A,7/23/2024 9:26:55 AM,1/28/2025 2:07:17 PM,,,2,,,,,,,
2535000,23-027346,2,False,0109,5/31/2023 11:00:00 PM,2300,17X,14,109,Oakland,1,True,True,A,HEAD-ON,,Wednesday,,,,,False,False,True,,C,OTHER MOTOR VEHICLE,,0,0,CLEAR,,NO UNUSUAL CONDITIONS - NO UNUSUAL CONDITIONS,,C,DARK-STREET LIGHTS,,,,,,,A,NO PEDESTRIANS INVOLVED,,A,21453A,,1,14TH AV,1,,,A,,,E 21ST ST,,,A,7/23/2024 9:26:55 AM,1/28/2025 2:07:17 PM,,,2,,,,,,,
2534999,23-025541,2,False,0109,5/22/2023 11:35:00 AM,1135,12X,14,109,Oakland,1,True,True,C,REAR END,,Monday,,,,,False,False,False,,C,OTHER MOTOR VEHICLE,,0,0,CLEAR,,NO UNUSUAL CONDITIONS - NO UNUSUAL CONDITIONS,,A,DAYLIGHT,,,,,,,A,NO PEDESTRIANS INVOLVED,,A,22350,,1,MARTIN LUTHER KING JR WY,1,,,A,S,1000.0,52ND ST,F,,D,7/23/2024 9:26:55 AM,1/28/2025 2:07:17 PM,,,2,,,,,,,
2534998,23-025766,2,False,0109,5/23/2023 3:00:00 PM,1500,33X,14,109,Oakland,1,True,True,B,SIDE SWIPE,,Tuesday,,,M,,False,False,False,,C,OTHER MOTOR VEHICLE,,0,0,CLEAR,,NO UNUSUAL CONDITIONS - NO UNUSUAL CONDITIONS,,A,DAYLIGHT,,,,,,,A,NO PEDESTRIANS INVOLVED,,A,22350,,1,91ST AV,2,,,A,,,G ST,,,D,7/23/2024 9:26:55 AM,1/28/2025 2:07:17 PM,,,2,,,,,,,
2534997,23-026001,2,False,0109,5/24/2023 11:54:00 AM,1154,30X,14,109,Oakland,1,True,True,C,REAR END,,Wednesday,,,M,,False,False,False,,C,OTHER MOTOR VEHICLE,,0,0,CLEAR,,NO UNUSUAL CONDITIONS - NO UNUSUAL CONDITIONS,,A,DAYLIGHT,,,,,,,A,NO PEDESTRIANS INVOLVED,,A,22106,,1,76TH AV,2,,,A,S,10.0,MACARTHUR BL,F,,D,7/23/2024 9:26:55 AM,1/28/2025 2:07:17 PM,,,2,,,,,,,
2534996,23-025645,2,False,0109,5/23/2023 5:38:00 PM,1738,06X,14,109,Oakland,1,True,True,D,BROADSIDE,,Tuesday,,,M,,False,False,False,,E,PARKED MOTOR VEHICLE,,0,0,CLEAR,,NO UNUSUAL CONDITIONS - NO UNUSUAL CONDITIONS,,A,DAYLIGHT,,,,,,,A,NO PEDESTRIANS INVOLVED,,A,22106,,1,MARTIN LUTHER KING WY,1,,,A,S,100.0,27TH ST,F,,D,7/23/2024 9:26:55 AM,1/28/2025 2:07:17 PM,,,2,,,,,,,
2534995,23-025703,2,False,0109,5/22/2023 4:00:00 PM,1600,30X,14,109,Oakland,1,True,True,H,OTHER,,Monday,,,M,,False,False,False,,C,OTHER MOTOR VEHICLE,,0,0,CLEAR,,NO UNUSUAL CONDITIONS - NO UNUSUAL CONDITIONS,,A,DAYLIGHT,,,,,,,A,NO PEDESTRIANS INVOLVED,,A,22107,,1,INTERNATIONAL BL,1,,,A,W,20.0,74TH AV,F,,D,7/23/2024 9:26:55 AM,1/28/2025 2:07:17 PM,,,2,,,,,,,
2533977,23-026394,2,False,0109,5/26/2023 1:55:00 PM,1355,32Y,14,109,Oakland,1,True,True,A,HEAD-ON,,Friday,,,M,,False,False,False,,E,PARKED MOTOR VEHICLE,,0,0,CLEAR,,NO UNUSUAL CONDITIONS - NO UNUSUAL CONDITIONS,,A,DAYLIGHT,,,,,,,A,NO PEDESTRIANS INVOLVED,,A,22107,,1,108TH AV,2,,,A,S,84.0,MACARTHUR,F,,D,7/23/2024 9:25:39 AM,1/28/2025 2:06:17 PM,,,2,,,,,,,
2533976,23-0266,2,False,0109,5/28/2023 9:32:00 AM,932,34X,14,109,Oakland,1,True,True,B,SIDE SWIPE,,Sunday,,,M,,False,False,False,,E,PARKED MOTOR VEHICLE,,0,0,CLOUDY,,NO UNUSUAL CONDITIONS - NO UNUSUAL CONDITIONS,,A,DAYLIGHT,,,,,,,A,NO PEDESTRIANS INVOLVED,,A,22107,,1,88TH AV,2,,,A,N,50.0,OLIVE ST,F,,A,7/23/2024 9:25:39 AM,1/28/2025 2:06:17 PM,,,2,,,,,,,
2533975,23-026509,2,False,0109,5/27/2023 10:29:00 AM,1029,13X,14,109,Oakland,1,True,True,B,SIDE SWIPE,,Saturday,,,M,,False,False,False,,E,PARKED MOTOR VEHICLE,,0,0,CLEAR,,NO UNUSUAL CONDITIONS - NO UNUSUAL CONDITIONS,,A,DAYLIGHT,,,,,,,A,NO PEDESTRIANS INVOLVED,,A,22350,,1,THORNHILL DR,1,,,A,,,GRISBORNE AV,,,D,7/23/2024 9:25:39 AM,1/28/2025 2:06:17 PM,,,2,,,,,,,
2533973,23-026949,2,False,0109,5/30/2023 5:00:00 AM,500,10X,14,109,Oakland,1,True,True,C,REAR END,,Tuesday,,,M,,False,False,False,,E,PARKED MOTOR VEHICLE,,0,0,CLEAR,,NO UNUSUAL CONDITIONS - NO UNUSUAL CONDITIONS,,C,DARK-STREET LIGHTS,,,,,,,A,NO PEDESTRIANS INVOLVED,,A,22107,,1,ADELINE ST,1,,,A,S,30.0,57TH ST,F,,A,7/23/2024 9:25:39 AM,1/28/2025 2:06:17 PM,,,2,,,,,,,
2533972,23-024301,2,False,0109,5/15/2023 8:33:00 PM,2033,32Y,14,109,Oakland,1,True,True,H,OTHER,,Monday,,,,,False,False,False,,E,PARKED MOTOR VEHICLE,,0,0,CLEAR,,NO UNUSUAL CONDITIONS - NO UNUSUAL CONDITIONS,,C,DARK-STREET LIGHTS,,,,,,,A,NO PEDESTRIANS INVOLVED,,A,22350,,1,106TH AV,2,,,A,N,55.0,BREED AV,F,,A,7/23/2024 9:25:39 AM,1/28/2025 2:06:16 PM,,,2,,,,,,,
2533971,23-024813,2,False,0109,5/18/2023 7:00:00 AM,700,10X,14,109,Oakland,1,True,True,B,SIDE SWIPE,,Thursday,,,,,False,False,False,,C,OTHER MOTOR VEHICLE,,0,0,,,NO UNUSUAL CONDITIONS - NO UNUSUAL CONDITIONS,,A,DAYLIGHT,,,,,,,E,IN ROAD - INCLUDES SHOULDER,,A,22450,,1,MARTIN LUTHER KING,1,,,A,,,46TH ST,,,D,7/23/2024 9:25:39 AM,1/28/2025 2:06:16 PM,,,2,,,,,,,
2533970,23-023238,2,False,0109,5/10/2023 11:57:00 AM,1157,35X,14,109,Oakland,1,True,True,C,REAR END,,Wednesday,,,M,,False,False,False,,E,PARKED MOTOR VEHICLE,,0,0,,,,,A,DAYLIGHT,,,,,,,A,NO PEDESTRIANS INVOLVED,,A,22350,,1,88TH AV,2,,,A,,,HILLSIDE ST,,,A,7/23/2024 9:25:39 AM,1/28/2025 2:06:16 PM,,,2,,,,,,,
2533969,23-022348,2,False,0109,5/6/2023 4:00:00 AM,400,19X,14,109,Oakland,1,True,True,A,HEAD-ON,,Saturday,,,M,,False,False,False,,E,PARKED MOTOR VEHICLE,,0,0,RAINING,,NO UNUSUAL CONDITIONS - NO UNUSUAL CONDITIONS,,C,DARK-STREET LIGHTS,,,,,,,A,NO PEDESTRIANS INVOLVED,,A,22107,,1,10TH AV,1,,,B,N,25.0,E 12TH ST,F,,A,7/23/2024 9:25:39 AM,1/28/2025 2:06:16 PM,,,2,,,,,,,
2533968,23-023960,2,False,0109,5/13/2023 9:10:00 PM,2110,35X,14,109,Oakland,1,True,True,C,REAR END,,Saturday,,,F,,False,False,False,,C,OTHER MOTOR VEHICLE,,0,0,CLEAR,,NO UNUSUAL CONDITIONS - NO UNUSUAL CONDITIONS,,C,DARK-STREET LIGHTS,,,,,,,A,NO PEDESTRIANS INVOLVED,,A,22350,,1,94TH AV,2,,,A,W,30.0,MACARTHUR BL,F,,D,7/23/2024 9:25:38 AM,1/28/2025 2:06:16 PM,,,2,,,,,,,
2533967,23-024741,2,False,0109,5/17/2023 6:46:00 PM,1846,27X,14,109,Oakland,1,True,True,A,HEAD-ON,,Wednesday,,,M,,False,False,False,,C,OTHER MOTOR VEHICLE,,0,0,CLEAR,,NO UNUSUAL CONDITIONS - NO UNUSUAL CONDITIONS,,A,DAYLIGHT,,,,,,,A,NO PEDESTRIANS INVOLVED,,A,21209,,1,55TH AV,W2,,,A,,,BANCROFT AV,,,A,7/23/2024 9:25:38 AM,1/28/2025 2:06:16 PM,,,2,,,,,,,
2533966,23-024221,2,False,0109,5/15/2023 12:59:00 PM,1259,31Y,14,109,Oakland,1,True,True,C,REAR END,,Monday,,,F,,False,False,False,,C,OTHER MOTOR VEHICLE,,0,0,CLEAR,,NO UNUSUAL CONDITIONS - NO UNUSUAL CONDITIONS,,A,DAYLIGHT,,,,,,,A,NO PEDESTRIANS INVOLVED,,A,22100A,,1,HEGENBERGER RD,2,,,A,S,100.0,PARDEE DR,F,,A,7/23/2024 9:25:38 AM,1/28/2025 2:06:16 PM,,,2,,,,,,,
2533965,23-025180,2,False,0109,5/19/2023 10:40:00 PM,2240,31Y,14,109,Oakland,1,True,True,C,REAR END,,Friday,,,M,,False,False,True,,C,OTHER MOTOR VEHICLE,,0,0,CLEAR,,NO UNUSUAL CONDITIONS - NO UNUSUAL CONDITIONS,,C,DARK-STREET LIGHTS,,,,,,,A,NO PEDESTRIANS INVOLVED,,A,22350,,1,EDES AV,2,,,A,W,12.0,98TH AV,F,,A,7/23/2024 9:25:38 AM,1/28/2025 2:06:16 PM,,,2,,,,,,,
2533964,23-025022,2,False,0109,5/19/2023 4:29:00 AM,429,19X,14,109,Oakland,1,True,True,C,REAR END,,Friday,,,M,,False,False,False,,E,PARKED MOTOR VEHICLE,,0,0,CLEAR,,NO UNUSUAL CONDITIONS - NO UNUSUAL CONDITIONS,,A,DAYLIGHT,,,,,,,A,NO PEDESTRIANS INVOLVED,,A,22107,,1,2ND AV,1,,,A,N,20.0,INTERNATIONAL BL,F,,A,7/23/2024 9:25:38 AM,1/28/2025 2:06:16 PM,,,2,,,,,,,
2533963,23-025051,2,False,0109,5/19/2023 6:33:00 AM,633,28X,14,109,Oakland,1,True,True,C,REAR END,,Friday,,,F,,False,False,False,,E,PARKED MOTOR VEHICLE,,0,0,CLEAR,,NO UNUSUAL CONDITIONS - NO UNUSUAL CONDITIONS,,A,DAYLIGHT,,,,,,,A,NO PEDESTRIANS INVOLVED,,A,22107,,1,55TH AV,2,,,A,S,300.0,YUBA ST,F,,D,7/23/2024 9:25:38 AM,1/28/2025 2:06:16 PM,,,2,,,,,,,
2533962,23-025053,2,False,0109,5/19/2023 10:30:00 AM,1030,26X,14,109,Oakland,1,True,True,B,SIDE SWIPE,,Friday,,,M,,False,False,False,,C,OTHER MOTOR VEHICLE,,0,0,CLOUDY,,NO UNUSUAL CONDITIONS - NO UNUSUAL CONDITIONS,,A,DAYLIGHT,,,,,,,A,NO PEDESTRIANS INVOLVED,,A,22107,,1,INTERNATIONAL BL,2,,,A,,,HIGH ST,,,A,7/23/2024 9:25:38 AM,1/28/2025 2:06:16 PM,,,2,,,,,,,
2533961,23-025408,2,False,0109,5/21/2023 3:00:00 AM,300,03X,14,109,Oakland,1,True,True,C,REAR END,,Sunday,,,M,,False,False,False,,E,PARKED MOTOR VEHICLE,,0,0,CLEAR,,NO UNUSUAL CONDITIONS - NO UNUSUAL CONDITIONS,,A,DAYLIGHT,,,,,,,A,NO PEDESTRIANS INVOLVED,,A,22350,,1,MADISON ST,2,,,A,S,35.0,11TH ST,F,,D,7/23/2024 9:25:38 AM,1/28/2025 2:06:16 PM,,,2,,,,,,,
2533960,23-023235,2,False,0109,5/10/2023 11:37:00 AM,1137,19X,14,109,Oakland,1,True,True,D,BROADSIDE,,Wednesday,,,,,False,False,False,,C,OTHER MOTOR VEHICLE,,0,0,CLEAR,CLOUDY,NO UNUSUAL CONDITIONS - NO UNUSUAL CONDITIONS,,A,DAYLIGHT,,,,,,,A,NO PEDESTRIANS INVOLVED,,A,21453A,,1,E 10TH ST,1,,,A,,,5TH AV,,,A,7/23/2024 9:25:38 AM,1/28/2025 2:06:16 PM,,,2,,,,,,,