collision-id,report-number,report-version,is-preliminary,ncic-code,crash-date-time,crash-time-description,beat,city-id,city-code,city-name,county-code,city-is-active,city-is-incorporated,collision-type-code,collision-type-description,collision-type-other-desc,day-of-week,dispatch-notified,has-photographs,hit-run,is-attachments-mailed,is-deleted,is-highway-related,is-tow-away,judicial-district,motor-vehicle-involved-with-code,motor-vehicle-involved-with-desc,motor-vehicle-involved-with-other-desc,number-injured,number-killed,weather-1,weather-2,road-condition-1,road-condition-2,special-condition-lighting-code,lighting-description,latitude,longitude,milepost-direction,milepost-distance,milepost-marker,milepost-unit-of-measure,pedestrian-action-code,pedestrian-action-desc,prepared-date,primary-collision-factor-code,primary-collision-factor-violation,primary-collision-factor-is-cited,primary-collision-party-number,primary-road,reporting-district,reporting-district-code,reviewed-date,roadway-surface-code,secondary-direction,secondary-distance,secondary-road,secondary-unit-of-measure,sketch-desc,traffic-control-device-code,created-date,modified-date,is-county-road,is-freeway,chp-555-version,is-additonal-object-struck,notification-date,notification-time-description,has-digital-media-files,evidence-number,is-location-refer-to-narrative,is-aoi-one-same-as-location
2566976,23-048989,2,False,0109,9/17/2023 7:30:00 AM,730,22X,14,109,Oakland,1,True,True,D,BROADSIDE,,Sunday,,,F,,False,False,False,,C,OTHER MOTOR VEHICLE,,1,0,CLOUDY,,NO UNUSUAL CONDITIONS - NO UNUSUAL CONDITIONS,,A,DAYLIGHT,,,,,,,A,NO PEDESTRIANS INVOLVED,,A,21453A,,1,COOLIDGE AV,2,,,A,,,MONTANA ST,,,A,7/23/2024 10:22:15 AM,1/28/2025 2:40:06 PM,,,2,,,,,,,
2566975,23-049063,2,False,0109,9/17/2023 3:55:00 PM,1555,30X,14,109,Oakland,1,True,True,G,VEHICLE/PEDESTRAIN,,Sunday,,,M,,False,False,False,,B,PEDESTRIAN,,1,0,CLEAR,,NO UNUSUAL CONDITIONS - NO UNUSUAL CONDITIONS,,A,DAYLIGHT,,,,,,,B,CROSSING IN CROSS WALK AT INTERSECTION,,A,21950A,,1,81ST AV,2,,,A,,,INTERNATIONAL BL,,,A,7/23/2024 10:22:15 AM,1/28/2025 2:40:06 PM,,,2,,,,,,,
2566974,23-049561,2,False,0109,9/19/2023 2:16:00 PM,1416,27X,14,109,Oakland,1,True,True,A,HEAD-ON,,Tuesday,,,M,,False,False,False,,C,OTHER MOTOR VEHICLE,,1,0,CLEAR,,NO UNUSUAL CONDITIONS - NO UNUSUAL CONDITIONS,,A,DAYLIGHT,,,,,,,A,NO PEDESTRIANS INVOLVED,,A,22107,,1,YGNACIO AV,2,,,A,E,10.0,HIGH ST,F,,A,7/23/2024 10:22:15 AM,1/28/2025 2:40:06 PM,,,2,,,,,,,
2566963,23-048684,2,False,0109,9/15/2023 1:38:00 PM,1338,31X,14,109,Oakland,1,True,True,B,SIDE SWIPE,,Friday,,,,,False,False,False,,C,OTHER MOTOR VEHICLE,,0,0,CLEAR,,NO UNUSUAL CONDITIONS - NO UNUSUAL CONDITIONS,,A,DAYLIGHT,,,,,,,A,NO PEDESTRIANS INVOLVED,,A,21453A,,1,SAN LEANDRO ST,2,,,A,,,81ST AV,,,A,7/23/2024 10:22:13 AM,1/28/2025 2:40:05 PM,,,2,,,,,,,
2566962,23-048825,2,False,0109,9/16/2023 9:48:00 AM,948,17Y,14,109,Oakland,1,True,True,C,REAR END,,Saturday,,,,,False,False,False,,C,OTHER MOTOR VEHICLE,,0,0,CLEAR,,NO UNUSUAL CONDITIONS - NO UNUSUAL CONDITIONS,,A,DAYLIGHT,,,,,,,A,NO PEDESTRIANS INVOLVED,,A,22350,,1,PARK BL,1,,,A,,,E 33RD ST,,,A,7/23/2024 10:22:13 AM,1/28/2025 2:40:05 PM,,,2,,,,,,,
2566961,23-047054,2,False,0109,9/7/2023 5:13:00 PM,1713,35X,14,109,Oakland,1,True,True,D,BROADSIDE,,Thursday,,,M,,False,False,False,,C,OTHER MOTOR VEHICLE,,0,0,CLEAR,,NO UNUSUAL CONDITIONS - NO UNUSUAL CONDITIONS,,A,DAYLIGHT,,,,,,,A,NO PEDESTRIANS INVOLVED,,A,21453A,,1,BANCROFT AV,2,,,A,N,10.0,90TH AV,F,,A,7/23/2024 10:22:13 AM,1/28/2025 2:40:05 PM,,,2,,,,,,,
2566960,23-047188,2,False,0109,9/8/2023 11:22:00 AM,1122,24X,14,109,Oakland,1,True,True,C,REAR END,,Friday,,,M,,False,False,False,,E,PARKED MOTOR VEHICLE,,0,0,CLEAR,,NO UNUSUAL CONDITIONS - NO UNUSUAL CONDITIONS,,A,DAYLIGHT,,,,,,,A,NO PEDESTRIANS INVOLVED,,A,22107,,1,FOOTHILL BL,2,,,A,W,100.0,36TH AV,F,,A,7/23/2024 10:22:13 AM,1/28/2025 2:40:05 PM,,,2,,,,,,,
2566956,23-057923,2,False,0109,11/1/2023 3:17:00 AM,317,02X,14,109,Oakland,1,True,True,A,HEAD-ON,,Wednesday,,,M,,False,False,False,,C,OTHER MOTOR VEHICLE,,0,0,CLEAR,,NO UNUSUAL CONDITIONS - NO UNUSUAL CONDITIONS,,D,DARK-NO STREET LIGHTS,,,,,,,A,NO PEDESTRIANS INVOLVED,,A,22107,,1,8TH ST,1,,,A,E,75.0,UNION ST,F,,C,7/23/2024 10:22:13 AM,1/28/2025 2:40:04 PM,,,2,,,,,,,
2566932,23-050006,2,False,0109,9/21/2023 3:19:00 PM,1519,30X,14,109,Oakland,1,True,True,E,HIT OBJECT,,Thursday,,,M,,False,False,False,,C,OTHER MOTOR VEHICLE,,0,0,CLEAR,,NO UNUSUAL CONDITIONS - NO UNUSUAL CONDITIONS,,A,DAYLIGHT,,,,,,,A,NO PEDESTRIANS INVOLVED,,A,22107,,1,INTERNATIONAL AV,2,,,A,E,100.0,80TH AV,F,,A,7/23/2024 10:22:09 AM,1/28/2025 2:40:03 PM,,,2,,,,,,,
2566928,23-048108,2,False,0109,9/13/2023 5:51:00 PM,1751,26X,14,109,Oakland,1,True,True,C,REAR END,,Wednesday,,,M,,False,False,True,,C,OTHER MOTOR VEHICLE,,0,0,CLEAR,,NO UNUSUAL CONDITIONS - NO UNUSUAL CONDITIONS,,A,DAYLIGHT,,,,,,,A,NO PEDESTRIANS INVOLVED,,A,22107,,1,SAN LEANDRO,2,,,A,W,120.0,73RD AV,F,,A,7/23/2024 10:22:09 AM,1/28/2025 2:40:03 PM,,,2,,,,,,,
2566924,23-050339,2,False,0109,9/23/2023 1:47:00 AM,147,34X,14,109,Oakland,1,True,True,D,BROADSIDE,,Saturday,,,M,,False,False,True,,C,OTHER MOTOR VEHICLE,,0,0,CLEAR,,NO UNUSUAL CONDITIONS - NO UNUSUAL CONDITIONS,,C,DARK-STREET LIGHTS,,,,,,,A,NO PEDESTRIANS INVOLVED,,A,21750,,1,90TH AV,2,,,A,,,SUNNYSIDE ST,,,A,7/23/2024 10:22:08 AM,1/28/2025 2:40:02 PM,,,2,,,,,,,
2566921,23-057163,2,False,0109,10/27/2023 6:13:00 PM,1813,30X,14,109,Oakland,1,True,True,B,SIDE SWIPE,,Friday,,,M,,False,False,False,,C,OTHER MOTOR VEHICLE,,0,0,CLEAR,,NO UNUSUAL CONDITIONS - NO UNUSUAL CONDITIONS,,A,DAYLIGHT,,,,,,,A,NO PEDESTRIANS INVOLVED,,A,22106,,1,INTERNATIONAL BL,2,,,A,,,79TH AV,,,A,7/23/2024 10:22:08 AM,1/28/2025 2:40:02 PM,,,2,,,,,,,
2566448,23-023749,2,False,0109,5/12/2023 6:22:00 PM,1822,14X,14,109,Oakland,1,True,True,B,SIDE SWIPE,,Friday,,,,,False,False,False,,C,OTHER MOTOR VEHICLE,,0,0,CLEAR,,NO UNUSUAL CONDITIONS - NO UNUSUAL CONDITIONS,,A,DAYLIGHT,,,,,,,A,NO PEDESTRIANS INVOLVED,,A,22107,,1,LAKESHORE AV,1,,,A,N,25.0,LAKE PARK,F,,A,7/23/2024 10:21:06 AM,1/28/2025 2:39:31 PM,,,2,,,,,,,
2566446,23-026003,2,False,0109,5/24/2023 12:15:00 PM,1215,31X,14,109,Oakland,1,True,True,C,REAR END,,Wednesday,,,M,,False,False,False,,C,OTHER MOTOR VEHICLE,,0,0,CLEAR,,NO UNUSUAL CONDITIONS - NO UNUSUAL CONDITIONS,,A,DAYLIGHT,,,,,,,A,NO PEDESTRIANS INVOLVED,,A,22350,,1,98TH AV,2,,,A,,,DENSLOWE AV,,,A,7/23/2024 10:21:06 AM,1/28/2025 2:39:31 PM,,,2,,,,,,,
2566427,23-047644,2,False,0109,9/10/2023 4:27:00 PM,1627,03X,14,109,Oakland,1,True,True,D,BROADSIDE,,Sunday,,,M,,False,False,True,,C,OTHER MOTOR VEHICLE,,1,0,CLEAR,,NO UNUSUAL CONDITIONS - NO UNUSUAL CONDITIONS,,A,DAYLIGHT,,,,,,,A,NO PEDESTRIANS INVOLVED,,A,21453A,,1,7TH ST,1,,,A,,,OAK ST,,,A,7/23/2024 10:21:04 AM,1/28/2025 2:39:30 PM,,,2,,,,,,,
2566187,23-003366,2,False,0109,1/20/2023 10:22:00 AM,1022,27X,14,109,Oakland,1,True,True,D,BROADSIDE,,Friday,,,,,False,False,False,,D,MOTOR VEHICLE ON OTHER ROADWAY,,0,0,CLEAR,,NO UNUSUAL CONDITIONS - NO UNUSUAL CONDITIONS,,A,DAYLIGHT,,,,,,,A,NO PEDESTRIANS INVOLVED,,A,22106,,1,BANCROFT AV,2,,,A,W,5.0,44TH AV,F,,D,7/23/2024 10:20:31 AM,1/28/2025 2:39:15 PM,,,2,,,,,,,
2566180,23-015271,2,False,0109,3/29/2023 5:16:00 PM,1716,07X,14,109,Oakland,1,True,True,B,SIDE SWIPE,,Wednesday,,,,,False,False,False,,C,OTHER MOTOR VEHICLE,,0,0,RAINING,,NO UNUSUAL CONDITIONS - NO UNUSUAL CONDITIONS,,A,DAYLIGHT,,,,,,,A,NO PEDESTRIANS INVOLVED,,A,22107,,1,MILTON ST,1,,,B,E,100.0,SAN PABLO,F,,D,7/23/2024 10:20:30 AM,1/28/2025 2:39:14 PM,,,2,,,,,,,
2566172,23-032971,2,False,0109,6/29/2023 3:28:00 AM,328,26X,14,109,Oakland,1,True,True,D,BROADSIDE,,Thursday,,,F,,False,False,False,,C,OTHER MOTOR VEHICLE,,0,0,CLEAR,,NO UNUSUAL CONDITIONS - NO UNUSUAL CONDITIONS,,C,DARK-STREET LIGHTS,,,,,,,A,NO PEDESTRIANS INVOLVED,,A,21453A,,1,HEGENBERGER RD,2,,,A,,,HAMILTON ST,,,A,7/23/2024 10:20:29 AM,1/28/2025 2:39:14 PM,,,2,,,,,,,
2566134,23-034919,2,False,0109,7/9/2023 7:33:00 PM,1933,32X,14,109,Oakland,1,True,True,D,BROADSIDE,,Sunday,,,,,False,False,False,,C,OTHER MOTOR VEHICLE,,1,0,CLEAR,,NO UNUSUAL CONDITIONS - NO UNUSUAL CONDITIONS,,A,DAYLIGHT,,,,,,,A,NO PEDESTRIANS INVOLVED,,A,21802A,,1,BANCROFT AV,2,,,A,,,108TH AV,,,A,7/23/2024 10:20:25 AM,1/28/2025 2:39:11 PM,,,2,,,,,,,
2566102,23-017639,2,False,0109,4/11/2023 6:08:00 PM,1808,21Y,14,109,Oakland,1,True,True,D,BROADSIDE,,Tuesday,,,M,,False,False,False,,C,OTHER MOTOR VEHICLE,,1,0,CLEAR,,NO UNUSUAL CONDITIONS - NO UNUSUAL CONDITIONS,,A,DAYLIGHT,,,,,,,A,NO PEDESTRIANS INVOLVED,,A,22450A,,1,MAPLE AV,2,,,A,E,10.0,TEXAS ST,F,,A,7/23/2024 10:20:21 AM,1/28/2025 2:39:09 PM,,,2,,,,,,,
2566101,23-046104,2,False,0109,9/3/2023 10:44:00 AM,1044,19X,14,109,Oakland,1,True,True,D,BROADSIDE,,Sunday,,,,,False,False,False,,C,OTHER MOTOR VEHICLE,,3,0,CLEAR,,NO UNUSUAL CONDITIONS - NO UNUSUAL CONDITIONS,,A,DAYLIGHT,,,,,,,A,NO PEDESTRIANS INVOLVED,,A,22450A,,1,21ST AV,1,,,A,,,FOOTHILL BL,,,D,7/23/2024 10:20:21 AM,1/28/2025 2:39:09 PM,,,2,,,,,,,
2566100,23-047164,2,False,0109,9/8/2023 9:39:00 AM,939,08X,14,109,Oakland,1,True,True,H,OTHER,,Friday,,,,,False,False,False,,I,FIXED OBJECT,,1,0,CLEAR,,NO UNUSUAL CONDITIONS - NO UNUSUAL CONDITIONS,,A,DAYLIGHT,,,,,,,A,NO PEDESTRIANS INVOLVED,,A,22107,,1,23RD ST,1,,,A,,,NORTHGATE AV,,,D,7/23/2024 10:20:20 AM,1/28/2025 2:39:09 PM,,,2,,,,,,,
2566099,23-047170,2,False,0109,9/8/2023 10:06:00 AM,1006,03X,14,109,Oakland,1,True,True,G,VEHICLE/PEDESTRAIN,,Friday,,,,,False,False,False,,B,PEDESTRIAN,,1,0,CLEAR,,NO UNUSUAL CONDITIONS - NO UNUSUAL CONDITIONS,,A,DAYLIGHT,,,,,,,B,CROSSING IN CROSS WALK AT INTERSECTION,,A,21950A,,1,7TH ST,1,,,A,E,10.0,ALICE ST,F,,D,7/23/2024 10:20:20 AM,1/28/2025 2:39:09 PM,,,2,,,,,,,
2566098,23-047483,2,False,0109,9/9/2023 8:20:00 PM,2020,03X,14,109,Oakland,1,True,True,D,BROADSIDE,,Saturday,,,,,False,False,False,,C,OTHER MOTOR VEHICLE,,1,0,CLEAR,,NO UNUSUAL CONDITIONS - NO UNUSUAL CONDITIONS,,C,DARK-STREET LIGHTS,,,,,,,A,NO PEDESTRIANS INVOLVED,,A,21453A,,,7TH ST,1,,,A,,,OAK ST,,,A,7/23/2024 10:20:20 AM,1/28/2025 2:39:09 PM,,,2,,,,,,,
2566097,23-047591,2,False,0109,9/10/2023 11:35:00 AM,1135,03X,14,109,Oakland,1,True,True,G,VEHICLE/PEDESTRAIN,,Sunday,,,,,False,False,False,,B,PEDESTRIAN,,1,0,CLEAR,,NO UNUSUAL CONDITIONS - NO UNUSUAL CONDITIONS,,A,DAYLIGHT,,,,,,,C,CROSSING IN CROSS WALK - NOT AT INTERSECTION,,A,21950A,,1,HARRISON ST,1,,,A,,,9TH ST,,,D,7/23/2024 10:20:20 AM,1/28/2025 2:39:09 PM,,,2,,,,,,,
2566096,23-046356,2,False,0109,9/4/2023 8:28:00 PM,2028,10X,14,109,Oakland,1,True,True,A,HEAD-ON,,Monday,,,,,False,False,False,,G,BICYCLE,,1,0,,,,,C,DARK-STREET LIGHTS,,,,,,,A,NO PEDESTRIANS INVOLVED,,A,21802A,,1,MARTIN LUTHER KING JR WY,1,,,A,S,10.0,45TH ST,F,,C,7/23/2024 10:20:20 AM,1/28/2025 2:39:09 PM,,,2,,,,,,,
2566094,23-047682,2,False,0109,9/10/2023 7:35:00 PM,1935,27X,14,109,Oakland,1,True,True,C,REAR END,,Sunday,,,M,,False,False,False,,C,OTHER MOTOR VEHICLE,,1,0,CLEAR,,NO UNUSUAL CONDITIONS - NO UNUSUAL CONDITIONS,,A,DAYLIGHT,,,,,,,A,NO PEDESTRIANS INVOLVED,,A,22350,,1,HIGH ST,2,,,A,S,10.0,E 12TH ST,F,,A,7/23/2024 10:20:20 AM,1/28/2025 2:39:08 PM,,,2,,,,,,,
2566083,23-043852,2,False,0109,8/22/2023 6:11:00 PM,1811,02Y,14,109,Oakland,1,True,True,D,BROADSIDE,,Tuesday,,,,,False,False,False,,C,OTHER MOTOR VEHICLE,,0,0,CLEAR,,NO UNUSUAL CONDITIONS - NO UNUSUAL CONDITIONS,,A,DAYLIGHT,,,,,,,A,NO PEDESTRIANS INVOLVED,,A,22107,,1,7TH ST,1,,,A,,,CHESTER ST,,,D,7/23/2024 10:20:18 AM,1/28/2025 2:39:08 PM,,,2,,,,,,,
2566082,23-044134,2,False,0109,8/24/2023 12:08:00 AM,8,21X,14,109,Oakland,1,True,True,B,SIDE SWIPE,,Thursday,,,F,,False,False,False,,E,PARKED MOTOR VEHICLE,,0,0,CLEAR,,NO UNUSUAL CONDITIONS - NO UNUSUAL CONDITIONS,,C,DARK-STREET LIGHTS,,,,,,,A,NO PEDESTRIANS INVOLVED,,A,22107,,1,COOLIDGE AV,2,,,A,N,20.0,PRENTISS,F,,D,7/23/2024 10:20:18 AM,1/28/2025 2:39:07 PM,,,2,,,,,,,
2566081,23-045106,2,False,0109,8/28/2023 5:00:00 PM,1700,05X,14,109,Oakland,1,True,True,A,HEAD-ON,,Monday,,,M,,False,False,False,,E,PARKED MOTOR VEHICLE,,0,0,CLEAR,,NO UNUSUAL CONDITIONS - NO UNUSUAL CONDITIONS,,A,DAYLIGHT,,,,,,,A,NO PEDESTRIANS INVOLVED,,A,22107,,1,18TH ST,1,,,A,W,100.0,MYRTLE ST,F,,D,7/23/2024 10:20:18 AM,1/28/2025 2:39:07 PM,,,2,,,,,,,
2566080,23-043251,2,False,0109,8/20/2023 12:22:00 AM,22,14X,14,109,Oakland,1,True,True,B,SIDE SWIPE,,Sunday,,,M,,False,False,True,,E,PARKED MOTOR VEHICLE,,0,0,CLEAR,,NO UNUSUAL CONDITIONS - NO UNUSUAL CONDITIONS,,C,DARK-STREET LIGHTS,,,,,,,A,NO PEDESTRIANS INVOLVED,,A,22107,,1,EUCLID AV,1,,,A,S,80.0,PALM AV,F,,D,7/23/2024 10:20:18 AM,1/28/2025 2:39:07 PM,,,2,,,,,,,
2566079,23-045403,2,False,0109,8/30/2023 6:03:00 PM,1803,28X,14,109,Oakland,1,True,True,B,SIDE SWIPE,,Wednesday,,,M,,False,False,False,,C,OTHER MOTOR VEHICLE,,0,0,CLEAR,,NO UNUSUAL CONDITIONS - NO UNUSUAL CONDITIONS,,A,DAYLIGHT,,,,,,,A,NO PEDESTRIANS INVOLVED,,A,21460A,,1,MACARTHUR BL,2,,,A,S,25.0,MILLSVIEW AV,F,,D,7/23/2024 10:20:17 AM,1/28/2025 2:39:07 PM,,,2,,,,,,,
2566070,23-044845,2,False,0109,8/28/2023 9:08:00 AM,908,11X,14,109,Oakland,1,True,True,E,HIT OBJECT,,Monday,,,,,False,False,False,,C,OTHER MOTOR VEHICLE,,0,0,CLEAR,,NO UNUSUAL CONDITIONS - NO UNUSUAL CONDITIONS,,A,DAYLIGHT,,,,,,,A,NO PEDESTRIANS INVOLVED,,A,21801A,,1,SHATTUCK AV,1,,,A,,,55TH ST,,,A,7/23/2024 10:20:16 AM,1/28/2025 2:39:07 PM,,,2,,,,,,,
2566067,23-044576,2,False,0109,8/26/2023 2:20:00 PM,1420,25X,14,109,Oakland,1,True,True,C,REAR END,,Saturday,,,,,False,False,False,,C,OTHER MOTOR VEHICLE,,0,0,CLEAR,,NO UNUSUAL CONDITIONS - NO UNUSUAL CONDITIONS,,A,DAYLIGHT,,,,,,,A,NO PEDESTRIANS INVOLVED,,A,22350,,1,MOUNTAIN BL,2,,,A,W,15.0,RUSTING AV,F,,D,7/23/2024 10:20:16 AM,1/28/2025 2:39:07 PM,,,2,,,,,,,
2566061,23-045931,2,False,0109,9/2/2023 12:45:00 PM,1245,31X,14,109,Oakland,1,True,True,D,BROADSIDE,,Saturday,,,,,False,False,False,,C,OTHER MOTOR VEHICLE,,0,0,CLOUDY,,NO UNUSUAL CONDITIONS - NO UNUSUAL CONDITIONS,,A,DAYLIGHT,,,,,,,A,NO PEDESTRIANS INVOLVED,,A,21801A,,1,98TH AV,2,,,A,,,AIRPORT ACCESS RD,,,A,7/23/2024 10:20:15 AM,1/28/2025 2:39:06 PM,,,2,,,,,,,
2566060,23-047624,2,False,0109,9/10/2023 1:56:00 PM,1356,03X,14,109,Oakland,1,True,True,D,BROADSIDE,,Sunday,,,,,False,False,False,,C,OTHER MOTOR VEHICLE,,0,0,CLEAR,,NO UNUSUAL CONDITIONS - NO UNUSUAL CONDITIONS,,A,DAYLIGHT,,,,,,,A,NO PEDESTRIANS INVOLVED,,A,21453A,,1,BROADWAY,1,,,A,,,12TH ST,,,A,7/23/2024 10:20:15 AM,1/28/2025 2:39:06 PM,,,2,,,,,,,
2566059,23-047308,2,False,0109,9/8/2023 8:25:00 PM,2025,17X,14,109,Oakland,1,True,True,C,REAR END,,Friday,,,,,False,False,False,,C,OTHER MOTOR VEHICLE,,0,0,CLEAR,,NO UNUSUAL CONDITIONS - NO UNUSUAL CONDITIONS,,C,DARK-STREET LIGHTS,,,,,,,A,NO PEDESTRIANS INVOLVED,,A,22350,,1,E 18TH ST,1,,,A,,,6TH AV,,,A,7/23/2024 10:20:15 AM,1/28/2025 2:39:06 PM,,,2,,,,,,,
2566058,23-046480,2,False,0109,9/5/2023 12:44:00 PM,1244,02X,14,109,Oakland,1,True,True,D,BROADSIDE,,Tuesday,,,,,False,False,False,,C,OTHER MOTOR VEHICLE,,0,0,CLEAR,,NO UNUSUAL CONDITIONS - NO UNUSUAL CONDITIONS,,A,DAYLIGHT,,,,,,,A,NO PEDESTRIANS INVOLVED,,A,21453A,,,7TH ST,1,,,A,,,MARITIME ST,,,A,7/23/2024 10:20:15 AM,1/28/2025 2:39:06 PM,,,2,,,,,,,
2566057,23-046750,2,False,0109,9/6/2023 9:17:00 AM,917,28X,14,109,Oakland,1,True,True,C,REAR END,,Wednesday,,,M,,False,False,False,,C,OTHER MOTOR VEHICLE,,0,0,CLEAR,,NO UNUSUAL CONDITIONS - NO UNUSUAL CONDITIONS,,A,DAYLIGHT,,,,,,,A,NO PEDESTRIANS INVOLVED,,A,22350,,1,MACARTHUR BL,2,,,A,,,PIERSON ST,,,A,7/23/2024 10:20:15 AM,1/28/2025 2:39:06 PM,,,2,,,,,,,
2566056,23-047312,2,False,0109,9/8/2023 10:38:00 PM,2238,23X,14,109,Oakland,1,True,True,B,SIDE SWIPE,,Friday,,,M,,False,False,False,,E,PARKED MOTOR VEHICLE,,0,0,CLEAR,,NO UNUSUAL CONDITIONS - NO UNUSUAL CONDITIONS,,C,DARK-STREET LIGHTS,,,,,,,A,NO PEDESTRIANS INVOLVED,,A,22107,,1,FOOTHILL BL,2,,,A,W,100.0,41ST AV,F,,D,7/23/2024 10:20:15 AM,1/28/2025 2:39:06 PM,,,2,,,,,,,
2566055,23-046204,2,False,0109,9/3/2023 10:16:00 PM,2216,11X,14,109,Oakland,1,True,True,D,BROADSIDE,,Sunday,,,M,,False,False,False,,C,OTHER MOTOR VEHICLE,,0,0,CLEAR,,NO UNUSUAL CONDITIONS - NO UNUSUAL CONDITIONS,,C,DARK-STREET LIGHTS,,,,,,,A,NO PEDESTRIANS INVOLVED,,A,21453A,,1,55TH ST,1,,,A,,,SHATTUCK AV,,,A,7/23/2024 10:20:15 AM,1/28/2025 2:39:06 PM,,,2,,,,,,,
2566054,23-046231,2,False,0109,9/4/2023 10:37:00 PM,2237,33X,14,109,Oakland,1,True,True,B,SIDE SWIPE,,Monday,,,M,,False,False,False,,C,OTHER MOTOR VEHICLE,,0,0,CLEAR,,NO UNUSUAL CONDITIONS - NO UNUSUAL CONDITIONS,,C,DARK-STREET LIGHTS,,,,,,,A,NO PEDESTRIANS INVOLVED,,A,22107,,1,D ST,2,,,A,E,50.0,ELMHURST AV,F,,D,7/23/2024 10:20:15 AM,1/28/2025 2:39:06 PM,,,2,,,,,,,
2566053,23-045861,2,False,0109,9/2/2023 2:58:00 AM,258,23X,14,109,Oakland,1,True,True,C,REAR END,,Saturday,,,F,,False,False,False,,C,OTHER MOTOR VEHICLE,,0,0,CLEAR,,NO UNUSUAL CONDITIONS - NO UNUSUAL CONDITIONS,,C,DARK-STREET LIGHTS,,,,,,,A,NO PEDESTRIANS INVOLVED,,A,22350,,1,INTERNATIONAL BL,2,,,A,E,5.0,35TH AV,F,,A,7/23/2024 10:20:14 AM,1/28/2025 2:39:06 PM,,,2,,,,,,,
2566052,23-047067,2,False,0109,9/7/2023 6:15:00 PM,1815,27X,14,109,Oakland,1,True,True,C,REAR END,,Thursday,,,M,,False,False,False,,C,OTHER MOTOR VEHICLE,,0,0,,,,,A,DAYLIGHT,,,,,,,A,NO PEDESTRIANS INVOLVED,,A,22450A,,1,FOOTHILL BL,2,,,A,,,61ST AV,,,B,7/23/2024 10:20:14 AM,1/28/2025 2:39:06 PM,,,2,,,,,,,
2566050,23-046220,2,False,0109,9/4/2023 1:21:00 AM,121,33X,14,109,Oakland,1,True,True,C,REAR END,,Monday,,,M,,False,False,False,,C,OTHER MOTOR VEHICLE,,0,0,CLEAR,,NO UNUSUAL CONDITIONS - NO UNUSUAL CONDITIONS,,C,DARK-STREET LIGHTS,,,,,,,A,NO PEDESTRIANS INVOLVED,,A,22107,,1,INTERNATIONAL BL,2,,,A,,,85TH AV,,,A,7/23/2024 10:20:14 AM,1/28/2025 2:39:06 PM,,,2,,,,,,,
2566038,23-044994,2,False,0109,8/22/2023 1:20:00 AM,120,26X,14,109,Oakland,1,True,True,B,SIDE SWIPE,,Tuesday,,,M,,False,False,False,,C,OTHER MOTOR VEHICLE,,0,0,CLEAR,,NO UNUSUAL CONDITIONS - NO UNUSUAL CONDITIONS,,C,DARK-STREET LIGHTS,,,,,,,A,NO PEDESTRIANS INVOLVED,,A,21453A,,1,SEMINARY AV,2,,,A,S,5.0,INTERNATIONAL BL,F,,A,7/23/2024 10:20:12 AM,1/28/2025 2:39:04 PM,,,2,,,,,,,
2566034,23-046122,2,False,0109,9/3/2023 12:42:00 PM,1242,34X,14,109,Oakland,1,True,True,B,SIDE SWIPE,,Sunday,,,M,,False,False,False,,C,OTHER MOTOR VEHICLE,,0,0,CLEAR,,NO UNUSUAL CONDITIONS - NO UNUSUAL CONDITIONS,,A,DAYLIGHT,,,,,,,A,NO PEDESTRIANS INVOLVED,,A,21453A,,1,92ND AV,2,,,A,,,INTERNATIONAL BL,,,A,7/23/2024 10:20:12 AM,1/28/2025 2:39:04 PM,,,2,,,,,,,
2566030,23-049001,2,False,0109,9/17/2023 9:11:00 AM,911,31Y,14,109,Oakland,1,True,True,B,SIDE SWIPE,,Sunday,,,M,,False,False,False,,E,PARKED MOTOR VEHICLE,,0,0,CLOUDY,,NO UNUSUAL CONDITIONS - NO UNUSUAL CONDITIONS,,A,DAYLIGHT,,,,,,,A,NO PEDESTRIANS INVOLVED,,A,22107,,1,JONES AV,2,,,A,S,100.0,ASHTON AV,F,,D,7/23/2024 10:20:12 AM,1/28/2025 2:39:04 PM,,,2,,,,,,,
2566026,23-052365,2,False,0109,10/3/2023 1:47:00 PM,1347,31Y,14,109,Oakland,1,True,True,D,BROADSIDE,,Tuesday,,,M,,False,False,False,,C,OTHER MOTOR VEHICLE,,0,0,CLEAR,,NO UNUSUAL CONDITIONS - NO UNUSUAL CONDITIONS,,A,DAYLIGHT,,,,,,,A,NO PEDESTRIANS INVOLVED,,A,22107,,1,98TH AV,2,,,A,N,20.0,BIGGE ST,F,,A,7/23/2024 10:20:11 AM,1/28/2025 2:39:04 PM,,,2,,,,,,,
2565984,23-056039,2,False,0109,10/22/2023 12:16:00 PM,1216,34X,14,109,Oakland,1,True,True,A,HEAD-ON,,Sunday,,,,,False,False,True,,C,OTHER MOTOR VEHICLE,,2,0,CLOUDY,RAINING,NO UNUSUAL CONDITIONS - NO UNUSUAL CONDITIONS,,A,DAYLIGHT,,,,,,,A,NO PEDESTRIANS INVOLVED,,A,22350,,1,BIRCH ST,2,,,B,,,98TH AV,,,D,7/23/2024 10:20:06 AM,1/28/2025 2:39:02 PM,,,2,,,,,,,
2565808,23-052831,2,False,0109,10/5/2023 7:40:00 PM,1940,03X,14,109,Oakland,1,True,True,D,BROADSIDE,,Thursday,,,,,False,False,False,,C,OTHER MOTOR VEHICLE,,2,0,CLEAR,,NO UNUSUAL CONDITIONS - NO UNUSUAL CONDITIONS,,C,DARK-STREET LIGHTS,,,,,,,A,NO PEDESTRIANS INVOLVED,,A,21453A,,2,OAK ST,1,,,A,,,10TH ST,,,A,7/23/2024 10:19:43 AM,1/28/2025 2:38:49 PM,,,2,,,,,,,
2565788,23-027765,2,False,0109,6/23/2023 6:03:00 AM,603,05Y,14,109,Oakland,1,True,True,A,HEAD-ON,,Friday,,,,,False,False,True,,I,FIXED OBJECT,,0,0,CLEAR,,NO UNUSUAL CONDITIONS - NO UNUSUAL CONDITIONS,,A,DAYLIGHT,,,,,,,A,NO PEDESTRIANS INVOLVED,,A,23152A,,1,W GRAND AV,1,,,,,,MARITIME ST,,,A,7/23/2024 10:19:41 AM,1/28/2025 2:38:48 PM,,,2,,,,,,,