collision-id,report-number,report-version,is-preliminary,ncic-code,crash-date-time,crash-time-description,beat,city-id,city-code,city-name,county-code,city-is-active,city-is-incorporated,collision-type-code,collision-type-description,collision-type-other-desc,day-of-week,dispatch-notified,has-photographs,hit-run,is-attachments-mailed,is-deleted,is-highway-related,is-tow-away,judicial-district,motor-vehicle-involved-with-code,motor-vehicle-involved-with-desc,motor-vehicle-involved-with-other-desc,number-injured,number-killed,weather-1,weather-2,road-condition-1,road-condition-2,special-condition-lighting-code,lighting-description,latitude,longitude,milepost-direction,milepost-distance,milepost-marker,milepost-unit-of-measure,pedestrian-action-code,pedestrian-action-desc,prepared-date,primary-collision-factor-code,primary-collision-factor-violation,primary-collision-factor-is-cited,primary-collision-party-number,primary-road,reporting-district,reporting-district-code,reviewed-date,roadway-surface-code,secondary-direction,secondary-distance,secondary-road,secondary-unit-of-measure,sketch-desc,traffic-control-device-code,created-date,modified-date,is-county-road,is-freeway,chp-555-version,is-additonal-object-struck,notification-date,notification-time-description,has-digital-media-files,evidence-number,is-location-refer-to-narrative,is-aoi-one-same-as-location
2591835,23-052913,2,False,0109,10/6/2023 8:01:00 AM,801,19X,14,109,Oakland,1,True,True,B,SIDE SWIPE,,Friday,,,M,,False,False,False,,C,OTHER MOTOR VEHICLE,,1,0,CLEAR,,NO UNUSUAL CONDITIONS - NO UNUSUAL CONDITIONS,,A,DAYLIGHT,,,,,,,E,IN ROAD - INCLUDES SHOULDER,,A,21453A,,1,14TH AV,1,,,A,,,12TH ST,,,A,7/23/2024 2:31:00 PM,1/28/2025 3:27:58 PM,,,2,,,,,,,
2591833,23-061657,2,False,0109,11/21/2023 4:48:00 AM,448,30X,14,109,Oakland,1,True,True,C,REAR END,,Tuesday,,,M,,False,False,False,,E,PARKED MOTOR VEHICLE,,0,0,CLOUDY,,NO UNUSUAL CONDITIONS - NO UNUSUAL CONDITIONS,,C,DARK-STREET LIGHTS,,,,,,,A,NO PEDESTRIANS INVOLVED,,A,22107,,1,HOLLY ST,2,,,A,W,25.0,81ST AV,F,,D,7/23/2024 2:31:00 PM,1/28/2025 3:27:58 PM,,,2,,,,,,,
2591816,23-060135,2,False,0109,11/12/2023 8:05:00 PM,2005,31Z,14,109,Oakland,1,True,True,B,SIDE SWIPE,,Sunday,,,,,False,False,False,,C,OTHER MOTOR VEHICLE,,0,0,CLEAR,,NO UNUSUAL CONDITIONS - NO UNUSUAL CONDITIONS,,C,DARK-STREET LIGHTS,,,,,,,A,NO PEDESTRIANS INVOLVED,,A,22107,,1,EDES AV,2,,,A,,,98TH AV,,,D,7/23/2024 2:30:59 PM,1/28/2025 3:27:58 PM,,,2,,,,,,,
2591813,23-062992,2,False,0109,11/25/2023 6:47:00 PM,1847,31X,14,109,Oakland,1,True,True,D,BROADSIDE,,Saturday,,,,,False,False,False,,C,OTHER MOTOR VEHICLE,,0,0,CLEAR,,NO UNUSUAL CONDITIONS - NO UNUSUAL CONDITIONS,,C,DARK-STREET LIGHTS,,,,,,,A,NO PEDESTRIANS INVOLVED,,A,21801A,,1,EDES AV,2,,,A,E,10.0,CLARA ST,F,,D,7/23/2024 2:30:59 PM,1/28/2025 3:27:58 PM,,,2,,,,,,,
2591805,23-058598,2,False,0109,11/4/2023 5:40:00 AM,540,02X,14,109,Oakland,1,True,True,B,SIDE SWIPE,,Saturday,,,,,False,False,False,,C,OTHER MOTOR VEHICLE,,1,0,CLEAR,,NO UNUSUAL CONDITIONS - NO UNUSUAL CONDITIONS,,A,DAYLIGHT,,,,,,,A,NO PEDESTRIANS INVOLVED,,A,21453A,,1,6TH ST,1,,,A,,,MARKET ST,,,A,7/23/2024 2:30:58 PM,1/28/2025 3:27:58 PM,,,2,,,,,,,
2591797,23-062847,2,False,0109,11/27/2023 6:54:00 PM,1854,23X,14,109,Oakland,1,True,True,A,HEAD-ON,,Monday,,,,,False,False,False,,C,OTHER MOTOR VEHICLE,,3,0,CLEAR,,NO UNUSUAL CONDITIONS - NO UNUSUAL CONDITIONS,,C,DARK-STREET LIGHTS,,,,,,,A,NO PEDESTRIANS INVOLVED,,A,21801A,,1,SAN LEANDRO ST,2,,,A,,,HIGH ST,,,A,7/23/2024 2:30:57 PM,1/28/2025 3:27:58 PM,,,2,,,,,,,
2591794,23-059884,2,False,0109,11/11/2023 11:41:00 AM,1141,30X,14,109,Oakland,1,True,True,B,SIDE SWIPE,,Saturday,,,,,False,False,False,,C,OTHER MOTOR VEHICLE,,2,0,CLEAR,,NO UNUSUAL CONDITIONS - NO UNUSUAL CONDITIONS,,A,DAYLIGHT,,,,,,,A,NO PEDESTRIANS INVOLVED,,A,21655A,,1,INTERNATIONAL BL,2,,,A,W,20.0,73RD AV,F,,A,7/23/2024 2:30:57 PM,1/28/2025 3:27:58 PM,,,2,,,,,,,
2591782,23-061357,2,False,0109,11/12/2023 11:31:00 AM,1131,27X,14,109,Oakland,1,True,True,B,SIDE SWIPE,,Sunday,,,,,False,False,False,,C,OTHER MOTOR VEHICLE,,0,0,CLEAR,,NO UNUSUAL CONDITIONS - NO UNUSUAL CONDITIONS,,A,DAYLIGHT,,,,,,,A,NO PEDESTRIANS INVOLVED,,D,,,,55TH AV,2,,,B,,,INTERNATIONAL BL,,,A,7/23/2024 2:30:57 PM,1/28/2025 3:27:58 PM,,,2,,,,,,,
2591771,23-061344,2,False,0109,11/19/2023 11:15:00 AM,1115,32X,14,109,Oakland,1,True,True,C,REAR END,,Sunday,,,,,False,False,True,,C,OTHER MOTOR VEHICLE,,0,0,CLEAR,,NO UNUSUAL CONDITIONS - NO UNUSUAL CONDITIONS,,A,DAYLIGHT,,,,,,,A,NO PEDESTRIANS INVOLVED,,A,22107,,1,98TH AV,2,,,A,N,10.0,BIRCH ST,F,,D,7/23/2024 2:30:56 PM,1/28/2025 3:27:57 PM,,,2,,,,,,,
2591769,23-062463,2,False,0109,11/25/2023 8:48:00 PM,2048,34X,14,109,Oakland,1,True,True,A,HEAD-ON,,Saturday,,,,,False,False,False,,I,FIXED OBJECT,,0,0,CLEAR,,NO UNUSUAL CONDITIONS - NO UNUSUAL CONDITIONS,,C,DARK-STREET LIGHTS,,,,,,,A,NO PEDESTRIANS INVOLVED,,A,22107,,1,82ND AV,2,,,A,,,HILLSIDE ST,,,D,7/23/2024 2:30:56 PM,1/28/2025 3:27:57 PM,,,2,,,,,,,
2591740,23-038331,2,False,0109,7/25/2023 6:30:00 PM,1830,11X,14,109,Oakland,1,True,True,B,SIDE SWIPE,,Tuesday,,,M,,False,False,False,,G,BICYCLE,,1,0,CLEAR,,NO UNUSUAL CONDITIONS - NO UNUSUAL CONDITIONS,,C,DARK-STREET LIGHTS,,,,,,,A,NO PEDESTRIANS INVOLVED,,A,22107,,1,SHATTUCK AV,1,,,A,S,10.0,54TH ST,F,,D,7/23/2024 2:30:54 PM,1/28/2025 3:27:57 PM,,,2,,,,,,,
2591713,23-057069,2,False,0109,10/27/2023 9:50:00 AM,950,29X,14,109,Oakland,1,True,True,D,BROADSIDE,,Friday,,,,,False,False,False,,C,OTHER MOTOR VEHICLE,,0,0,CLEAR,,NO UNUSUAL CONDITIONS - NO UNUSUAL CONDITIONS,,A,DAYLIGHT,,,,,,,A,NO PEDESTRIANS INVOLVED,,A,21453,,,FOOTHILL BL,2,,,A,,,HAVENSCOURT BL,,,A,7/23/2024 2:30:53 PM,1/28/2025 3:27:56 PM,,,2,,,,,,,
2591712,23-052392,2,False,0109,10/3/2023 4:10:00 PM,1610,06X,14,109,Oakland,1,True,True,C,REAR END,,Tuesday,,,M,,False,False,False,,C,OTHER MOTOR VEHICLE,,0,0,CLEAR,,NO UNUSUAL CONDITIONS - NO UNUSUAL CONDITIONS,,A,DAYLIGHT,,,,,,,A,NO PEDESTRIANS INVOLVED,,A,22350,,1,WEST ST,1,,,A,S,35.0,W MACARTHUR BL,F,,A,7/23/2024 2:30:53 PM,1/28/2025 3:27:56 PM,,,2,,,,,,,
2591711,23-055928,2,False,0109,10/21/2023 5:35:00 PM,1735,20X,14,109,Oakland,1,True,True,C,REAR END,,Saturday,,,M,,False,False,False,,C,OTHER MOTOR VEHICLE,,0,0,CLEAR,,NO UNUSUAL CONDITIONS - NO UNUSUAL CONDITIONS,,A,DAYLIGHT,,,,,,,A,NO PEDESTRIANS INVOLVED,,A,22350,,1,INTERNATIONAL BL,1,,,A,N,25.0,18TH AV,F,,A,7/23/2024 2:30:53 PM,1/28/2025 3:27:56 PM,,,2,,,,,,,
2591710,23-053788,2,False,0109,10/11/2023 1:03:00 AM,103,35X,14,109,Oakland,1,True,True,B,SIDE SWIPE,,Wednesday,,,M,,False,False,True,,E,PARKED MOTOR VEHICLE,,0,0,CLEAR,,NO UNUSUAL CONDITIONS - NO UNUSUAL CONDITIONS,,C,DARK-STREET LIGHTS,,,,,,,A,NO PEDESTRIANS INVOLVED,,A,22107,,1,98TH AV,2,,,A,N,50.0,SPRINGFIELD ST,F,,D,7/23/2024 2:30:53 PM,1/28/2025 3:27:56 PM,,,2,,,,,,,
2591709,23-052153,2,False,0109,10/2/2023 12:50:00 PM,1250,22X,14,109,Oakland,1,True,True,A,HEAD-ON,,Monday,,,M,,False,False,False,,C,OTHER MOTOR VEHICLE,,0,0,CLEAR,,NO UNUSUAL CONDITIONS - NO UNUSUAL CONDITIONS,,A,DAYLIGHT,,,,,,,A,NO PEDESTRIANS INVOLVED,,A,21453A,,1,FRUITVALE AV,2,,,A,,,HAROLD ST,,,A,7/23/2024 2:30:53 PM,1/28/2025 3:27:56 PM,,,2,,,,,,,
2591705,23-052602,2,False,0109,10/4/2023 1:46:00 PM,1346,34X,14,109,Oakland,1,True,True,A,HEAD-ON,,Wednesday,,,,,False,False,False,,C,OTHER MOTOR VEHICLE,,0,0,,,NO UNUSUAL CONDITIONS - NO UNUSUAL CONDITIONS,,A,DAYLIGHT,,,,,,,A,NO PEDESTRIANS INVOLVED,,A,21453A,,1,94TH AV,2,,,A,,,INTERNATIONAL BL,,,A,7/23/2024 2:30:52 PM,1/28/2025 3:27:56 PM,,,2,,,,,,,
2591704,23-052985,2,False,0109,10/6/2023 4:45:00 PM,1645,03X,14,109,Oakland,1,True,True,D,BROADSIDE,,Friday,,,,,False,False,False,,C,OTHER MOTOR VEHICLE,,0,0,CLEAR,,NO UNUSUAL CONDITIONS - NO UNUSUAL CONDITIONS,,A,DAYLIGHT,,,,,,,A,NO PEDESTRIANS INVOLVED,,A,21453A,,1,14TH ST,1,,,A,,,LAKESIDE DR,,,A,7/23/2024 2:30:52 PM,1/28/2025 3:27:56 PM,,,2,,,,,,,
2591703,23-052754,2,False,0109,10/5/2023 11:49:00 AM,1149,19X,14,109,Oakland,1,True,True,D,BROADSIDE,,Thursday,,,M,,False,False,False,,C,OTHER MOTOR VEHICLE,,0,0,CLEAR,,NO UNUSUAL CONDITIONS - NO UNUSUAL CONDITIONS,,A,DAYLIGHT,,,,,,,A,NO PEDESTRIANS INVOLVED,,A,22350,,1,3RD AV,1,,,A,,,INTERNATIONAL BL,,,D,7/23/2024 2:30:52 PM,1/28/2025 3:27:56 PM,,,2,,,,,,,
2591701,23-054775,2,False,0109,10/15/2023 10:09:00 PM,2209,32Y,14,109,Oakland,1,True,True,D,BROADSIDE,,Sunday,,,M,,False,False,False,,C,OTHER MOTOR VEHICLE,,0,0,CLEAR,,NO UNUSUAL CONDITIONS - NO UNUSUAL CONDITIONS,,C,DARK-STREET LIGHTS,,,,,,,A,NO PEDESTRIANS INVOLVED,,A,22350,,1,104TH AV,2,,,A,N,200.0,SUNNYSIDE,F,,A,7/23/2024 2:30:52 PM,1/28/2025 3:27:56 PM,,,2,,,,,,,
2591699,23-053079,2,False,0109,10/7/2023 3:57:00 AM,357,31X,14,109,Oakland,1,True,True,C,REAR END,,Saturday,,,M,,False,False,False,,C,OTHER MOTOR VEHICLE,,0,0,CLEAR,,NO UNUSUAL CONDITIONS - NO UNUSUAL CONDITIONS,,C,DARK-STREET LIGHTS,,,,,,,A,NO PEDESTRIANS INVOLVED,,A,22350,,1,AIRPORT ACCESS RD,2,,,A,E,50.0,HEGENBERGER RD,F,,D,7/23/2024 2:30:52 PM,1/28/2025 3:27:56 PM,,,2,,,,,,,
2591684,23-066264,2,False,0109,12/16/2023 2:43:00 PM,1443,34X,14,109,Oakland,1,True,True,C,REAR END,,Saturday,,,,,False,False,False,,C,OTHER MOTOR VEHICLE,,0,0,CLEAR,,NO UNUSUAL CONDITIONS - NO UNUSUAL CONDITIONS,,A,DAYLIGHT,,,,,,,A,NO PEDESTRIANS INVOLVED,,A,22350,,1,BANCROFT AV,2,,,A,,,90TH AV,,,A,7/23/2024 2:30:51 PM,1/28/2025 3:27:55 PM,,,2,,,,,,,
2591679,23-066342,2,False,0109,12/17/2023 12:08:00 AM,8,06X,14,109,Oakland,1,True,True,B,SIDE SWIPE,,Sunday,,,M,,False,False,True,,E,PARKED MOTOR VEHICLE,,0,0,CLEAR,,NO UNUSUAL CONDITIONS - NO UNUSUAL CONDITIONS,,D,DARK-NO STREET LIGHTS,,,,,,,A,NO PEDESTRIANS INVOLVED,,A,22107,,1,MARTIN LUTHER KING JR WY,1,,,A,N,100.0,35TH ST,F,,D,7/23/2024 2:30:51 PM,1/28/2025 3:27:55 PM,,,2,,,,,,,
2591678,23-066381,2,False,0109,12/17/2023 10:40:00 AM,1040,33X,14,109,Oakland,1,True,True,B,SIDE SWIPE,,Sunday,,,M,,False,False,False,,E,PARKED MOTOR VEHICLE,,0,0,CLEAR,,NO UNUSUAL CONDITIONS - NO UNUSUAL CONDITIONS,,C,DARK-STREET LIGHTS,,,,,,,A,NO PEDESTRIANS INVOLVED,,A,22107,,1,G ST,2,,,A,E,10.0,85TH AV,F,,A,7/23/2024 2:30:51 PM,1/28/2025 3:27:55 PM,,,2,,,,,,,
2591677,23-066617,2,False,0109,12/18/2023 3:52:00 PM,1552,29X,14,109,Oakland,1,True,True,H,OTHER,,Monday,,,M,,False,False,False,,I,FIXED OBJECT,,0,0,RAINING,,NO UNUSUAL CONDITIONS - NO UNUSUAL CONDITIONS,,A,DAYLIGHT,,,,,,,A,NO PEDESTRIANS INVOLVED,,A,22350,,1,FOOTHILL BL,2,,,B,E,40.0,HIGH ST,F,,D,7/23/2024 2:30:51 PM,1/28/2025 3:27:55 PM,,,2,,,,,,,
2591676,23-067543,2,False,0109,12/23/2023 10:00:00 AM,1000,34X,14,109,Oakland,1,True,True,A,HEAD-ON,,Saturday,,,M,,False,False,True,,I,FIXED OBJECT,,0,0,CLEAR,,NO UNUSUAL CONDITIONS - NO UNUSUAL CONDITIONS,,A,DAYLIGHT,,,,,,,A,NO PEDESTRIANS INVOLVED,,A,22107,,1,HOLLY ST,2,,,A,W,125.0,90TH AV,F,,D,7/23/2024 2:30:51 PM,1/28/2025 3:27:55 PM,,,2,,,,,,,
2591675,23-068010,2,False,0109,12/26/2023 2:29:00 PM,1429,13X,14,109,Oakland,1,True,True,H,OTHER,,Tuesday,,,,,False,False,True,,I,FIXED OBJECT,,0,0,CLEAR,,NO UNUSUAL CONDITIONS - NO UNUSUAL CONDITIONS,,A,DAYLIGHT,,,,,,,A,NO PEDESTRIANS INVOLVED,,A,22350,,1,BROADWAY TER,1,,,A,S,200.0,MONROE AV,F,,D,7/23/2024 2:30:51 PM,1/28/2025 3:27:55 PM,,,2,,,,,,,
2591674,23-068298,2,False,0109,12/28/2023 7:18:00 AM,718,33X,14,109,Oakland,1,True,True,D,BROADSIDE,,Thursday,,,,,False,False,False,,C,OTHER MOTOR VEHICLE,,0,0,CLEAR,CLOUDY,NO UNUSUAL CONDITIONS - NO UNUSUAL CONDITIONS,,,,,,,,,,,,,A,22106,,2,92ND AV,2,,,B,N,20.0,SAN LEANDRO ST,F,,A,7/23/2024 2:30:51 PM,1/28/2025 3:27:55 PM,,,2,,,,,,,
2591673,23-066310,2,False,0109,12/16/2023 8:42:00 PM,2042,27X,14,109,Oakland,1,True,True,B,SIDE SWIPE,,Saturday,,,,,False,False,False,,E,PARKED MOTOR VEHICLE,,0,0,CLEAR,,NO UNUSUAL CONDITIONS - NO UNUSUAL CONDITIONS,,C,DARK-STREET LIGHTS,,,,,,,A,NO PEDESTRIANS INVOLVED,,A,22107,,1,FOOTHILL BL,2,,,A,,,54TH AV,,,A,7/23/2024 2:30:51 PM,1/28/2025 3:27:55 PM,,,2,,,,,,,
2591672,23-068785,2,False,0109,12/31/2023 2:00:00 AM,200,09X,14,109,Oakland,1,True,True,C,REAR END,,Sunday,,,,,False,False,True,,E,PARKED MOTOR VEHICLE,,0,0,CLEAR,,NO UNUSUAL CONDITIONS - NO UNUSUAL CONDITIONS,,C,DARK-STREET LIGHTS,,,,,,,A,NO PEDESTRIANS INVOLVED,,A,23152A,,1,PIEDMONT AV,1,,,A,S,13.0,RIDGEWAY AV,F,,D,7/23/2024 2:30:51 PM,1/28/2025 3:27:55 PM,,,2,,,,,,,
2591670,23-066143,2,False,0109,12/15/2023 6:01:00 PM,1801,30X,14,109,Oakland,1,True,True,B,SIDE SWIPE,,Friday,,,M,,False,False,False,,C,OTHER MOTOR VEHICLE,,0,0,CLEAR,,NO UNUSUAL CONDITIONS - NO UNUSUAL CONDITIONS,,C,DARK-STREET LIGHTS,,,,,,,A,NO PEDESTRIANS INVOLVED,,A,22107,,1,82ND AV,2,,,A,,,PLYMOUTH ST,,,A,7/23/2024 2:30:50 PM,1/28/2025 3:27:55 PM,,,2,,,,,,,
2591669,23-067437,2,False,0109,12/22/2023 7:52:00 PM,1952,26X,14,109,Oakland,1,True,True,E,HIT OBJECT,,Friday,,,M,,False,False,False,,I,FIXED OBJECT,,0,0,CLEAR,,NO UNUSUAL CONDITIONS - NO UNUSUAL CONDITIONS,,C,DARK-STREET LIGHTS,,,,,,,A,NO PEDESTRIANS INVOLVED,,A,22107,,1,OAKPORT ST,2,,,A,,,OAKPORT ST 4701,,,A,7/23/2024 2:30:50 PM,1/28/2025 3:27:55 PM,,,2,,,,,,,
2591668,23-066687,2,False,0109,12/18/2023 11:46:00 PM,2346,07X,14,109,Oakland,1,True,True,D,BROADSIDE,,Monday,,,,,False,False,False,,C,OTHER MOTOR VEHICLE,,0,0,RAINING,,NO UNUSUAL CONDITIONS - NO UNUSUAL CONDITIONS,,C,DARK-STREET LIGHTS,,,,,,,A,NO PEDESTRIANS INVOLVED,,A,22450A,,1,32ND ST,1,,,B,N,50.0,SAN PABLO AV,F,,C,7/23/2024 2:30:50 PM,1/28/2025 3:27:55 PM,,,2,,,,,,,
2591667,23-067501,2,False,0109,12/23/2023 9:00:00 AM,900,32X,14,109,Oakland,1,True,True,A,HEAD-ON,,Saturday,,,M,,False,False,False,,C,OTHER MOTOR VEHICLE,,0,0,CLEAR,,NO UNUSUAL CONDITIONS - NO UNUSUAL CONDITIONS,,B,DUSK-DAWN,,,,,,,A,NO PEDESTRIANS INVOLVED,,A,22107,,1,101ST AV,2,,,A,N,100.0,BIRCH ST,F,,D,7/23/2024 2:30:50 PM,1/28/2025 3:27:55 PM,,,2,,,,,,,
2591641,23-066320,2,False,0109,12/16/2023 9:42:00 PM,2142,35X,14,109,Oakland,1,True,True,C,REAR END,,Saturday,,,,,False,False,False,,C,OTHER MOTOR VEHICLE,,4,0,CLEAR,,NO UNUSUAL CONDITIONS - NO UNUSUAL CONDITIONS,,C,DARK-STREET LIGHTS,,,,,,,A,NO PEDESTRIANS INVOLVED,,A,22350,,1,98TH AV,2,,,A,N,200.0,BANCROFT AV,F,,A,7/23/2024 2:30:49 PM,1/28/2025 3:27:54 PM,,,2,,,,,,,
2591632,23-066268,2,False,0109,12/16/2023 2:05:00 PM,1405,06X,14,109,Oakland,1,True,True,B,SIDE SWIPE,,Saturday,,,,,False,False,False,,E,PARKED MOTOR VEHICLE,,1,0,CLEAR,,NO UNUSUAL CONDITIONS - NO UNUSUAL CONDITIONS,,A,DAYLIGHT,,,,,,,A,NO PEDESTRIANS INVOLVED,,A,22107,,1,35TH AV,1,,,A,E,30.0,SAN PABLO AV,F,,D,7/23/2024 2:30:48 PM,1/28/2025 3:27:54 PM,,,2,,,,,,,
2591631,23-066853,2,False,0109,12/18/2023 4:30:00 PM,1630,02X,14,109,Oakland,1,True,True,G,VEHICLE/PEDESTRAIN,,Monday,,,,,False,False,False,,B,PEDESTRIAN,,1,0,CLOUDY,RAINING,,,B,DUSK-DAWN,,,,,,,B,CROSSING IN CROSS WALK AT INTERSECTION,,D,,,,OAK ST,1,,,B,N,10.0,W EMBARCADERO,F,,D,7/23/2024 2:30:48 PM,1/28/2025 3:27:54 PM,,,2,,,,,,,
2591630,23-063666,2,False,0109,12/2/2023 12:45:00 AM,45,34X,14,109,Oakland,1,True,True,D,BROADSIDE,,Saturday,,,M,,False,False,True,,C,OTHER MOTOR VEHICLE,,2,0,RAINING,,NO UNUSUAL CONDITIONS - NO UNUSUAL CONDITIONS,,C,DARK-STREET LIGHTS,,,,,,,A,NO PEDESTRIANS INVOLVED,,A,21453A,,1,90TH AV,2,,,B,,,BANCROFT AV,,,A,7/23/2024 2:30:48 PM,1/28/2025 3:27:54 PM,,,2,,,,,,,
2591629,23-065154,2,False,0109,12/10/2023 12:15:00 PM,1215,23X,14,109,Oakland,1,True,True,G,VEHICLE/PEDESTRAIN,,Sunday,,,,,False,False,False,,B,PEDESTRIAN,,1,0,CLEAR,,NO UNUSUAL CONDITIONS - NO UNUSUAL CONDITIONS,,A,DAYLIGHT,,,,,,,D,CROSSING - NOT IN CROSSWALK,,A,21954A,,1,FRUITVALE AV,2,,,A,,,E 18TH ST,,,A,7/23/2024 2:30:48 PM,1/28/2025 3:27:54 PM,,,2,,,,,,,
2591628,23-068186,2,False,0109,12/27/2023 2:46:00 PM,1446,27X,14,109,Oakland,1,True,True,C,REAR END,,Wednesday,,,,,False,False,False,,C,OTHER MOTOR VEHICLE,,1,0,RAINING,,NO UNUSUAL CONDITIONS - NO UNUSUAL CONDITIONS,,A,DAYLIGHT,,,,,,,A,NO PEDESTRIANS INVOLVED,,A,22107,,,HARMON AV,2,,,B,,,62ND AV,,,A,7/23/2024 2:30:48 PM,1/28/2025 3:27:54 PM,,,2,,,,,,,
2591627,23-066161,2,False,0109,12/15/2023 9:37:00 PM,2137,20X,14,109,Oakland,1,True,True,D,BROADSIDE,,Friday,,,,,False,False,False,,F,TRAIN,,1,0,CLEAR,,NO UNUSUAL CONDITIONS - NO UNUSUAL CONDITIONS,,C,DARK-STREET LIGHTS,,,,,,,A,NO PEDESTRIANS INVOLVED,,A,22451A,,1,29TH AV,2,,,A,S,150.0,E 12TH ST,F,,A,7/23/2024 2:30:48 PM,1/28/2025 3:27:54 PM,,,2,,,,,,,
2591578,23-066292,2,False,0109,12/16/2023 3:26:00 PM,1526,10X,14,109,Oakland,1,True,True,A,HEAD-ON,,Saturday,,,,,False,False,False,,C,OTHER MOTOR VEHICLE,,3,0,CLEAR,,,,A,DAYLIGHT,,,,,,,A,NO PEDESTRIANS INVOLVED,,A,22107,,1,ADELINE ST,1,,,A,,,56TH ST,,,D,7/23/2024 2:30:45 PM,1/28/2025 3:27:53 PM,,,2,,,,,,,
2591577,23-065753,2,False,0109,12/13/2023 9:06:00 AM,906,23X,14,109,Oakland,1,True,True,G,VEHICLE/PEDESTRAIN,,Wednesday,,,,,False,False,False,,B,PEDESTRIAN,,1,0,CLEAR,,NO UNUSUAL CONDITIONS - NO UNUSUAL CONDITIONS,,A,DAYLIGHT,,,,,,,B,CROSSING IN CROSS WALK AT INTERSECTION,,A,21950A,,1,42ND AV,2,,,A,,,FOOTHILL BL,,,A,7/23/2024 2:30:45 PM,1/28/2025 3:27:53 PM,,,2,,,,,,,
2591575,23-064896,2,False,0109,12/8/2023 9:06:00 PM,2106,12X,14,109,Oakland,1,True,True,E,HIT OBJECT,,Friday,,,M,,False,False,False,,I,FIXED OBJECT,,1,0,CLEAR,,NO UNUSUAL CONDITIONS - NO UNUSUAL CONDITIONS,,C,DARK-STREET LIGHTS,,,,,,,A,NO PEDESTRIANS INVOLVED,,A,22107,,1,BROADWAY,1,,,A,N,95.0,GARNET ST,F,,A,7/23/2024 2:30:44 PM,1/28/2025 3:27:53 PM,,,2,,,,,,,
2591574,23-065635,2,False,0109,12/12/2023 12:45:00 PM,1245,12X,14,109,Oakland,1,True,True,D,BROADSIDE,,Tuesday,,,,,False,False,False,,C,OTHER MOTOR VEHICLE,,1,0,CLEAR,,NO UNUSUAL CONDITIONS - NO UNUSUAL CONDITIONS,,A,DAYLIGHT,,,,,,,A,NO PEDESTRIANS INVOLVED,,A,22107,,1,BROADWAY,1,,,A,S,200.0,MATHER ST,F,,A,7/23/2024 2:30:44 PM,1/28/2025 3:27:53 PM,,,2,,,,,,,
2591573,23-065027,2,False,0109,12/9/2023 5:35:00 PM,1735,03X,14,109,Oakland,1,True,True,G,VEHICLE/PEDESTRAIN,,Saturday,,,,,False,False,False,,B,PEDESTRIAN,,1,0,CLEAR,,NO UNUSUAL CONDITIONS - NO UNUSUAL CONDITIONS,,B,DUSK-DAWN,,,,,,,B,CROSSING IN CROSS WALK AT INTERSECTION,,A,21950A,,1,6TH ST,1,,,A,,,OAK ST,,,A,7/23/2024 2:30:44 PM,1/28/2025 3:27:53 PM,,,2,,,,,,,
2591572,23-065220,2,False,0109,12/10/2023 9:34:00 PM,2134,03X,14,109,Oakland,1,True,True,D,BROADSIDE,,Sunday,,,,,False,False,False,,C,OTHER MOTOR VEHICLE,,1,0,CLEAR,,NO UNUSUAL CONDITIONS - NO UNUSUAL CONDITIONS,,C,DARK-STREET LIGHTS,,,,,,,A,NO PEDESTRIANS INVOLVED,,A,21453A,,,14TH ST,1,,,A,,,FRANKLIN ST,,,A,7/23/2024 2:30:44 PM,1/28/2025 3:27:53 PM,,,2,,,,,,,
2591567,23-064493,2,False,0109,12/7/2023 11:20:00 AM,1120,07X,14,109,Oakland,1,True,True,E,HIT OBJECT,,Thursday,,,,,False,False,False,,I,FIXED OBJECT,,0,0,CLEAR,,NO UNUSUAL CONDITIONS - NO UNUSUAL CONDITIONS,,A,DAYLIGHT,,,,,,,A,NO PEDESTRIANS INVOLVED,,A,21663,,1,MARKET ST,1,,,A,S,20.0,MILTON ST,F,,A,7/23/2024 2:30:44 PM,1/28/2025 3:27:53 PM,,,2,,,,,,,
2591566,23-067106,2,False,0109,12/21/2023 12:43:00 AM,43,13Z,14,109,Oakland,1,True,True,F,OVERTURNED,,Thursday,,,,,False,False,True,,I,FIXED OBJECT,,0,0,CLOUDY,,NO UNUSUAL CONDITIONS - NO UNUSUAL CONDITIONS,,C,DARK-STREET LIGHTS,,,,,,,A,NO PEDESTRIANS INVOLVED,,A,22350,,1,MOUNTAIN BL,1,,,B,,,ASCOT DR,,,D,7/23/2024 2:30:44 PM,1/28/2025 3:27:53 PM,,,2,,,,,,,
2591565,23-064322,2,False,0109,12/5/2023 5:47:00 PM,1747,29X,14,109,Oakland,1,True,True,C,REAR END,,Tuesday,,,,,False,False,False,,C,OTHER MOTOR VEHICLE,,0,0,CLEAR,,NO UNUSUAL CONDITIONS - NO UNUSUAL CONDITIONS,,C,DARK-STREET LIGHTS,,,,,,,A,NO PEDESTRIANS INVOLVED,,A,22350,,1,SEMINARY AV,2,,,A,N,250.0,LAIRD AV,F,,A,7/23/2024 2:30:44 PM,1/28/2025 3:27:52 PM,,,2,,,,,,,
2591563,23-065059,2,False,0109,12/9/2023 4:36:00 AM,436,27Y,14,109,Oakland,1,True,True,A,HEAD-ON,,Saturday,,,F,,False,False,False,,E,PARKED MOTOR VEHICLE,,0,0,CLEAR,,,,C,DARK-STREET LIGHTS,,,,,,,A,NO PEDESTRIANS INVOLVED,,A,22350,,1,FORTUNE WY,2,,,A,,,62ND AV,,,D,7/23/2024 2:30:44 PM,1/28/2025 3:27:52 PM,,,2,,,,,,,
2591561,23-065110,2,False,0109,12/10/2023 8:53:00 AM,853,26X,14,109,Oakland,1,True,True,D,BROADSIDE,,Sunday,,,,,False,False,False,,C,OTHER MOTOR VEHICLE,,0,0,CLEAR,,NO UNUSUAL CONDITIONS - NO UNUSUAL CONDITIONS,,A,DAYLIGHT,,,,,,,A,NO PEDESTRIANS INVOLVED,,A,21453A,,,INTERNATIONAL BL,2,,,A,,,78TH AV,,,A,7/23/2024 2:30:44 PM,1/28/2025 3:27:52 PM,,,2,,,,,,,